ISO-10303-21;
HEADER;
/*Generated by software containing ST-Developer
 * from STEP Tools, Inc. (www.steptools.com) 
 */
/*OPTION: using custom renumber hook */
/*description */
/*implementation_level */
FILE_DESCRIPTION(('STEP AP242 Edition 2','STEP AP242 Edition 2''CAx-IF Rec.Pracs.---Representation and Presentation of Product Manufa
cturing Information (PMI)---4.0---2014-10-13','STEP AP242 Edition 2''CAx-IF Rec.Pracs.---Representation and Presentation of Product Manufa
cturing Information (PMI)---4.0---2014-10-13''CAx-IF Rec.Pracs.---3D Tessellated Geometry---0.4---2014-09-14','STEP AP242 Edition 2''CAx-IF Rec.Pracs.---Representation and Presentation of Product Manufa
cturing Information (PMI)---4.0---2014-10-13''CAx-IF Rec.Pracs.---3D Tessellated Geometry---0.4---2014-09-14''2;1','STEP AP242 Edition 2''CAx-IF Rec.Pracs.---Representation and Presentation of Product Manufa
cturing Information (PMI)---4.0---2014-10-13''CAx-IF Rec.Pracs.---3D Tessellated Geometry---0.4---2014-09-14''2;1''CAx-IF Rec.Pracs.---User Defined Attributes---1.5---2016-08-15'),'2;1');
/*name */
/*time_stamp */
/*author */
/*organization */
/*preprocessor_version */
/*originating_system */
/*authorisation */
FILE_NAME('/vol/tmp/translate-13549952765583962345/Part Studio 3.step','2026-09-29T15:31:21',(''),(''),'ST-DEVELOPER v20','ONSHAPE BY PTC INC, 1.221','  ');
FILE_SCHEMA(('AP242_MANAGED_MODEL_BASED_3D_ENGINEERING_MIM_LF { 1 0 10303 442 3 1 4 }'));
ENDSEC;
DATA;
#10=SHAPE_REPRESENTATION_RELATIONSHIP('','',#1591,#17);
#11=SHAPE_REPRESENTATION_RELATIONSHIP('','',#1592,#18);
#12=SHAPE_REPRESENTATION_RELATIONSHIP('','',#1593,#19);
#13=SHAPE_REPRESENTATION_RELATIONSHIP('','',#1594,#20);
#14=SHAPE_REPRESENTATION_RELATIONSHIP('','',#1595,#21);
#15=SHAPE_REPRESENTATION_RELATIONSHIP('','',#1596,#22);
#16=SHAPE_REPRESENTATION_RELATIONSHIP('','',#1597,#23);
#17=ADVANCED_BREP_SHAPE_REPRESENTATION('',(#1577),#2537);
#18=ADVANCED_BREP_SHAPE_REPRESENTATION('',(#1578),#2538);
#19=ADVANCED_BREP_SHAPE_REPRESENTATION('',(#1579),#2539);
#20=ADVANCED_BREP_SHAPE_REPRESENTATION('',(#1580),#2540);
#21=ADVANCED_BREP_SHAPE_REPRESENTATION('',(#1581),#2541);
#22=ADVANCED_BREP_SHAPE_REPRESENTATION('',(#1582),#2542);
#23=ADVANCED_BREP_SHAPE_REPRESENTATION('',(#1583),#2543);
#24=CIRCLE('',#1603,0.0023);
#25=CIRCLE('',#1604,0.0023);
#26=CIRCLE('',#1613,0.002);
#27=CIRCLE('',#1614,0.002);
#28=CIRCLE('',#1617,0.004);
#29=CIRCLE('',#1618,0.004);
#30=CIRCLE('',#1621,0.004);
#31=CIRCLE('',#1622,0.004);
#32=CIRCLE('',#1624,0.002);
#33=CIRCLE('',#1625,0.002);
#34=CIRCLE('',#1627,0.004);
#35=CIRCLE('',#1628,0.004);
#36=CIRCLE('',#1631,0.004);
#37=CIRCLE('',#1632,0.004);
#38=CIRCLE('',#1650,0.002);
#39=CIRCLE('',#1651,0.002);
#40=CIRCLE('',#1653,0.002);
#41=CIRCLE('',#1654,0.002);
#42=CIRCLE('',#1663,0.0023);
#43=CIRCLE('',#1664,0.0023);
#44=CIRCLE('',#1674,0.0023);
#45=CIRCLE('',#1675,0.0023);
#46=CIRCLE('',#1684,0.0023);
#47=CIRCLE('',#1685,0.0023);
#48=CYLINDRICAL_SURFACE('',#1602,0.0023);
#49=CYLINDRICAL_SURFACE('',#1616,0.004);
#50=CYLINDRICAL_SURFACE('',#1620,0.004);
#51=CYLINDRICAL_SURFACE('',#1626,0.004);
#52=CYLINDRICAL_SURFACE('',#1630,0.004);
#53=CYLINDRICAL_SURFACE('',#1634,0.002);
#54=CYLINDRICAL_SURFACE('',#1635,0.002);
#55=CYLINDRICAL_SURFACE('',#1649,0.002);
#56=CYLINDRICAL_SURFACE('',#1652,0.002);
#57=CYLINDRICAL_SURFACE('',#1662,0.0023);
#58=CYLINDRICAL_SURFACE('',#1673,0.0023);
#59=CYLINDRICAL_SURFACE('',#1683,0.0023);
#60=ORIENTED_EDGE('',*,*,#452,.F.);
#61=ORIENTED_EDGE('',*,*,#453,.F.);
#62=ORIENTED_EDGE('',*,*,#454,.T.);
#63=ORIENTED_EDGE('',*,*,#455,.T.);
#64=ORIENTED_EDGE('',*,*,#456,.T.);
#65=ORIENTED_EDGE('',*,*,#457,.F.);
#66=ORIENTED_EDGE('',*,*,#458,.F.);
#67=ORIENTED_EDGE('',*,*,#453,.T.);
#68=ORIENTED_EDGE('',*,*,#459,.T.);
#69=ORIENTED_EDGE('',*,*,#460,.F.);
#70=ORIENTED_EDGE('',*,*,#461,.F.);
#71=ORIENTED_EDGE('',*,*,#457,.T.);
#72=ORIENTED_EDGE('',*,*,#462,.T.);
#73=ORIENTED_EDGE('',*,*,#463,.F.);
#74=ORIENTED_EDGE('',*,*,#464,.F.);
#75=ORIENTED_EDGE('',*,*,#455,.F.);
#76=ORIENTED_EDGE('',*,*,#465,.T.);
#77=ORIENTED_EDGE('',*,*,#460,.T.);
#78=ORIENTED_EDGE('',*,*,#462,.F.);
#79=ORIENTED_EDGE('',*,*,#454,.F.);
#80=ORIENTED_EDGE('',*,*,#458,.T.);
#81=ORIENTED_EDGE('',*,*,#461,.T.);
#82=ORIENTED_EDGE('',*,*,#465,.F.);
#83=ORIENTED_EDGE('',*,*,#463,.T.);
#84=ORIENTED_EDGE('',*,*,#452,.T.);
#85=ORIENTED_EDGE('',*,*,#464,.T.);
#86=ORIENTED_EDGE('',*,*,#459,.F.);
#87=ORIENTED_EDGE('',*,*,#456,.F.);
#88=ORIENTED_EDGE('',*,*,#466,.T.);
#89=ORIENTED_EDGE('',*,*,#467,.F.);
#90=ORIENTED_EDGE('',*,*,#468,.F.);
#91=ORIENTED_EDGE('',*,*,#469,.T.);
#92=ORIENTED_EDGE('',*,*,#470,.T.);
#93=ORIENTED_EDGE('',*,*,#471,.F.);
#94=ORIENTED_EDGE('',*,*,#469,.F.);
#95=ORIENTED_EDGE('',*,*,#472,.T.);
#96=ORIENTED_EDGE('',*,*,#473,.T.);
#97=ORIENTED_EDGE('',*,*,#474,.F.);
#98=ORIENTED_EDGE('',*,*,#470,.F.);
#99=ORIENTED_EDGE('',*,*,#475,.T.);
#100=ORIENTED_EDGE('',*,*,#476,.F.);
#101=ORIENTED_EDGE('',*,*,#477,.T.);
#102=ORIENTED_EDGE('',*,*,#478,.T.);
#103=ORIENTED_EDGE('',*,*,#479,.F.);
#104=ORIENTED_EDGE('',*,*,#480,.T.);
#105=ORIENTED_EDGE('',*,*,#481,.T.);
#106=ORIENTED_EDGE('',*,*,#482,.T.);
#107=ORIENTED_EDGE('',*,*,#473,.F.);
#108=ORIENTED_EDGE('',*,*,#483,.F.);
#109=ORIENTED_EDGE('',*,*,#467,.T.);
#110=ORIENTED_EDGE('',*,*,#484,.T.);
#111=ORIENTED_EDGE('',*,*,#485,.T.);
#112=ORIENTED_EDGE('',*,*,#486,.F.);
#113=ORIENTED_EDGE('',*,*,#487,.F.);
#114=ORIENTED_EDGE('',*,*,#488,.F.);
#115=ORIENTED_EDGE('',*,*,#484,.F.);
#116=ORIENTED_EDGE('',*,*,#489,.T.);
#117=ORIENTED_EDGE('',*,*,#490,.T.);
#118=ORIENTED_EDGE('',*,*,#491,.F.);
#119=ORIENTED_EDGE('',*,*,#490,.F.);
#120=ORIENTED_EDGE('',*,*,#492,.T.);
#121=ORIENTED_EDGE('',*,*,#493,.T.);
#122=ORIENTED_EDGE('',*,*,#494,.F.);
#123=ORIENTED_EDGE('',*,*,#493,.F.);
#124=ORIENTED_EDGE('',*,*,#495,.T.);
#125=ORIENTED_EDGE('',*,*,#496,.T.);
#126=ORIENTED_EDGE('',*,*,#497,.F.);
#127=ORIENTED_EDGE('',*,*,#496,.F.);
#128=ORIENTED_EDGE('',*,*,#498,.T.);
#129=ORIENTED_EDGE('',*,*,#499,.T.);
#130=ORIENTED_EDGE('',*,*,#500,.F.);
#131=ORIENTED_EDGE('',*,*,#501,.T.);
#132=ORIENTED_EDGE('',*,*,#502,.T.);
#133=ORIENTED_EDGE('',*,*,#503,.F.);
#134=ORIENTED_EDGE('',*,*,#504,.F.);
#135=ORIENTED_EDGE('',*,*,#505,.F.);
#136=ORIENTED_EDGE('',*,*,#506,.F.);
#137=ORIENTED_EDGE('',*,*,#499,.F.);
#138=ORIENTED_EDGE('',*,*,#507,.T.);
#139=ORIENTED_EDGE('',*,*,#508,.T.);
#140=ORIENTED_EDGE('',*,*,#509,.T.);
#141=ORIENTED_EDGE('',*,*,#510,.T.);
#142=ORIENTED_EDGE('',*,*,#508,.F.);
#143=ORIENTED_EDGE('',*,*,#511,.F.);
#144=ORIENTED_EDGE('',*,*,#512,.F.);
#145=ORIENTED_EDGE('',*,*,#509,.F.);
#146=ORIENTED_EDGE('',*,*,#513,.T.);
#147=ORIENTED_EDGE('',*,*,#486,.T.);
#148=ORIENTED_EDGE('',*,*,#468,.T.);
#149=ORIENTED_EDGE('',*,*,#483,.T.);
#150=ORIENTED_EDGE('',*,*,#475,.F.);
#151=ORIENTED_EDGE('',*,*,#472,.F.);
#152=ORIENTED_EDGE('',*,*,#487,.T.);
#153=ORIENTED_EDGE('',*,*,#513,.F.);
#154=ORIENTED_EDGE('',*,*,#511,.T.);
#155=ORIENTED_EDGE('',*,*,#507,.F.);
#156=ORIENTED_EDGE('',*,*,#498,.F.);
#157=ORIENTED_EDGE('',*,*,#495,.F.);
#158=ORIENTED_EDGE('',*,*,#492,.F.);
#159=ORIENTED_EDGE('',*,*,#489,.F.);
#160=ORIENTED_EDGE('',*,*,#505,.T.);
#161=ORIENTED_EDGE('',*,*,#481,.F.);
#162=ORIENTED_EDGE('',*,*,#504,.T.);
#163=ORIENTED_EDGE('',*,*,#480,.F.);
#164=ORIENTED_EDGE('',*,*,#500,.T.);
#165=ORIENTED_EDGE('',*,*,#514,.F.);
#166=ORIENTED_EDGE('',*,*,#477,.F.);
#167=ORIENTED_EDGE('',*,*,#515,.T.);
#168=ORIENTED_EDGE('',*,*,#503,.T.);
#169=ORIENTED_EDGE('',*,*,#516,.F.);
#170=ORIENTED_EDGE('',*,*,#478,.F.);
#171=ORIENTED_EDGE('',*,*,#514,.T.);
#172=ORIENTED_EDGE('',*,*,#517,.F.);
#173=ORIENTED_EDGE('',*,*,#479,.T.);
#174=ORIENTED_EDGE('',*,*,#516,.T.);
#175=ORIENTED_EDGE('',*,*,#502,.F.);
#176=ORIENTED_EDGE('',*,*,#515,.F.);
#177=ORIENTED_EDGE('',*,*,#476,.T.);
#178=ORIENTED_EDGE('',*,*,#517,.T.);
#179=ORIENTED_EDGE('',*,*,#501,.F.);
#180=ORIENTED_EDGE('',*,*,#466,.F.);
#181=ORIENTED_EDGE('',*,*,#471,.T.);
#182=ORIENTED_EDGE('',*,*,#474,.T.);
#183=ORIENTED_EDGE('',*,*,#482,.F.);
#184=ORIENTED_EDGE('',*,*,#485,.F.);
#185=ORIENTED_EDGE('',*,*,#488,.T.);
#186=ORIENTED_EDGE('',*,*,#491,.T.);
#187=ORIENTED_EDGE('',*,*,#494,.T.);
#188=ORIENTED_EDGE('',*,*,#497,.T.);
#189=ORIENTED_EDGE('',*,*,#506,.T.);
#190=ORIENTED_EDGE('',*,*,#510,.F.);
#191=ORIENTED_EDGE('',*,*,#512,.T.);
#192=ORIENTED_EDGE('',*,*,#518,.T.);
#193=ORIENTED_EDGE('',*,*,#519,.F.);
#194=ORIENTED_EDGE('',*,*,#520,.F.);
#195=ORIENTED_EDGE('',*,*,#521,.T.);
#196=ORIENTED_EDGE('',*,*,#520,.T.);
#197=ORIENTED_EDGE('',*,*,#522,.F.);
#198=ORIENTED_EDGE('',*,*,#523,.F.);
#199=ORIENTED_EDGE('',*,*,#524,.T.);
#200=ORIENTED_EDGE('',*,*,#523,.T.);
#201=ORIENTED_EDGE('',*,*,#525,.T.);
#202=ORIENTED_EDGE('',*,*,#526,.F.);
#203=ORIENTED_EDGE('',*,*,#527,.F.);
#204=ORIENTED_EDGE('',*,*,#528,.F.);
#205=ORIENTED_EDGE('',*,*,#529,.F.);
#206=ORIENTED_EDGE('',*,*,#530,.T.);
#207=ORIENTED_EDGE('',*,*,#531,.T.);
#208=ORIENTED_EDGE('',*,*,#532,.T.);
#209=ORIENTED_EDGE('',*,*,#533,.F.);
#210=ORIENTED_EDGE('',*,*,#534,.F.);
#211=ORIENTED_EDGE('',*,*,#529,.T.);
#212=ORIENTED_EDGE('',*,*,#535,.T.);
#213=ORIENTED_EDGE('',*,*,#536,.F.);
#214=ORIENTED_EDGE('',*,*,#537,.F.);
#215=ORIENTED_EDGE('',*,*,#533,.T.);
#216=ORIENTED_EDGE('',*,*,#538,.F.);
#217=ORIENTED_EDGE('',*,*,#531,.F.);
#218=ORIENTED_EDGE('',*,*,#539,.T.);
#219=ORIENTED_EDGE('',*,*,#536,.T.);
#220=ORIENTED_EDGE('',*,*,#540,.T.);
#221=ORIENTED_EDGE('',*,*,#541,.F.);
#222=ORIENTED_EDGE('',*,*,#542,.T.);
#223=ORIENTED_EDGE('',*,*,#543,.F.);
#224=ORIENTED_EDGE('',*,*,#526,.T.);
#225=ORIENTED_EDGE('',*,*,#544,.T.);
#226=ORIENTED_EDGE('',*,*,#518,.F.);
#227=ORIENTED_EDGE('',*,*,#545,.F.);
#228=ORIENTED_EDGE('',*,*,#542,.F.);
#229=ORIENTED_EDGE('',*,*,#540,.F.);
#230=ORIENTED_EDGE('',*,*,#530,.F.);
#231=ORIENTED_EDGE('',*,*,#534,.T.);
#232=ORIENTED_EDGE('',*,*,#537,.T.);
#233=ORIENTED_EDGE('',*,*,#539,.F.);
#234=ORIENTED_EDGE('',*,*,#521,.F.);
#235=ORIENTED_EDGE('',*,*,#524,.F.);
#236=ORIENTED_EDGE('',*,*,#527,.T.);
#237=ORIENTED_EDGE('',*,*,#545,.T.);
#238=ORIENTED_EDGE('',*,*,#543,.T.);
#239=ORIENTED_EDGE('',*,*,#541,.T.);
#240=ORIENTED_EDGE('',*,*,#528,.T.);
#241=ORIENTED_EDGE('',*,*,#538,.T.);
#242=ORIENTED_EDGE('',*,*,#535,.F.);
#243=ORIENTED_EDGE('',*,*,#532,.F.);
#244=ORIENTED_EDGE('',*,*,#519,.T.);
#245=ORIENTED_EDGE('',*,*,#544,.F.);
#246=ORIENTED_EDGE('',*,*,#525,.F.);
#247=ORIENTED_EDGE('',*,*,#522,.T.);
#248=ORIENTED_EDGE('',*,*,#546,.F.);
#249=ORIENTED_EDGE('',*,*,#547,.F.);
#250=ORIENTED_EDGE('',*,*,#548,.T.);
#251=ORIENTED_EDGE('',*,*,#549,.T.);
#252=ORIENTED_EDGE('',*,*,#550,.T.);
#253=ORIENTED_EDGE('',*,*,#551,.F.);
#254=ORIENTED_EDGE('',*,*,#552,.F.);
#255=ORIENTED_EDGE('',*,*,#547,.T.);
#256=ORIENTED_EDGE('',*,*,#553,.T.);
#257=ORIENTED_EDGE('',*,*,#554,.F.);
#258=ORIENTED_EDGE('',*,*,#555,.F.);
#259=ORIENTED_EDGE('',*,*,#551,.T.);
#260=ORIENTED_EDGE('',*,*,#556,.T.);
#261=ORIENTED_EDGE('',*,*,#557,.F.);
#262=ORIENTED_EDGE('',*,*,#558,.F.);
#263=ORIENTED_EDGE('',*,*,#549,.F.);
#264=ORIENTED_EDGE('',*,*,#559,.T.);
#265=ORIENTED_EDGE('',*,*,#554,.T.);
#266=ORIENTED_EDGE('',*,*,#556,.F.);
#267=ORIENTED_EDGE('',*,*,#548,.F.);
#268=ORIENTED_EDGE('',*,*,#552,.T.);
#269=ORIENTED_EDGE('',*,*,#555,.T.);
#270=ORIENTED_EDGE('',*,*,#559,.F.);
#271=ORIENTED_EDGE('',*,*,#557,.T.);
#272=ORIENTED_EDGE('',*,*,#546,.T.);
#273=ORIENTED_EDGE('',*,*,#558,.T.);
#274=ORIENTED_EDGE('',*,*,#553,.F.);
#275=ORIENTED_EDGE('',*,*,#550,.F.);
#276=ORIENTED_EDGE('',*,*,#560,.T.);
#277=ORIENTED_EDGE('',*,*,#561,.F.);
#278=ORIENTED_EDGE('',*,*,#562,.F.);
#279=ORIENTED_EDGE('',*,*,#563,.T.);
#280=ORIENTED_EDGE('',*,*,#564,.T.);
#281=ORIENTED_EDGE('',*,*,#565,.F.);
#282=ORIENTED_EDGE('',*,*,#566,.F.);
#283=ORIENTED_EDGE('',*,*,#561,.T.);
#284=ORIENTED_EDGE('',*,*,#567,.F.);
#285=ORIENTED_EDGE('',*,*,#568,.F.);
#286=ORIENTED_EDGE('',*,*,#569,.T.);
#287=ORIENTED_EDGE('',*,*,#565,.T.);
#288=ORIENTED_EDGE('',*,*,#570,.F.);
#289=ORIENTED_EDGE('',*,*,#563,.F.);
#290=ORIENTED_EDGE('',*,*,#571,.T.);
#291=ORIENTED_EDGE('',*,*,#568,.T.);
#292=ORIENTED_EDGE('',*,*,#572,.T.);
#293=ORIENTED_EDGE('',*,*,#573,.F.);
#294=ORIENTED_EDGE('',*,*,#562,.T.);
#295=ORIENTED_EDGE('',*,*,#566,.T.);
#296=ORIENTED_EDGE('',*,*,#569,.F.);
#297=ORIENTED_EDGE('',*,*,#571,.F.);
#298=ORIENTED_EDGE('',*,*,#572,.F.);
#299=ORIENTED_EDGE('',*,*,#560,.F.);
#300=ORIENTED_EDGE('',*,*,#570,.T.);
#301=ORIENTED_EDGE('',*,*,#567,.T.);
#302=ORIENTED_EDGE('',*,*,#564,.F.);
#303=ORIENTED_EDGE('',*,*,#573,.T.);
#304=ORIENTED_EDGE('',*,*,#574,.F.);
#305=ORIENTED_EDGE('',*,*,#575,.F.);
#306=ORIENTED_EDGE('',*,*,#576,.T.);
#307=ORIENTED_EDGE('',*,*,#577,.T.);
#308=ORIENTED_EDGE('',*,*,#578,.T.);
#309=ORIENTED_EDGE('',*,*,#579,.F.);
#310=ORIENTED_EDGE('',*,*,#580,.F.);
#311=ORIENTED_EDGE('',*,*,#575,.T.);
#312=ORIENTED_EDGE('',*,*,#581,.T.);
#313=ORIENTED_EDGE('',*,*,#582,.F.);
#314=ORIENTED_EDGE('',*,*,#583,.F.);
#315=ORIENTED_EDGE('',*,*,#579,.T.);
#316=ORIENTED_EDGE('',*,*,#584,.F.);
#317=ORIENTED_EDGE('',*,*,#577,.F.);
#318=ORIENTED_EDGE('',*,*,#585,.T.);
#319=ORIENTED_EDGE('',*,*,#582,.T.);
#320=ORIENTED_EDGE('',*,*,#586,.T.);
#321=ORIENTED_EDGE('',*,*,#587,.F.);
#322=ORIENTED_EDGE('',*,*,#576,.F.);
#323=ORIENTED_EDGE('',*,*,#580,.T.);
#324=ORIENTED_EDGE('',*,*,#583,.T.);
#325=ORIENTED_EDGE('',*,*,#585,.F.);
#326=ORIENTED_EDGE('',*,*,#586,.F.);
#327=ORIENTED_EDGE('',*,*,#574,.T.);
#328=ORIENTED_EDGE('',*,*,#584,.T.);
#329=ORIENTED_EDGE('',*,*,#581,.F.);
#330=ORIENTED_EDGE('',*,*,#578,.F.);
#331=ORIENTED_EDGE('',*,*,#587,.T.);
#332=ORIENTED_EDGE('',*,*,#588,.F.);
#333=ORIENTED_EDGE('',*,*,#589,.T.);
#334=ORIENTED_EDGE('',*,*,#590,.T.);
#335=ORIENTED_EDGE('',*,*,#591,.F.);
#336=ORIENTED_EDGE('',*,*,#592,.F.);
#337=ORIENTED_EDGE('',*,*,#593,.T.);
#338=ORIENTED_EDGE('',*,*,#594,.T.);
#339=ORIENTED_EDGE('',*,*,#595,.F.);
#340=ORIENTED_EDGE('',*,*,#596,.F.);
#341=ORIENTED_EDGE('',*,*,#597,.T.);
#342=ORIENTED_EDGE('',*,*,#598,.T.);
#343=ORIENTED_EDGE('',*,*,#599,.F.);
#344=ORIENTED_EDGE('',*,*,#600,.F.);
#345=ORIENTED_EDGE('',*,*,#601,.T.);
#346=ORIENTED_EDGE('',*,*,#602,.T.);
#347=ORIENTED_EDGE('',*,*,#603,.F.);
#348=ORIENTED_EDGE('',*,*,#604,.F.);
#349=ORIENTED_EDGE('',*,*,#605,.T.);
#350=ORIENTED_EDGE('',*,*,#606,.T.);
#351=ORIENTED_EDGE('',*,*,#607,.F.);
#352=ORIENTED_EDGE('',*,*,#608,.T.);
#353=ORIENTED_EDGE('',*,*,#609,.T.);
#354=ORIENTED_EDGE('',*,*,#610,.F.);
#355=ORIENTED_EDGE('',*,*,#606,.F.);
#356=ORIENTED_EDGE('',*,*,#611,.T.);
#357=ORIENTED_EDGE('',*,*,#612,.T.);
#358=ORIENTED_EDGE('',*,*,#613,.F.);
#359=ORIENTED_EDGE('',*,*,#602,.F.);
#360=ORIENTED_EDGE('',*,*,#614,.T.);
#361=ORIENTED_EDGE('',*,*,#615,.T.);
#362=ORIENTED_EDGE('',*,*,#616,.F.);
#363=ORIENTED_EDGE('',*,*,#598,.F.);
#364=ORIENTED_EDGE('',*,*,#617,.T.);
#365=ORIENTED_EDGE('',*,*,#618,.T.);
#366=ORIENTED_EDGE('',*,*,#619,.F.);
#367=ORIENTED_EDGE('',*,*,#594,.F.);
#368=ORIENTED_EDGE('',*,*,#620,.T.);
#369=ORIENTED_EDGE('',*,*,#621,.T.);
#370=ORIENTED_EDGE('',*,*,#622,.F.);
#371=ORIENTED_EDGE('',*,*,#590,.F.);
#372=ORIENTED_EDGE('',*,*,#623,.F.);
#373=ORIENTED_EDGE('',*,*,#591,.T.);
#374=ORIENTED_EDGE('',*,*,#622,.T.);
#375=ORIENTED_EDGE('',*,*,#624,.F.);
#376=ORIENTED_EDGE('',*,*,#589,.F.);
#377=ORIENTED_EDGE('',*,*,#625,.T.);
#378=ORIENTED_EDGE('',*,*,#626,.T.);
#379=ORIENTED_EDGE('',*,*,#620,.F.);
#380=ORIENTED_EDGE('',*,*,#626,.F.);
#381=ORIENTED_EDGE('',*,*,#627,.T.);
#382=ORIENTED_EDGE('',*,*,#624,.T.);
#383=ORIENTED_EDGE('',*,*,#621,.F.);
#384=ORIENTED_EDGE('',*,*,#628,.F.);
#385=ORIENTED_EDGE('',*,*,#607,.T.);
#386=ORIENTED_EDGE('',*,*,#610,.T.);
#387=ORIENTED_EDGE('',*,*,#629,.F.);
#388=ORIENTED_EDGE('',*,*,#605,.F.);
#389=ORIENTED_EDGE('',*,*,#630,.T.);
#390=ORIENTED_EDGE('',*,*,#631,.T.);
#391=ORIENTED_EDGE('',*,*,#608,.F.);
#392=ORIENTED_EDGE('',*,*,#631,.F.);
#393=ORIENTED_EDGE('',*,*,#632,.T.);
#394=ORIENTED_EDGE('',*,*,#629,.T.);
#395=ORIENTED_EDGE('',*,*,#609,.F.);
#396=ORIENTED_EDGE('',*,*,#633,.F.);
#397=ORIENTED_EDGE('',*,*,#603,.T.);
#398=ORIENTED_EDGE('',*,*,#613,.T.);
#399=ORIENTED_EDGE('',*,*,#634,.F.);
#400=ORIENTED_EDGE('',*,*,#601,.F.);
#401=ORIENTED_EDGE('',*,*,#635,.T.);
#402=ORIENTED_EDGE('',*,*,#636,.T.);
#403=ORIENTED_EDGE('',*,*,#611,.F.);
#404=ORIENTED_EDGE('',*,*,#636,.F.);
#405=ORIENTED_EDGE('',*,*,#637,.T.);
#406=ORIENTED_EDGE('',*,*,#634,.T.);
#407=ORIENTED_EDGE('',*,*,#612,.F.);
#408=ORIENTED_EDGE('',*,*,#638,.F.);
#409=ORIENTED_EDGE('',*,*,#599,.T.);
#410=ORIENTED_EDGE('',*,*,#616,.T.);
#411=ORIENTED_EDGE('',*,*,#639,.F.);
#412=ORIENTED_EDGE('',*,*,#597,.F.);
#413=ORIENTED_EDGE('',*,*,#640,.T.);
#414=ORIENTED_EDGE('',*,*,#641,.T.);
#415=ORIENTED_EDGE('',*,*,#614,.F.);
#416=ORIENTED_EDGE('',*,*,#641,.F.);
#417=ORIENTED_EDGE('',*,*,#642,.T.);
#418=ORIENTED_EDGE('',*,*,#639,.T.);
#419=ORIENTED_EDGE('',*,*,#615,.F.);
#420=ORIENTED_EDGE('',*,*,#643,.F.);
#421=ORIENTED_EDGE('',*,*,#595,.T.);
#422=ORIENTED_EDGE('',*,*,#619,.T.);
#423=ORIENTED_EDGE('',*,*,#644,.F.);
#424=ORIENTED_EDGE('',*,*,#593,.F.);
#425=ORIENTED_EDGE('',*,*,#645,.T.);
#426=ORIENTED_EDGE('',*,*,#646,.T.);
#427=ORIENTED_EDGE('',*,*,#617,.F.);
#428=ORIENTED_EDGE('',*,*,#646,.F.);
#429=ORIENTED_EDGE('',*,*,#647,.T.);
#430=ORIENTED_EDGE('',*,*,#644,.T.);
#431=ORIENTED_EDGE('',*,*,#618,.F.);
#432=ORIENTED_EDGE('',*,*,#625,.F.);
#433=ORIENTED_EDGE('',*,*,#588,.T.);
#434=ORIENTED_EDGE('',*,*,#623,.T.);
#435=ORIENTED_EDGE('',*,*,#627,.F.);
#436=ORIENTED_EDGE('',*,*,#630,.F.);
#437=ORIENTED_EDGE('',*,*,#604,.T.);
#438=ORIENTED_EDGE('',*,*,#628,.T.);
#439=ORIENTED_EDGE('',*,*,#632,.F.);
#440=ORIENTED_EDGE('',*,*,#635,.F.);
#441=ORIENTED_EDGE('',*,*,#600,.T.);
#442=ORIENTED_EDGE('',*,*,#633,.T.);
#443=ORIENTED_EDGE('',*,*,#637,.F.);
#444=ORIENTED_EDGE('',*,*,#640,.F.);
#445=ORIENTED_EDGE('',*,*,#596,.T.);
#446=ORIENTED_EDGE('',*,*,#638,.T.);
#447=ORIENTED_EDGE('',*,*,#642,.F.);
#448=ORIENTED_EDGE('',*,*,#645,.F.);
#449=ORIENTED_EDGE('',*,*,#592,.T.);
#450=ORIENTED_EDGE('',*,*,#643,.T.);
#451=ORIENTED_EDGE('',*,*,#647,.F.);
#452=EDGE_CURVE('',#648,#649,#784,.T.);
#453=EDGE_CURVE('',#650,#648,#785,.T.);
#454=EDGE_CURVE('',#650,#651,#786,.T.);
#455=EDGE_CURVE('',#651,#649,#787,.T.);
#456=EDGE_CURVE('',#648,#652,#788,.T.);
#457=EDGE_CURVE('',#653,#652,#789,.T.);
#458=EDGE_CURVE('',#650,#653,#790,.T.);
#459=EDGE_CURVE('',#652,#654,#791,.T.);
#460=EDGE_CURVE('',#655,#654,#792,.T.);
#461=EDGE_CURVE('',#653,#655,#793,.T.);
#462=EDGE_CURVE('',#656,#656,#24,.T.);
#463=EDGE_CURVE('',#657,#657,#25,.T.);
#464=EDGE_CURVE('',#649,#654,#794,.T.);
#465=EDGE_CURVE('',#651,#655,#795,.T.);
#466=EDGE_CURVE('',#658,#659,#796,.T.);
#467=EDGE_CURVE('',#660,#659,#797,.T.);
#468=EDGE_CURVE('',#661,#660,#798,.T.);
#469=EDGE_CURVE('',#661,#658,#799,.T.);
#470=EDGE_CURVE('',#662,#663,#800,.T.);
#471=EDGE_CURVE('',#658,#663,#801,.T.);
#472=EDGE_CURVE('',#661,#662,#802,.T.);
#473=EDGE_CURVE('',#664,#665,#803,.T.);
#474=EDGE_CURVE('',#663,#665,#804,.T.);
#475=EDGE_CURVE('',#662,#664,#805,.T.);
#476=EDGE_CURVE('',#666,#667,#806,.T.);
#477=EDGE_CURVE('',#666,#668,#807,.T.);
#478=EDGE_CURVE('',#668,#669,#808,.T.);
#479=EDGE_CURVE('',#667,#669,#809,.T.);
#480=EDGE_CURVE('',#670,#670,#26,.T.);
#481=EDGE_CURVE('',#671,#671,#27,.T.);
#482=EDGE_CURVE('',#659,#665,#810,.T.);
#483=EDGE_CURVE('',#660,#664,#811,.T.);
#484=EDGE_CURVE('',#672,#673,#812,.T.);
#485=EDGE_CURVE('',#673,#674,#813,.T.);
#486=EDGE_CURVE('',#675,#674,#814,.T.);
#487=EDGE_CURVE('',#672,#675,#815,.T.);
#488=EDGE_CURVE('',#673,#676,#28,.T.);
#489=EDGE_CURVE('',#672,#677,#29,.T.);
#490=EDGE_CURVE('',#677,#676,#816,.T.);
#491=EDGE_CURVE('',#676,#678,#817,.T.);
#492=EDGE_CURVE('',#677,#679,#818,.T.);
#493=EDGE_CURVE('',#679,#678,#819,.T.);
#494=EDGE_CURVE('',#678,#680,#30,.T.);
#495=EDGE_CURVE('',#679,#681,#31,.T.);
#496=EDGE_CURVE('',#681,#680,#820,.T.);
#497=EDGE_CURVE('',#680,#682,#821,.T.);
#498=EDGE_CURVE('',#681,#683,#822,.T.);
#499=EDGE_CURVE('',#683,#682,#823,.T.);
#500=EDGE_CURVE('',#684,#685,#824,.T.);
#501=EDGE_CURVE('',#684,#686,#825,.T.);
#502=EDGE_CURVE('',#686,#687,#826,.T.);
#503=EDGE_CURVE('',#685,#687,#827,.T.);
#504=EDGE_CURVE('',#688,#688,#32,.T.);
#505=EDGE_CURVE('',#689,#689,#33,.T.);
#506=EDGE_CURVE('',#682,#690,#34,.T.);
#507=EDGE_CURVE('',#683,#691,#35,.T.);
#508=EDGE_CURVE('',#691,#690,#828,.T.);
#509=EDGE_CURVE('',#692,#693,#829,.T.);
#510=EDGE_CURVE('',#693,#690,#830,.T.);
#511=EDGE_CURVE('',#692,#691,#831,.T.);
#512=EDGE_CURVE('',#693,#674,#36,.T.);
#513=EDGE_CURVE('',#692,#675,#37,.T.);
#514=EDGE_CURVE('',#668,#685,#832,.T.);
#515=EDGE_CURVE('',#666,#684,#833,.T.);
#516=EDGE_CURVE('',#669,#687,#834,.T.);
#517=EDGE_CURVE('',#667,#686,#835,.T.);
#518=EDGE_CURVE('',#694,#695,#836,.T.);
#519=EDGE_CURVE('',#696,#695,#837,.F.);
#520=EDGE_CURVE('',#697,#696,#838,.T.);
#521=EDGE_CURVE('',#697,#694,#839,.F.);
#522=EDGE_CURVE('',#698,#696,#840,.T.);
#523=EDGE_CURVE('',#699,#698,#841,.T.);
#524=EDGE_CURVE('',#699,#697,#842,.T.);
#525=EDGE_CURVE('',#698,#700,#843,.F.);
#526=EDGE_CURVE('',#701,#700,#844,.T.);
#527=EDGE_CURVE('',#699,#701,#845,.F.);
#528=EDGE_CURVE('',#702,#703,#846,.T.);
#529=EDGE_CURVE('',#704,#702,#847,.T.);
#530=EDGE_CURVE('',#704,#705,#848,.T.);
#531=EDGE_CURVE('',#705,#703,#849,.T.);
#532=EDGE_CURVE('',#702,#706,#850,.F.);
#533=EDGE_CURVE('',#707,#706,#851,.T.);
#534=EDGE_CURVE('',#704,#707,#852,.F.);
#535=EDGE_CURVE('',#706,#708,#853,.T.);
#536=EDGE_CURVE('',#709,#708,#854,.T.);
#537=EDGE_CURVE('',#707,#709,#855,.T.);
#538=EDGE_CURVE('',#703,#708,#856,.F.);
#539=EDGE_CURVE('',#705,#709,#857,.F.);
#540=EDGE_CURVE('',#710,#710,#38,.T.);
#541=EDGE_CURVE('',#711,#711,#39,.T.);
#542=EDGE_CURVE('',#712,#712,#40,.T.);
#543=EDGE_CURVE('',#713,#713,#41,.T.);
#544=EDGE_CURVE('',#700,#695,#858,.T.);
#545=EDGE_CURVE('',#701,#694,#859,.T.);
#546=EDGE_CURVE('',#714,#715,#860,.T.);
#547=EDGE_CURVE('',#716,#714,#861,.T.);
#548=EDGE_CURVE('',#716,#717,#862,.T.);
#549=EDGE_CURVE('',#717,#715,#863,.T.);
#550=EDGE_CURVE('',#714,#718,#864,.T.);
#551=EDGE_CURVE('',#719,#718,#865,.T.);
#552=EDGE_CURVE('',#716,#719,#866,.T.);
#553=EDGE_CURVE('',#718,#720,#867,.T.);
#554=EDGE_CURVE('',#721,#720,#868,.T.);
#555=EDGE_CURVE('',#719,#721,#869,.T.);
#556=EDGE_CURVE('',#722,#722,#42,.T.);
#557=EDGE_CURVE('',#723,#723,#43,.T.);
#558=EDGE_CURVE('',#715,#720,#870,.T.);
#559=EDGE_CURVE('',#717,#721,#871,.T.);
#560=EDGE_CURVE('',#724,#725,#872,.T.);
#561=EDGE_CURVE('',#726,#725,#873,.T.);
#562=EDGE_CURVE('',#727,#726,#874,.T.);
#563=EDGE_CURVE('',#727,#724,#875,.T.);
#564=EDGE_CURVE('',#725,#728,#876,.T.);
#565=EDGE_CURVE('',#729,#728,#877,.T.);
#566=EDGE_CURVE('',#726,#729,#878,.T.);
#567=EDGE_CURVE('',#730,#728,#879,.T.);
#568=EDGE_CURVE('',#731,#730,#880,.T.);
#569=EDGE_CURVE('',#731,#729,#881,.T.);
#570=EDGE_CURVE('',#724,#730,#882,.T.);
#571=EDGE_CURVE('',#727,#731,#883,.T.);
#572=EDGE_CURVE('',#732,#732,#44,.T.);
#573=EDGE_CURVE('',#733,#733,#45,.T.);
#574=EDGE_CURVE('',#734,#735,#884,.T.);
#575=EDGE_CURVE('',#736,#734,#885,.T.);
#576=EDGE_CURVE('',#736,#737,#886,.T.);
#577=EDGE_CURVE('',#737,#735,#887,.T.);
#578=EDGE_CURVE('',#734,#738,#888,.T.);
#579=EDGE_CURVE('',#739,#738,#889,.T.);
#580=EDGE_CURVE('',#736,#739,#890,.T.);
#581=EDGE_CURVE('',#738,#740,#891,.T.);
#582=EDGE_CURVE('',#741,#740,#892,.T.);
#583=EDGE_CURVE('',#739,#741,#893,.T.);
#584=EDGE_CURVE('',#735,#740,#894,.T.);
#585=EDGE_CURVE('',#737,#741,#895,.T.);
#586=EDGE_CURVE('',#742,#742,#46,.T.);
#587=EDGE_CURVE('',#743,#743,#47,.T.);
#588=EDGE_CURVE('',#744,#745,#896,.T.);
#589=EDGE_CURVE('',#744,#746,#897,.T.);
#590=EDGE_CURVE('',#746,#747,#898,.T.);
#591=EDGE_CURVE('',#745,#747,#899,.T.);
#592=EDGE_CURVE('',#748,#749,#900,.T.);
#593=EDGE_CURVE('',#748,#750,#901,.T.);
#594=EDGE_CURVE('',#750,#751,#902,.T.);
#595=EDGE_CURVE('',#749,#751,#903,.T.);
#596=EDGE_CURVE('',#752,#753,#904,.T.);
#597=EDGE_CURVE('',#752,#754,#905,.T.);
#598=EDGE_CURVE('',#754,#755,#906,.T.);
#599=EDGE_CURVE('',#753,#755,#907,.T.);
#600=EDGE_CURVE('',#756,#757,#908,.T.);
#601=EDGE_CURVE('',#756,#758,#909,.T.);
#602=EDGE_CURVE('',#758,#759,#910,.T.);
#603=EDGE_CURVE('',#757,#759,#911,.T.);
#604=EDGE_CURVE('',#760,#761,#912,.T.);
#605=EDGE_CURVE('',#760,#762,#913,.T.);
#606=EDGE_CURVE('',#762,#763,#914,.T.);
#607=EDGE_CURVE('',#761,#763,#915,.T.);
#608=EDGE_CURVE('',#762,#764,#916,.T.);
#609=EDGE_CURVE('',#764,#765,#917,.T.);
#610=EDGE_CURVE('',#763,#765,#918,.T.);
#611=EDGE_CURVE('',#758,#766,#919,.T.);
#612=EDGE_CURVE('',#766,#767,#920,.T.);
#613=EDGE_CURVE('',#759,#767,#921,.T.);
#614=EDGE_CURVE('',#754,#768,#922,.T.);
#615=EDGE_CURVE('',#768,#769,#923,.T.);
#616=EDGE_CURVE('',#755,#769,#924,.T.);
#617=EDGE_CURVE('',#750,#770,#925,.T.);
#618=EDGE_CURVE('',#770,#771,#926,.T.);
#619=EDGE_CURVE('',#751,#771,#927,.T.);
#620=EDGE_CURVE('',#746,#772,#928,.T.);
#621=EDGE_CURVE('',#772,#773,#929,.T.);
#622=EDGE_CURVE('',#747,#773,#930,.T.);
#623=EDGE_CURVE('',#745,#774,#931,.T.);
#624=EDGE_CURVE('',#774,#773,#932,.T.);
#625=EDGE_CURVE('',#744,#775,#933,.T.);
#626=EDGE_CURVE('',#775,#772,#934,.T.);
#627=EDGE_CURVE('',#775,#774,#935,.T.);
#628=EDGE_CURVE('',#761,#776,#936,.T.);
#629=EDGE_CURVE('',#776,#765,#937,.T.);
#630=EDGE_CURVE('',#760,#777,#938,.T.);
#631=EDGE_CURVE('',#777,#764,#939,.T.);
#632=EDGE_CURVE('',#777,#776,#940,.T.);
#633=EDGE_CURVE('',#757,#778,#941,.T.);
#634=EDGE_CURVE('',#778,#767,#942,.T.);
#635=EDGE_CURVE('',#756,#779,#943,.T.);
#636=EDGE_CURVE('',#779,#766,#944,.T.);
#637=EDGE_CURVE('',#779,#778,#945,.T.);
#638=EDGE_CURVE('',#753,#780,#946,.T.);
#639=EDGE_CURVE('',#780,#769,#947,.T.);
#640=EDGE_CURVE('',#752,#781,#948,.T.);
#641=EDGE_CURVE('',#781,#768,#949,.T.);
#642=EDGE_CURVE('',#781,#780,#950,.T.);
#643=EDGE_CURVE('',#749,#782,#951,.T.);
#644=EDGE_CURVE('',#782,#771,#952,.T.);
#645=EDGE_CURVE('',#748,#783,#953,.T.);
#646=EDGE_CURVE('',#783,#770,#954,.T.);
#647=EDGE_CURVE('',#783,#782,#955,.T.);
#648=VERTEX_POINT('',#2112);
#649=VERTEX_POINT('',#2113);
#650=VERTEX_POINT('',#2115);
#651=VERTEX_POINT('',#2117);
#652=VERTEX_POINT('',#2121);
#653=VERTEX_POINT('',#2123);
#654=VERTEX_POINT('',#2127);
#655=VERTEX_POINT('',#2129);
#656=VERTEX_POINT('',#2133);
#657=VERTEX_POINT('',#2135);
#658=VERTEX_POINT('',#2144);
#659=VERTEX_POINT('',#2145);
#660=VERTEX_POINT('',#2147);
#661=VERTEX_POINT('',#2149);
#662=VERTEX_POINT('',#2153);
#663=VERTEX_POINT('',#2154);
#664=VERTEX_POINT('',#2159);
#665=VERTEX_POINT('',#2160);
#666=VERTEX_POINT('',#2165);
#667=VERTEX_POINT('',#2166);
#668=VERTEX_POINT('',#2168);
#669=VERTEX_POINT('',#2170);
#670=VERTEX_POINT('',#2173);
#671=VERTEX_POINT('',#2175);
#672=VERTEX_POINT('',#2180);
#673=VERTEX_POINT('',#2181);
#674=VERTEX_POINT('',#2183);
#675=VERTEX_POINT('',#2185);
#676=VERTEX_POINT('',#2189);
#677=VERTEX_POINT('',#2191);
#678=VERTEX_POINT('',#2195);
#679=VERTEX_POINT('',#2197);
#680=VERTEX_POINT('',#2201);
#681=VERTEX_POINT('',#2203);
#682=VERTEX_POINT('',#2207);
#683=VERTEX_POINT('',#2209);
#684=VERTEX_POINT('',#2212);
#685=VERTEX_POINT('',#2213);
#686=VERTEX_POINT('',#2215);
#687=VERTEX_POINT('',#2217);
#688=VERTEX_POINT('',#2220);
#689=VERTEX_POINT('',#2222);
#690=VERTEX_POINT('',#2225);
#691=VERTEX_POINT('',#2227);
#692=VERTEX_POINT('',#2231);
#693=VERTEX_POINT('',#2232);
#694=VERTEX_POINT('',#2253);
#695=VERTEX_POINT('',#2254);
#696=VERTEX_POINT('',#2256);
#697=VERTEX_POINT('',#2258);
#698=VERTEX_POINT('',#2262);
#699=VERTEX_POINT('',#2264);
#700=VERTEX_POINT('',#2268);
#701=VERTEX_POINT('',#2270);
#702=VERTEX_POINT('',#2274);
#703=VERTEX_POINT('',#2275);
#704=VERTEX_POINT('',#2277);
#705=VERTEX_POINT('',#2279);
#706=VERTEX_POINT('',#2283);
#707=VERTEX_POINT('',#2285);
#708=VERTEX_POINT('',#2289);
#709=VERTEX_POINT('',#2291);
#710=VERTEX_POINT('',#2298);
#711=VERTEX_POINT('',#2300);
#712=VERTEX_POINT('',#2303);
#713=VERTEX_POINT('',#2305);
#714=VERTEX_POINT('',#2314);
#715=VERTEX_POINT('',#2315);
#716=VERTEX_POINT('',#2317);
#717=VERTEX_POINT('',#2319);
#718=VERTEX_POINT('',#2323);
#719=VERTEX_POINT('',#2325);
#720=VERTEX_POINT('',#2329);
#721=VERTEX_POINT('',#2331);
#722=VERTEX_POINT('',#2335);
#723=VERTEX_POINT('',#2337);
#724=VERTEX_POINT('',#2346);
#725=VERTEX_POINT('',#2347);
#726=VERTEX_POINT('',#2349);
#727=VERTEX_POINT('',#2351);
#728=VERTEX_POINT('',#2355);
#729=VERTEX_POINT('',#2357);
#730=VERTEX_POINT('',#2361);
#731=VERTEX_POINT('',#2363);
#732=VERTEX_POINT('',#2370);
#733=VERTEX_POINT('',#2372);
#734=VERTEX_POINT('',#2378);
#735=VERTEX_POINT('',#2379);
#736=VERTEX_POINT('',#2381);
#737=VERTEX_POINT('',#2383);
#738=VERTEX_POINT('',#2387);
#739=VERTEX_POINT('',#2389);
#740=VERTEX_POINT('',#2393);
#741=VERTEX_POINT('',#2395);
#742=VERTEX_POINT('',#2402);
#743=VERTEX_POINT('',#2404);
#744=VERTEX_POINT('',#2410);
#745=VERTEX_POINT('',#2411);
#746=VERTEX_POINT('',#2413);
#747=VERTEX_POINT('',#2415);
#748=VERTEX_POINT('',#2419);
#749=VERTEX_POINT('',#2420);
#750=VERTEX_POINT('',#2422);
#751=VERTEX_POINT('',#2424);
#752=VERTEX_POINT('',#2428);
#753=VERTEX_POINT('',#2429);
#754=VERTEX_POINT('',#2431);
#755=VERTEX_POINT('',#2433);
#756=VERTEX_POINT('',#2437);
#757=VERTEX_POINT('',#2438);
#758=VERTEX_POINT('',#2440);
#759=VERTEX_POINT('',#2442);
#760=VERTEX_POINT('',#2446);
#761=VERTEX_POINT('',#2447);
#762=VERTEX_POINT('',#2449);
#763=VERTEX_POINT('',#2451);
#764=VERTEX_POINT('',#2455);
#765=VERTEX_POINT('',#2457);
#766=VERTEX_POINT('',#2460);
#767=VERTEX_POINT('',#2462);
#768=VERTEX_POINT('',#2465);
#769=VERTEX_POINT('',#2467);
#770=VERTEX_POINT('',#2470);
#771=VERTEX_POINT('',#2472);
#772=VERTEX_POINT('',#2475);
#773=VERTEX_POINT('',#2477);
#774=VERTEX_POINT('',#2481);
#775=VERTEX_POINT('',#2485);
#776=VERTEX_POINT('',#2491);
#777=VERTEX_POINT('',#2495);
#778=VERTEX_POINT('',#2501);
#779=VERTEX_POINT('',#2505);
#780=VERTEX_POINT('',#2511);
#781=VERTEX_POINT('',#2515);
#782=VERTEX_POINT('',#2521);
#783=VERTEX_POINT('',#2525);
#784=LINE('',#2111,#956);
#785=LINE('',#2114,#957);
#786=LINE('',#2116,#958);
#787=LINE('',#2118,#959);
#788=LINE('',#2120,#960);
#789=LINE('',#2122,#961);
#790=LINE('',#2124,#962);
#791=LINE('',#2126,#963);
#792=LINE('',#2128,#964);
#793=LINE('',#2130,#965);
#794=LINE('',#2137,#966);
#795=LINE('',#2138,#967);
#796=LINE('',#2143,#968);
#797=LINE('',#2146,#969);
#798=LINE('',#2148,#970);
#799=LINE('',#2150,#971);
#800=LINE('',#2152,#972);
#801=LINE('',#2155,#973);
#802=LINE('',#2156,#974);
#803=LINE('',#2158,#975);
#804=LINE('',#2161,#976);
#805=LINE('',#2162,#977);
#806=LINE('',#2164,#978);
#807=LINE('',#2167,#979);
#808=LINE('',#2169,#980);
#809=LINE('',#2171,#981);
#810=LINE('',#2176,#982);
#811=LINE('',#2177,#983);
#812=LINE('',#2179,#984);
#813=LINE('',#2182,#985);
#814=LINE('',#2184,#986);
#815=LINE('',#2186,#987);
#816=LINE('',#2192,#988);
#817=LINE('',#2194,#989);
#818=LINE('',#2196,#990);
#819=LINE('',#2198,#991);
#820=LINE('',#2204,#992);
#821=LINE('',#2206,#993);
#822=LINE('',#2208,#994);
#823=LINE('',#2210,#995);
#824=LINE('',#2211,#996);
#825=LINE('',#2214,#997);
#826=LINE('',#2216,#998);
#827=LINE('',#2218,#999);
#828=LINE('',#2228,#1000);
#829=LINE('',#2230,#1001);
#830=LINE('',#2233,#1002);
#831=LINE('',#2234,#1003);
#832=LINE('',#2242,#1004);
#833=LINE('',#2243,#1005);
#834=LINE('',#2245,#1006);
#835=LINE('',#2247,#1007);
#836=LINE('',#2252,#1008);
#837=LINE('',#2255,#1009);
#838=LINE('',#2257,#1010);
#839=LINE('',#2259,#1011);
#840=LINE('',#2261,#1012);
#841=LINE('',#2263,#1013);
#842=LINE('',#2265,#1014);
#843=LINE('',#2267,#1015);
#844=LINE('',#2269,#1016);
#845=LINE('',#2271,#1017);
#846=LINE('',#2273,#1018);
#847=LINE('',#2276,#1019);
#848=LINE('',#2278,#1020);
#849=LINE('',#2280,#1021);
#850=LINE('',#2282,#1022);
#851=LINE('',#2284,#1023);
#852=LINE('',#2286,#1024);
#853=LINE('',#2288,#1025);
#854=LINE('',#2290,#1026);
#855=LINE('',#2292,#1027);
#856=LINE('',#2294,#1028);
#857=LINE('',#2295,#1029);
#858=LINE('',#2307,#1030);
#859=LINE('',#2308,#1031);
#860=LINE('',#2313,#1032);
#861=LINE('',#2316,#1033);
#862=LINE('',#2318,#1034);
#863=LINE('',#2320,#1035);
#864=LINE('',#2322,#1036);
#865=LINE('',#2324,#1037);
#866=LINE('',#2326,#1038);
#867=LINE('',#2328,#1039);
#868=LINE('',#2330,#1040);
#869=LINE('',#2332,#1041);
#870=LINE('',#2339,#1042);
#871=LINE('',#2340,#1043);
#872=LINE('',#2345,#1044);
#873=LINE('',#2348,#1045);
#874=LINE('',#2350,#1046);
#875=LINE('',#2352,#1047);
#876=LINE('',#2354,#1048);
#877=LINE('',#2356,#1049);
#878=LINE('',#2358,#1050);
#879=LINE('',#2360,#1051);
#880=LINE('',#2362,#1052);
#881=LINE('',#2364,#1053);
#882=LINE('',#2366,#1054);
#883=LINE('',#2367,#1055);
#884=LINE('',#2377,#1056);
#885=LINE('',#2380,#1057);
#886=LINE('',#2382,#1058);
#887=LINE('',#2384,#1059);
#888=LINE('',#2386,#1060);
#889=LINE('',#2388,#1061);
#890=LINE('',#2390,#1062);
#891=LINE('',#2392,#1063);
#892=LINE('',#2394,#1064);
#893=LINE('',#2396,#1065);
#894=LINE('',#2398,#1066);
#895=LINE('',#2399,#1067);
#896=LINE('',#2409,#1068);
#897=LINE('',#2412,#1069);
#898=LINE('',#2414,#1070);
#899=LINE('',#2416,#1071);
#900=LINE('',#2418,#1072);
#901=LINE('',#2421,#1073);
#902=LINE('',#2423,#1074);
#903=LINE('',#2425,#1075);
#904=LINE('',#2427,#1076);
#905=LINE('',#2430,#1077);
#906=LINE('',#2432,#1078);
#907=LINE('',#2434,#1079);
#908=LINE('',#2436,#1080);
#909=LINE('',#2439,#1081);
#910=LINE('',#2441,#1082);
#911=LINE('',#2443,#1083);
#912=LINE('',#2445,#1084);
#913=LINE('',#2448,#1085);
#914=LINE('',#2450,#1086);
#915=LINE('',#2452,#1087);
#916=LINE('',#2454,#1088);
#917=LINE('',#2456,#1089);
#918=LINE('',#2458,#1090);
#919=LINE('',#2459,#1091);
#920=LINE('',#2461,#1092);
#921=LINE('',#2463,#1093);
#922=LINE('',#2464,#1094);
#923=LINE('',#2466,#1095);
#924=LINE('',#2468,#1096);
#925=LINE('',#2469,#1097);
#926=LINE('',#2471,#1098);
#927=LINE('',#2473,#1099);
#928=LINE('',#2474,#1100);
#929=LINE('',#2476,#1101);
#930=LINE('',#2478,#1102);
#931=LINE('',#2480,#1103);
#932=LINE('',#2482,#1104);
#933=LINE('',#2484,#1105);
#934=LINE('',#2486,#1106);
#935=LINE('',#2488,#1107);
#936=LINE('',#2490,#1108);
#937=LINE('',#2492,#1109);
#938=LINE('',#2494,#1110);
#939=LINE('',#2496,#1111);
#940=LINE('',#2498,#1112);
#941=LINE('',#2500,#1113);
#942=LINE('',#2502,#1114);
#943=LINE('',#2504,#1115);
#944=LINE('',#2506,#1116);
#945=LINE('',#2508,#1117);
#946=LINE('',#2510,#1118);
#947=LINE('',#2512,#1119);
#948=LINE('',#2514,#1120);
#949=LINE('',#2516,#1121);
#950=LINE('',#2518,#1122);
#951=LINE('',#2520,#1123);
#952=LINE('',#2522,#1124);
#953=LINE('',#2524,#1125);
#954=LINE('',#2526,#1126);
#955=LINE('',#2528,#1127);
#956=VECTOR('',#1715,1.);
#957=VECTOR('',#1716,1.);
#958=VECTOR('',#1717,1.);
#959=VECTOR('',#1718,1.);
#960=VECTOR('',#1721,1.);
#961=VECTOR('',#1722,1.);
#962=VECTOR('',#1723,1.);
#963=VECTOR('',#1726,1.);
#964=VECTOR('',#1727,1.);
#965=VECTOR('',#1728,1.);
#966=VECTOR('',#1737,1.);
#967=VECTOR('',#1738,1.);
#968=VECTOR('',#1747,1.);
#969=VECTOR('',#1748,1.);
#970=VECTOR('',#1749,1.);
#971=VECTOR('',#1750,1.);
#972=VECTOR('',#1753,1.);
#973=VECTOR('',#1754,1.);
#974=VECTOR('',#1755,1.);
#975=VECTOR('',#1758,1.);
#976=VECTOR('',#1759,1.);
#977=VECTOR('',#1760,1.);
#978=VECTOR('',#1763,1.);
#979=VECTOR('',#1764,1.);
#980=VECTOR('',#1765,1.);
#981=VECTOR('',#1766,1.);
#982=VECTOR('',#1771,1.);
#983=VECTOR('',#1772,1.);
#984=VECTOR('',#1775,1.);
#985=VECTOR('',#1776,1.);
#986=VECTOR('',#1777,1.);
#987=VECTOR('',#1778,1.);
#988=VECTOR('',#1785,1.);
#989=VECTOR('',#1788,1.);
#990=VECTOR('',#1789,1.);
#991=VECTOR('',#1790,1.);
#992=VECTOR('',#1797,1.);
#993=VECTOR('',#1800,1.);
#994=VECTOR('',#1801,1.);
#995=VECTOR('',#1802,1.);
#996=VECTOR('',#1803,1.);
#997=VECTOR('',#1804,1.);
#998=VECTOR('',#1805,1.);
#999=VECTOR('',#1806,1.);
#1000=VECTOR('',#1817,1.);
#1001=VECTOR('',#1820,1.);
#1002=VECTOR('',#1821,1.);
#1003=VECTOR('',#1822,1.);
#1004=VECTOR('',#1837,1.);
#1005=VECTOR('',#1838,1.);
#1006=VECTOR('',#1841,1.);
#1007=VECTOR('',#1844,1.);
#1008=VECTOR('',#1853,1.);
#1009=VECTOR('',#1854,1.);
#1010=VECTOR('',#1855,1.);
#1011=VECTOR('',#1856,1.);
#1012=VECTOR('',#1859,1.);
#1013=VECTOR('',#1860,1.);
#1014=VECTOR('',#1861,1.);
#1015=VECTOR('',#1864,1.);
#1016=VECTOR('',#1865,1.);
#1017=VECTOR('',#1866,1.);
#1018=VECTOR('',#1869,1.);
#1019=VECTOR('',#1870,1.);
#1020=VECTOR('',#1871,1.);
#1021=VECTOR('',#1872,1.);
#1022=VECTOR('',#1875,1.);
#1023=VECTOR('',#1876,1.);
#1024=VECTOR('',#1877,1.);
#1025=VECTOR('',#1880,1.);
#1026=VECTOR('',#1881,1.);
#1027=VECTOR('',#1882,1.);
#1028=VECTOR('',#1885,1.);
#1029=VECTOR('',#1886,1.);
#1030=VECTOR('',#1901,1.);
#1031=VECTOR('',#1902,1.);
#1032=VECTOR('',#1911,1.);
#1033=VECTOR('',#1912,1.);
#1034=VECTOR('',#1913,1.);
#1035=VECTOR('',#1914,1.);
#1036=VECTOR('',#1917,1.);
#1037=VECTOR('',#1918,1.);
#1038=VECTOR('',#1919,1.);
#1039=VECTOR('',#1922,1.);
#1040=VECTOR('',#1923,1.);
#1041=VECTOR('',#1924,1.);
#1042=VECTOR('',#1933,1.);
#1043=VECTOR('',#1934,1.);
#1044=VECTOR('',#1943,1.);
#1045=VECTOR('',#1944,1.);
#1046=VECTOR('',#1945,1.);
#1047=VECTOR('',#1946,1.);
#1048=VECTOR('',#1949,1.);
#1049=VECTOR('',#1950,1.);
#1050=VECTOR('',#1951,1.);
#1051=VECTOR('',#1954,1.);
#1052=VECTOR('',#1955,1.);
#1053=VECTOR('',#1956,1.);
#1054=VECTOR('',#1959,1.);
#1055=VECTOR('',#1960,1.);
#1056=VECTOR('',#1975,1.);
#1057=VECTOR('',#1976,1.);
#1058=VECTOR('',#1977,1.);
#1059=VECTOR('',#1978,1.);
#1060=VECTOR('',#1981,1.);
#1061=VECTOR('',#1982,1.);
#1062=VECTOR('',#1983,1.);
#1063=VECTOR('',#1986,1.);
#1064=VECTOR('',#1987,1.);
#1065=VECTOR('',#1988,1.);
#1066=VECTOR('',#1991,1.);
#1067=VECTOR('',#1992,1.);
#1068=VECTOR('',#2007,1.);
#1069=VECTOR('',#2008,1.);
#1070=VECTOR('',#2009,1.);
#1071=VECTOR('',#2010,1.);
#1072=VECTOR('',#2013,1.);
#1073=VECTOR('',#2014,1.);
#1074=VECTOR('',#2015,1.);
#1075=VECTOR('',#2016,1.);
#1076=VECTOR('',#2019,1.);
#1077=VECTOR('',#2020,1.);
#1078=VECTOR('',#2021,1.);
#1079=VECTOR('',#2022,1.);
#1080=VECTOR('',#2025,1.);
#1081=VECTOR('',#2026,1.);
#1082=VECTOR('',#2027,1.);
#1083=VECTOR('',#2028,1.);
#1084=VECTOR('',#2031,1.);
#1085=VECTOR('',#2032,1.);
#1086=VECTOR('',#2033,1.);
#1087=VECTOR('',#2034,1.);
#1088=VECTOR('',#2037,1.);
#1089=VECTOR('',#2038,1.);
#1090=VECTOR('',#2039,1.);
#1091=VECTOR('',#2040,1.);
#1092=VECTOR('',#2041,1.);
#1093=VECTOR('',#2042,1.);
#1094=VECTOR('',#2043,1.);
#1095=VECTOR('',#2044,1.);
#1096=VECTOR('',#2045,1.);
#1097=VECTOR('',#2046,1.);
#1098=VECTOR('',#2047,1.);
#1099=VECTOR('',#2048,1.);
#1100=VECTOR('',#2049,1.);
#1101=VECTOR('',#2050,1.);
#1102=VECTOR('',#2051,1.);
#1103=VECTOR('',#2054,1.);
#1104=VECTOR('',#2055,1.);
#1105=VECTOR('',#2058,1.);
#1106=VECTOR('',#2059,1.);
#1107=VECTOR('',#2062,1.);
#1108=VECTOR('',#2065,1.);
#1109=VECTOR('',#2066,1.);
#1110=VECTOR('',#2069,1.);
#1111=VECTOR('',#2070,1.);
#1112=VECTOR('',#2073,1.);
#1113=VECTOR('',#2076,1.);
#1114=VECTOR('',#2077,1.);
#1115=VECTOR('',#2080,1.);
#1116=VECTOR('',#2081,1.);
#1117=VECTOR('',#2084,1.);
#1118=VECTOR('',#2087,1.);
#1119=VECTOR('',#2088,1.);
#1120=VECTOR('',#2091,1.);
#1121=VECTOR('',#2092,1.);
#1122=VECTOR('',#2095,1.);
#1123=VECTOR('',#2098,1.);
#1124=VECTOR('',#2099,1.);
#1125=VECTOR('',#2102,1.);
#1126=VECTOR('',#2103,1.);
#1127=VECTOR('',#2106,1.);
#1128=EDGE_LOOP('',(#60,#61,#62,#63));
#1129=EDGE_LOOP('',(#64,#65,#66,#67));
#1130=EDGE_LOOP('',(#68,#69,#70,#71));
#1131=EDGE_LOOP('',(#72));
#1132=EDGE_LOOP('',(#73));
#1133=EDGE_LOOP('',(#74,#75,#76,#77));
#1134=EDGE_LOOP('',(#78));
#1135=EDGE_LOOP('',(#79,#80,#81,#82));
#1136=EDGE_LOOP('',(#83));
#1137=EDGE_LOOP('',(#84,#85,#86,#87));
#1138=EDGE_LOOP('',(#88,#89,#90,#91));
#1139=EDGE_LOOP('',(#92,#93,#94,#95));
#1140=EDGE_LOOP('',(#96,#97,#98,#99));
#1141=EDGE_LOOP('',(#100,#101,#102,#103));
#1142=EDGE_LOOP('',(#104));
#1143=EDGE_LOOP('',(#105));
#1144=EDGE_LOOP('',(#106,#107,#108,#109));
#1145=EDGE_LOOP('',(#110,#111,#112,#113));
#1146=EDGE_LOOP('',(#114,#115,#116,#117));
#1147=EDGE_LOOP('',(#118,#119,#120,#121));
#1148=EDGE_LOOP('',(#122,#123,#124,#125));
#1149=EDGE_LOOP('',(#126,#127,#128,#129));
#1150=EDGE_LOOP('',(#130,#131,#132,#133));
#1151=EDGE_LOOP('',(#134));
#1152=EDGE_LOOP('',(#135));
#1153=EDGE_LOOP('',(#136,#137,#138,#139));
#1154=EDGE_LOOP('',(#140,#141,#142,#143));
#1155=EDGE_LOOP('',(#144,#145,#146,#147));
#1156=EDGE_LOOP('',(#148,#149,#150,#151));
#1157=EDGE_LOOP('',(#152,#153,#154,#155,#156,#157,#158,#159));
#1158=EDGE_LOOP('',(#160));
#1159=EDGE_LOOP('',(#161));
#1160=EDGE_LOOP('',(#162));
#1161=EDGE_LOOP('',(#163));
#1162=EDGE_LOOP('',(#164,#165,#166,#167));
#1163=EDGE_LOOP('',(#168,#169,#170,#171));
#1164=EDGE_LOOP('',(#172,#173,#174,#175));
#1165=EDGE_LOOP('',(#176,#177,#178,#179));
#1166=EDGE_LOOP('',(#180,#181,#182,#183));
#1167=EDGE_LOOP('',(#184,#185,#186,#187,#188,#189,#190,#191));
#1168=EDGE_LOOP('',(#192,#193,#194,#195));
#1169=EDGE_LOOP('',(#196,#197,#198,#199));
#1170=EDGE_LOOP('',(#200,#201,#202,#203));
#1171=EDGE_LOOP('',(#204,#205,#206,#207));
#1172=EDGE_LOOP('',(#208,#209,#210,#211));
#1173=EDGE_LOOP('',(#212,#213,#214,#215));
#1174=EDGE_LOOP('',(#216,#217,#218,#219));
#1175=EDGE_LOOP('',(#220));
#1176=EDGE_LOOP('',(#221));
#1177=EDGE_LOOP('',(#222));
#1178=EDGE_LOOP('',(#223));
#1179=EDGE_LOOP('',(#224,#225,#226,#227));
#1180=EDGE_LOOP('',(#228));
#1181=EDGE_LOOP('',(#229));
#1182=EDGE_LOOP('',(#230,#231,#232,#233));
#1183=EDGE_LOOP('',(#234,#235,#236,#237));
#1184=EDGE_LOOP('',(#238));
#1185=EDGE_LOOP('',(#239));
#1186=EDGE_LOOP('',(#240,#241,#242,#243));
#1187=EDGE_LOOP('',(#244,#245,#246,#247));
#1188=EDGE_LOOP('',(#248,#249,#250,#251));
#1189=EDGE_LOOP('',(#252,#253,#254,#255));
#1190=EDGE_LOOP('',(#256,#257,#258,#259));
#1191=EDGE_LOOP('',(#260));
#1192=EDGE_LOOP('',(#261));
#1193=EDGE_LOOP('',(#262,#263,#264,#265));
#1194=EDGE_LOOP('',(#266));
#1195=EDGE_LOOP('',(#267,#268,#269,#270));
#1196=EDGE_LOOP('',(#271));
#1197=EDGE_LOOP('',(#272,#273,#274,#275));
#1198=EDGE_LOOP('',(#276,#277,#278,#279));
#1199=EDGE_LOOP('',(#280,#281,#282,#283));
#1200=EDGE_LOOP('',(#284,#285,#286,#287));
#1201=EDGE_LOOP('',(#288,#289,#290,#291));
#1202=EDGE_LOOP('',(#292));
#1203=EDGE_LOOP('',(#293));
#1204=EDGE_LOOP('',(#294,#295,#296,#297));
#1205=EDGE_LOOP('',(#298));
#1206=EDGE_LOOP('',(#299,#300,#301,#302));
#1207=EDGE_LOOP('',(#303));
#1208=EDGE_LOOP('',(#304,#305,#306,#307));
#1209=EDGE_LOOP('',(#308,#309,#310,#311));
#1210=EDGE_LOOP('',(#312,#313,#314,#315));
#1211=EDGE_LOOP('',(#316,#317,#318,#319));
#1212=EDGE_LOOP('',(#320));
#1213=EDGE_LOOP('',(#321));
#1214=EDGE_LOOP('',(#322,#323,#324,#325));
#1215=EDGE_LOOP('',(#326));
#1216=EDGE_LOOP('',(#327,#328,#329,#330));
#1217=EDGE_LOOP('',(#331));
#1218=EDGE_LOOP('',(#332,#333,#334,#335));
#1219=EDGE_LOOP('',(#336,#337,#338,#339));
#1220=EDGE_LOOP('',(#340,#341,#342,#343));
#1221=EDGE_LOOP('',(#344,#345,#346,#347));
#1222=EDGE_LOOP('',(#348,#349,#350,#351));
#1223=EDGE_LOOP('',(#352,#353,#354,#355));
#1224=EDGE_LOOP('',(#356,#357,#358,#359));
#1225=EDGE_LOOP('',(#360,#361,#362,#363));
#1226=EDGE_LOOP('',(#364,#365,#366,#367));
#1227=EDGE_LOOP('',(#368,#369,#370,#371));
#1228=EDGE_LOOP('',(#372,#373,#374,#375));
#1229=EDGE_LOOP('',(#376,#377,#378,#379));
#1230=EDGE_LOOP('',(#380,#381,#382,#383));
#1231=EDGE_LOOP('',(#384,#385,#386,#387));
#1232=EDGE_LOOP('',(#388,#389,#390,#391));
#1233=EDGE_LOOP('',(#392,#393,#394,#395));
#1234=EDGE_LOOP('',(#396,#397,#398,#399));
#1235=EDGE_LOOP('',(#400,#401,#402,#403));
#1236=EDGE_LOOP('',(#404,#405,#406,#407));
#1237=EDGE_LOOP('',(#408,#409,#410,#411));
#1238=EDGE_LOOP('',(#412,#413,#414,#415));
#1239=EDGE_LOOP('',(#416,#417,#418,#419));
#1240=EDGE_LOOP('',(#420,#421,#422,#423));
#1241=EDGE_LOOP('',(#424,#425,#426,#427));
#1242=EDGE_LOOP('',(#428,#429,#430,#431));
#1243=EDGE_LOOP('',(#432,#433,#434,#435));
#1244=EDGE_LOOP('',(#436,#437,#438,#439));
#1245=EDGE_LOOP('',(#440,#441,#442,#443));
#1246=EDGE_LOOP('',(#444,#445,#446,#447));
#1247=EDGE_LOOP('',(#448,#449,#450,#451));
#1248=FACE_BOUND('',#1128,.T.);
#1249=FACE_BOUND('',#1129,.T.);
#1250=FACE_BOUND('',#1130,.T.);
#1251=FACE_BOUND('',#1131,.T.);
#1252=FACE_BOUND('',#1132,.T.);
#1253=FACE_BOUND('',#1133,.T.);
#1254=FACE_BOUND('',#1134,.T.);
#1255=FACE_BOUND('',#1135,.T.);
#1256=FACE_BOUND('',#1136,.T.);
#1257=FACE_BOUND('',#1137,.T.);
#1258=FACE_BOUND('',#1138,.T.);
#1259=FACE_BOUND('',#1139,.T.);
#1260=FACE_BOUND('',#1140,.T.);
#1261=FACE_BOUND('',#1141,.T.);
#1262=FACE_BOUND('',#1142,.T.);
#1263=FACE_BOUND('',#1143,.T.);
#1264=FACE_BOUND('',#1144,.T.);
#1265=FACE_BOUND('',#1145,.T.);
#1266=FACE_BOUND('',#1146,.T.);
#1267=FACE_BOUND('',#1147,.T.);
#1268=FACE_BOUND('',#1148,.T.);
#1269=FACE_BOUND('',#1149,.T.);
#1270=FACE_BOUND('',#1150,.T.);
#1271=FACE_BOUND('',#1151,.T.);
#1272=FACE_BOUND('',#1152,.T.);
#1273=FACE_BOUND('',#1153,.T.);
#1274=FACE_BOUND('',#1154,.T.);
#1275=FACE_BOUND('',#1155,.T.);
#1276=FACE_BOUND('',#1156,.T.);
#1277=FACE_BOUND('',#1157,.T.);
#1278=FACE_BOUND('',#1158,.T.);
#1279=FACE_BOUND('',#1159,.T.);
#1280=FACE_BOUND('',#1160,.T.);
#1281=FACE_BOUND('',#1161,.T.);
#1282=FACE_BOUND('',#1162,.T.);
#1283=FACE_BOUND('',#1163,.T.);
#1284=FACE_BOUND('',#1164,.T.);
#1285=FACE_BOUND('',#1165,.T.);
#1286=FACE_BOUND('',#1166,.T.);
#1287=FACE_BOUND('',#1167,.T.);
#1288=FACE_BOUND('',#1168,.T.);
#1289=FACE_BOUND('',#1169,.T.);
#1290=FACE_BOUND('',#1170,.T.);
#1291=FACE_BOUND('',#1171,.T.);
#1292=FACE_BOUND('',#1172,.T.);
#1293=FACE_BOUND('',#1173,.T.);
#1294=FACE_BOUND('',#1174,.T.);
#1295=FACE_BOUND('',#1175,.T.);
#1296=FACE_BOUND('',#1176,.T.);
#1297=FACE_BOUND('',#1177,.T.);
#1298=FACE_BOUND('',#1178,.T.);
#1299=FACE_BOUND('',#1179,.T.);
#1300=FACE_BOUND('',#1180,.T.);
#1301=FACE_BOUND('',#1181,.T.);
#1302=FACE_BOUND('',#1182,.T.);
#1303=FACE_BOUND('',#1183,.T.);
#1304=FACE_BOUND('',#1184,.T.);
#1305=FACE_BOUND('',#1185,.T.);
#1306=FACE_BOUND('',#1186,.T.);
#1307=FACE_BOUND('',#1187,.T.);
#1308=FACE_BOUND('',#1188,.T.);
#1309=FACE_BOUND('',#1189,.T.);
#1310=FACE_BOUND('',#1190,.T.);
#1311=FACE_BOUND('',#1191,.T.);
#1312=FACE_BOUND('',#1192,.T.);
#1313=FACE_BOUND('',#1193,.T.);
#1314=FACE_BOUND('',#1194,.T.);
#1315=FACE_BOUND('',#1195,.T.);
#1316=FACE_BOUND('',#1196,.T.);
#1317=FACE_BOUND('',#1197,.T.);
#1318=FACE_BOUND('',#1198,.T.);
#1319=FACE_BOUND('',#1199,.T.);
#1320=FACE_BOUND('',#1200,.T.);
#1321=FACE_BOUND('',#1201,.T.);
#1322=FACE_BOUND('',#1202,.T.);
#1323=FACE_BOUND('',#1203,.T.);
#1324=FACE_BOUND('',#1204,.T.);
#1325=FACE_BOUND('',#1205,.T.);
#1326=FACE_BOUND('',#1206,.T.);
#1327=FACE_BOUND('',#1207,.T.);
#1328=FACE_BOUND('',#1208,.T.);
#1329=FACE_BOUND('',#1209,.T.);
#1330=FACE_BOUND('',#1210,.T.);
#1331=FACE_BOUND('',#1211,.T.);
#1332=FACE_BOUND('',#1212,.T.);
#1333=FACE_BOUND('',#1213,.T.);
#1334=FACE_BOUND('',#1214,.T.);
#1335=FACE_BOUND('',#1215,.T.);
#1336=FACE_BOUND('',#1216,.T.);
#1337=FACE_BOUND('',#1217,.T.);
#1338=FACE_BOUND('',#1218,.T.);
#1339=FACE_BOUND('',#1219,.T.);
#1340=FACE_BOUND('',#1220,.T.);
#1341=FACE_BOUND('',#1221,.T.);
#1342=FACE_BOUND('',#1222,.T.);
#1343=FACE_BOUND('',#1223,.T.);
#1344=FACE_BOUND('',#1224,.T.);
#1345=FACE_BOUND('',#1225,.T.);
#1346=FACE_BOUND('',#1226,.T.);
#1347=FACE_BOUND('',#1227,.T.);
#1348=FACE_BOUND('',#1228,.T.);
#1349=FACE_BOUND('',#1229,.T.);
#1350=FACE_BOUND('',#1230,.T.);
#1351=FACE_BOUND('',#1231,.T.);
#1352=FACE_BOUND('',#1232,.T.);
#1353=FACE_BOUND('',#1233,.T.);
#1354=FACE_BOUND('',#1234,.T.);
#1355=FACE_BOUND('',#1235,.T.);
#1356=FACE_BOUND('',#1236,.T.);
#1357=FACE_BOUND('',#1237,.T.);
#1358=FACE_BOUND('',#1238,.T.);
#1359=FACE_BOUND('',#1239,.T.);
#1360=FACE_BOUND('',#1240,.T.);
#1361=FACE_BOUND('',#1241,.T.);
#1362=FACE_BOUND('',#1242,.T.);
#1363=FACE_BOUND('',#1243,.T.);
#1364=FACE_BOUND('',#1244,.T.);
#1365=FACE_BOUND('',#1245,.T.);
#1366=FACE_BOUND('',#1246,.T.);
#1367=FACE_BOUND('',#1247,.T.);
#1368=PLANE('',#1599);
#1369=PLANE('',#1600);
#1370=PLANE('',#1601);
#1371=PLANE('',#1605);
#1372=PLANE('',#1606);
#1373=PLANE('',#1607);
#1374=PLANE('',#1609);
#1375=PLANE('',#1610);
#1376=PLANE('',#1611);
#1377=PLANE('',#1612);
#1378=PLANE('',#1615);
#1379=PLANE('',#1619);
#1380=PLANE('',#1623);
#1381=PLANE('',#1629);
#1382=PLANE('',#1633);
#1383=PLANE('',#1636);
#1384=PLANE('',#1637);
#1385=PLANE('',#1638);
#1386=PLANE('',#1639);
#1387=PLANE('',#1640);
#1388=PLANE('',#1642);
#1389=PLANE('',#1643);
#1390=PLANE('',#1644);
#1391=PLANE('',#1645);
#1392=PLANE('',#1646);
#1393=PLANE('',#1647);
#1394=PLANE('',#1648);
#1395=PLANE('',#1655);
#1396=PLANE('',#1656);
#1397=PLANE('',#1657);
#1398=PLANE('',#1659);
#1399=PLANE('',#1660);
#1400=PLANE('',#1661);
#1401=PLANE('',#1665);
#1402=PLANE('',#1666);
#1403=PLANE('',#1667);
#1404=PLANE('',#1669);
#1405=PLANE('',#1670);
#1406=PLANE('',#1671);
#1407=PLANE('',#1672);
#1408=PLANE('',#1676);
#1409=PLANE('',#1677);
#1410=PLANE('',#1679);
#1411=PLANE('',#1680);
#1412=PLANE('',#1681);
#1413=PLANE('',#1682);
#1414=PLANE('',#1686);
#1415=PLANE('',#1687);
#1416=PLANE('',#1689);
#1417=PLANE('',#1690);
#1418=PLANE('',#1691);
#1419=PLANE('',#1692);
#1420=PLANE('',#1693);
#1421=PLANE('',#1694);
#1422=PLANE('',#1695);
#1423=PLANE('',#1696);
#1424=PLANE('',#1697);
#1425=PLANE('',#1698);
#1426=PLANE('',#1699);
#1427=PLANE('',#1700);
#1428=PLANE('',#1701);
#1429=PLANE('',#1702);
#1430=PLANE('',#1703);
#1431=PLANE('',#1704);
#1432=PLANE('',#1705);
#1433=PLANE('',#1706);
#1434=PLANE('',#1707);
#1435=PLANE('',#1708);
#1436=PLANE('',#1709);
#1437=PLANE('',#1710);
#1438=ADVANCED_FACE('',(#1248),#1368,.T.);
#1439=ADVANCED_FACE('',(#1249),#1369,.F.);
#1440=ADVANCED_FACE('',(#1250),#1370,.F.);
#1441=ADVANCED_FACE('',(#1251,#1252),#48,.F.);
#1442=ADVANCED_FACE('',(#1253),#1371,.T.);
#1443=ADVANCED_FACE('',(#1254,#1255),#1372,.T.);
#1444=ADVANCED_FACE('',(#1256,#1257),#1373,.F.);
#1445=ADVANCED_FACE('',(#1258),#1374,.F.);
#1446=ADVANCED_FACE('',(#1259),#1375,.T.);
#1447=ADVANCED_FACE('',(#1260),#1376,.T.);
#1448=ADVANCED_FACE('',(#1261,#1262,#1263,#1264),#1377,.F.);
#1449=ADVANCED_FACE('',(#1265),#1378,.F.);
#1450=ADVANCED_FACE('',(#1266),#49,.T.);
#1451=ADVANCED_FACE('',(#1267),#1379,.T.);
#1452=ADVANCED_FACE('',(#1268),#50,.T.);
#1453=ADVANCED_FACE('',(#1269,#1270,#1271,#1272),#1380,.T.);
#1454=ADVANCED_FACE('',(#1273),#51,.T.);
#1455=ADVANCED_FACE('',(#1274),#1381,.F.);
#1456=ADVANCED_FACE('',(#1275),#52,.T.);
#1457=ADVANCED_FACE('',(#1276,#1277),#1382,.F.);
#1458=ADVANCED_FACE('',(#1278,#1279),#53,.F.);
#1459=ADVANCED_FACE('',(#1280,#1281),#54,.F.);
#1460=ADVANCED_FACE('',(#1282),#1383,.F.);
#1461=ADVANCED_FACE('',(#1283),#1384,.F.);
#1462=ADVANCED_FACE('',(#1284),#1385,.T.);
#1463=ADVANCED_FACE('',(#1285),#1386,.T.);
#1464=ADVANCED_FACE('',(#1286,#1287),#1387,.T.);
#1465=ADVANCED_FACE('Face appearance 1',(#1288),#1388,.T.);
#1466=ADVANCED_FACE('Face appearance 1',(#1289),#1389,.T.);
#1467=ADVANCED_FACE('Face appearance 1',(#1290),#1390,.F.);
#1468=ADVANCED_FACE('Face appearance 1',(#1291),#1391,.T.);
#1469=ADVANCED_FACE('Face appearance 1',(#1292),#1392,.F.);
#1470=ADVANCED_FACE('Face appearance 1',(#1293),#1393,.F.);
#1471=ADVANCED_FACE('Face appearance 1',(#1294),#1394,.T.);
#1472=ADVANCED_FACE('Face appearance 1',(#1295,#1296),#55,.F.);
#1473=ADVANCED_FACE('Face appearance 1',(#1297,#1298),#56,.F.);
#1474=ADVANCED_FACE('Face appearance 1',(#1299),#1395,.F.);
#1475=ADVANCED_FACE('Face appearance 1',(#1300,#1301,#1302,#1303),#1396,.T.);
#1476=ADVANCED_FACE('Face appearance 1',(#1304,#1305,#1306,#1307),#1397,.F.);
#1477=ADVANCED_FACE('',(#1308),#1398,.T.);
#1478=ADVANCED_FACE('',(#1309),#1399,.F.);
#1479=ADVANCED_FACE('',(#1310),#1400,.F.);
#1480=ADVANCED_FACE('',(#1311,#1312),#57,.F.);
#1481=ADVANCED_FACE('',(#1313),#1401,.T.);
#1482=ADVANCED_FACE('',(#1314,#1315),#1402,.T.);
#1483=ADVANCED_FACE('',(#1316,#1317),#1403,.F.);
#1484=ADVANCED_FACE('',(#1318),#1404,.F.);
#1485=ADVANCED_FACE('',(#1319),#1405,.F.);
#1486=ADVANCED_FACE('',(#1320),#1406,.T.);
#1487=ADVANCED_FACE('',(#1321),#1407,.T.);
#1488=ADVANCED_FACE('',(#1322,#1323),#58,.F.);
#1489=ADVANCED_FACE('',(#1324,#1325),#1408,.T.);
#1490=ADVANCED_FACE('',(#1326,#1327),#1409,.F.);
#1491=ADVANCED_FACE('',(#1328),#1410,.T.);
#1492=ADVANCED_FACE('',(#1329),#1411,.F.);
#1493=ADVANCED_FACE('',(#1330),#1412,.F.);
#1494=ADVANCED_FACE('',(#1331),#1413,.T.);
#1495=ADVANCED_FACE('',(#1332,#1333),#59,.F.);
#1496=ADVANCED_FACE('',(#1334,#1335),#1414,.T.);
#1497=ADVANCED_FACE('',(#1336,#1337),#1415,.F.);
#1498=ADVANCED_FACE('',(#1338),#1416,.F.);
#1499=ADVANCED_FACE('',(#1339),#1417,.F.);
#1500=ADVANCED_FACE('',(#1340),#1418,.F.);
#1501=ADVANCED_FACE('',(#1341),#1419,.F.);
#1502=ADVANCED_FACE('',(#1342),#1420,.F.);
#1503=ADVANCED_FACE('',(#1343,#1344,#1345,#1346,#1347),#1421,.F.);
#1504=ADVANCED_FACE('',(#1348),#1422,.F.);
#1505=ADVANCED_FACE('',(#1349),#1423,.T.);
#1506=ADVANCED_FACE('',(#1350),#1424,.T.);
#1507=ADVANCED_FACE('',(#1351),#1425,.F.);
#1508=ADVANCED_FACE('',(#1352),#1426,.T.);
#1509=ADVANCED_FACE('',(#1353),#1427,.T.);
#1510=ADVANCED_FACE('',(#1354),#1428,.F.);
#1511=ADVANCED_FACE('',(#1355),#1429,.T.);
#1512=ADVANCED_FACE('',(#1356),#1430,.T.);
#1513=ADVANCED_FACE('',(#1357),#1431,.F.);
#1514=ADVANCED_FACE('',(#1358),#1432,.T.);
#1515=ADVANCED_FACE('',(#1359),#1433,.T.);
#1516=ADVANCED_FACE('',(#1360),#1434,.F.);
#1517=ADVANCED_FACE('',(#1361),#1435,.T.);
#1518=ADVANCED_FACE('',(#1362),#1436,.T.);
#1519=ADVANCED_FACE('',(#1363,#1364,#1365,#1366,#1367),#1437,.T.);
#1520=CLOSED_SHELL('',(#1438,#1439,#1440,#1441,#1442,#1443,#1444));
#1521=CLOSED_SHELL('',(#1445,#1446,#1447,#1448,#1449,#1450,#1451,#1452,#1453,#1454,#1455,#1456,#1457,#1458,#1459,#1460,#1461,#1462,#1463,#1464));
#1522=CLOSED_SHELL('',(#1465,#1466,#1467,#1468,#1469,#1470,#1471,#1472,#1473,#1474,#1475,#1476));
#1523=CLOSED_SHELL('',(#1477,#1478,#1479,#1480,#1481,#1482,#1483));
#1524=CLOSED_SHELL('',(#1484,#1485,#1486,#1487,#1488,#1489,#1490));
#1525=CLOSED_SHELL('',(#1491,#1492,#1493,#1494,#1495,#1496,#1497));
#1526=CLOSED_SHELL('',(#1498,#1499,#1500,#1501,#1502,#1503,#1504,#1505,#1506,#1507,#1508,#1509,#1510,#1511,#1512,#1513,#1514,#1515,#1516,#1517,#1518,#1519));
#1527=STYLED_ITEM('',(#1534),#1577);
#1528=STYLED_ITEM('',(#1535),#1578);
#1529=STYLED_ITEM('',(#1536),#1579);
#1530=STYLED_ITEM('',(#1537),#1580);
#1531=STYLED_ITEM('',(#1538),#1581);
#1532=STYLED_ITEM('',(#1539),#1582);
#1533=STYLED_ITEM('',(#1540),#1583);
#1534=PRESENTATION_STYLE_ASSIGNMENT((#1541));
#1535=PRESENTATION_STYLE_ASSIGNMENT((#1542));
#1536=PRESENTATION_STYLE_ASSIGNMENT((#1543));
#1537=PRESENTATION_STYLE_ASSIGNMENT((#1544));
#1538=PRESENTATION_STYLE_ASSIGNMENT((#1545));
#1539=PRESENTATION_STYLE_ASSIGNMENT((#1546));
#1540=PRESENTATION_STYLE_ASSIGNMENT((#1547));
#1541=SURFACE_STYLE_USAGE(.BOTH.,#1548);
#1542=SURFACE_STYLE_USAGE(.BOTH.,#1549);
#1543=SURFACE_STYLE_USAGE(.BOTH.,#1550);
#1544=SURFACE_STYLE_USAGE(.BOTH.,#1551);
#1545=SURFACE_STYLE_USAGE(.BOTH.,#1552);
#1546=SURFACE_STYLE_USAGE(.BOTH.,#1553);
#1547=SURFACE_STYLE_USAGE(.BOTH.,#1554);
#1548=SURFACE_SIDE_STYLE('',(#1555));
#1549=SURFACE_SIDE_STYLE('',(#1556));
#1550=SURFACE_SIDE_STYLE('',(#1557));
#1551=SURFACE_SIDE_STYLE('',(#1558));
#1552=SURFACE_SIDE_STYLE('',(#1559));
#1553=SURFACE_SIDE_STYLE('',(#1560));
#1554=SURFACE_SIDE_STYLE('',(#1561));
#1555=SURFACE_STYLE_FILL_AREA(#1562);
#1556=SURFACE_STYLE_FILL_AREA(#1563);
#1557=SURFACE_STYLE_FILL_AREA(#1564);
#1558=SURFACE_STYLE_FILL_AREA(#1565);
#1559=SURFACE_STYLE_FILL_AREA(#1566);
#1560=SURFACE_STYLE_FILL_AREA(#1567);
#1561=SURFACE_STYLE_FILL_AREA(#1568);
#1562=FILL_AREA_STYLE('',(#1569));
#1563=FILL_AREA_STYLE('',(#1570));
#1564=FILL_AREA_STYLE('',(#1571));
#1565=FILL_AREA_STYLE('',(#1572));
#1566=FILL_AREA_STYLE('',(#1573));
#1567=FILL_AREA_STYLE('',(#1574));
#1568=FILL_AREA_STYLE('',(#1575));
#1569=FILL_AREA_STYLE_COLOUR('',#1576);
#1570=FILL_AREA_STYLE_COLOUR('',#1576);
#1571=FILL_AREA_STYLE_COLOUR('',#1576);
#1572=FILL_AREA_STYLE_COLOUR('',#1576);
#1573=FILL_AREA_STYLE_COLOUR('',#1576);
#1574=FILL_AREA_STYLE_COLOUR('',#1576);
#1575=FILL_AREA_STYLE_COLOUR('',#1576);
#1576=COLOUR_RGB('',0.972549019607843,0.529411764705882,0.00392156862745098);
#1577=MANIFOLD_SOLID_BREP('Part 5',#1520);
#1578=MANIFOLD_SOLID_BREP('Part 1',#1521);
#1579=MANIFOLD_SOLID_BREP('Part 2',#1522);
#1580=MANIFOLD_SOLID_BREP('Part 3',#1523);
#1581=MANIFOLD_SOLID_BREP('Part 4',#1524);
#1582=MANIFOLD_SOLID_BREP('Part 6',#1525);
#1583=MANIFOLD_SOLID_BREP('Part 7',#1526);
#1584=SHAPE_DEFINITION_REPRESENTATION(#2572,#1591);
#1585=SHAPE_DEFINITION_REPRESENTATION(#2573,#1592);
#1586=SHAPE_DEFINITION_REPRESENTATION(#2574,#1593);
#1587=SHAPE_DEFINITION_REPRESENTATION(#2575,#1594);
#1588=SHAPE_DEFINITION_REPRESENTATION(#2576,#1595);
#1589=SHAPE_DEFINITION_REPRESENTATION(#2577,#1596);
#1590=SHAPE_DEFINITION_REPRESENTATION(#2578,#1597);
#1591=SHAPE_REPRESENTATION('Part 5',(#1598),#2537);
#1592=SHAPE_REPRESENTATION('Part 1',(#1608),#2538);
#1593=SHAPE_REPRESENTATION('Part 2',(#1641),#2539);
#1594=SHAPE_REPRESENTATION('Part 3',(#1658),#2540);
#1595=SHAPE_REPRESENTATION('Part 4',(#1668),#2541);
#1596=SHAPE_REPRESENTATION('Part 6',(#1678),#2542);
#1597=SHAPE_REPRESENTATION('Part 7',(#1688),#2543);
#1598=AXIS2_PLACEMENT_3D('',#2109,#1711,#1712);
#1599=AXIS2_PLACEMENT_3D('',#2110,#1713,#1714);
#1600=AXIS2_PLACEMENT_3D('',#2119,#1719,#1720);
#1601=AXIS2_PLACEMENT_3D('',#2125,#1724,#1725);
#1602=AXIS2_PLACEMENT_3D('',#2131,#1729,#1730);
#1603=AXIS2_PLACEMENT_3D('',#2132,#1731,#1732);
#1604=AXIS2_PLACEMENT_3D('',#2134,#1733,#1734);
#1605=AXIS2_PLACEMENT_3D('',#2136,#1735,#1736);
#1606=AXIS2_PLACEMENT_3D('',#2139,#1739,#1740);
#1607=AXIS2_PLACEMENT_3D('',#2140,#1741,#1742);
#1608=AXIS2_PLACEMENT_3D('',#2141,#1743,#1744);
#1609=AXIS2_PLACEMENT_3D('',#2142,#1745,#1746);
#1610=AXIS2_PLACEMENT_3D('',#2151,#1751,#1752);
#1611=AXIS2_PLACEMENT_3D('',#2157,#1756,#1757);
#1612=AXIS2_PLACEMENT_3D('',#2163,#1761,#1762);
#1613=AXIS2_PLACEMENT_3D('',#2172,#1767,#1768);
#1614=AXIS2_PLACEMENT_3D('',#2174,#1769,#1770);
#1615=AXIS2_PLACEMENT_3D('',#2178,#1773,#1774);
#1616=AXIS2_PLACEMENT_3D('',#2187,#1779,#1780);
#1617=AXIS2_PLACEMENT_3D('',#2188,#1781,#1782);
#1618=AXIS2_PLACEMENT_3D('',#2190,#1783,#1784);
#1619=AXIS2_PLACEMENT_3D('',#2193,#1786,#1787);
#1620=AXIS2_PLACEMENT_3D('',#2199,#1791,#1792);
#1621=AXIS2_PLACEMENT_3D('',#2200,#1793,#1794);
#1622=AXIS2_PLACEMENT_3D('',#2202,#1795,#1796);
#1623=AXIS2_PLACEMENT_3D('',#2205,#1798,#1799);
#1624=AXIS2_PLACEMENT_3D('',#2219,#1807,#1808);
#1625=AXIS2_PLACEMENT_3D('',#2221,#1809,#1810);
#1626=AXIS2_PLACEMENT_3D('',#2223,#1811,#1812);
#1627=AXIS2_PLACEMENT_3D('',#2224,#1813,#1814);
#1628=AXIS2_PLACEMENT_3D('',#2226,#1815,#1816);
#1629=AXIS2_PLACEMENT_3D('',#2229,#1818,#1819);
#1630=AXIS2_PLACEMENT_3D('',#2235,#1823,#1824);
#1631=AXIS2_PLACEMENT_3D('',#2236,#1825,#1826);
#1632=AXIS2_PLACEMENT_3D('',#2237,#1827,#1828);
#1633=AXIS2_PLACEMENT_3D('',#2238,#1829,#1830);
#1634=AXIS2_PLACEMENT_3D('',#2239,#1831,#1832);
#1635=AXIS2_PLACEMENT_3D('',#2240,#1833,#1834);
#1636=AXIS2_PLACEMENT_3D('',#2241,#1835,#1836);
#1637=AXIS2_PLACEMENT_3D('',#2244,#1839,#1840);
#1638=AXIS2_PLACEMENT_3D('',#2246,#1842,#1843);
#1639=AXIS2_PLACEMENT_3D('',#2248,#1845,#1846);
#1640=AXIS2_PLACEMENT_3D('',#2249,#1847,#1848);
#1641=AXIS2_PLACEMENT_3D('',#2250,#1849,#1850);
#1642=AXIS2_PLACEMENT_3D('',#2251,#1851,#1852);
#1643=AXIS2_PLACEMENT_3D('',#2260,#1857,#1858);
#1644=AXIS2_PLACEMENT_3D('',#2266,#1862,#1863);
#1645=AXIS2_PLACEMENT_3D('',#2272,#1867,#1868);
#1646=AXIS2_PLACEMENT_3D('',#2281,#1873,#1874);
#1647=AXIS2_PLACEMENT_3D('',#2287,#1878,#1879);
#1648=AXIS2_PLACEMENT_3D('',#2293,#1883,#1884);
#1649=AXIS2_PLACEMENT_3D('',#2296,#1887,#1888);
#1650=AXIS2_PLACEMENT_3D('',#2297,#1889,#1890);
#1651=AXIS2_PLACEMENT_3D('',#2299,#1891,#1892);
#1652=AXIS2_PLACEMENT_3D('',#2301,#1893,#1894);
#1653=AXIS2_PLACEMENT_3D('',#2302,#1895,#1896);
#1654=AXIS2_PLACEMENT_3D('',#2304,#1897,#1898);
#1655=AXIS2_PLACEMENT_3D('',#2306,#1899,#1900);
#1656=AXIS2_PLACEMENT_3D('',#2309,#1903,#1904);
#1657=AXIS2_PLACEMENT_3D('',#2310,#1905,#1906);
#1658=AXIS2_PLACEMENT_3D('',#2311,#1907,#1908);
#1659=AXIS2_PLACEMENT_3D('',#2312,#1909,#1910);
#1660=AXIS2_PLACEMENT_3D('',#2321,#1915,#1916);
#1661=AXIS2_PLACEMENT_3D('',#2327,#1920,#1921);
#1662=AXIS2_PLACEMENT_3D('',#2333,#1925,#1926);
#1663=AXIS2_PLACEMENT_3D('',#2334,#1927,#1928);
#1664=AXIS2_PLACEMENT_3D('',#2336,#1929,#1930);
#1665=AXIS2_PLACEMENT_3D('',#2338,#1931,#1932);
#1666=AXIS2_PLACEMENT_3D('',#2341,#1935,#1936);
#1667=AXIS2_PLACEMENT_3D('',#2342,#1937,#1938);
#1668=AXIS2_PLACEMENT_3D('',#2343,#1939,#1940);
#1669=AXIS2_PLACEMENT_3D('',#2344,#1941,#1942);
#1670=AXIS2_PLACEMENT_3D('',#2353,#1947,#1948);
#1671=AXIS2_PLACEMENT_3D('',#2359,#1952,#1953);
#1672=AXIS2_PLACEMENT_3D('',#2365,#1957,#1958);
#1673=AXIS2_PLACEMENT_3D('',#2368,#1961,#1962);
#1674=AXIS2_PLACEMENT_3D('',#2369,#1963,#1964);
#1675=AXIS2_PLACEMENT_3D('',#2371,#1965,#1966);
#1676=AXIS2_PLACEMENT_3D('',#2373,#1967,#1968);
#1677=AXIS2_PLACEMENT_3D('',#2374,#1969,#1970);
#1678=AXIS2_PLACEMENT_3D('',#2375,#1971,#1972);
#1679=AXIS2_PLACEMENT_3D('',#2376,#1973,#1974);
#1680=AXIS2_PLACEMENT_3D('',#2385,#1979,#1980);
#1681=AXIS2_PLACEMENT_3D('',#2391,#1984,#1985);
#1682=AXIS2_PLACEMENT_3D('',#2397,#1989,#1990);
#1683=AXIS2_PLACEMENT_3D('',#2400,#1993,#1994);
#1684=AXIS2_PLACEMENT_3D('',#2401,#1995,#1996);
#1685=AXIS2_PLACEMENT_3D('',#2403,#1997,#1998);
#1686=AXIS2_PLACEMENT_3D('',#2405,#1999,#2000);
#1687=AXIS2_PLACEMENT_3D('',#2406,#2001,#2002);
#1688=AXIS2_PLACEMENT_3D('',#2407,#2003,#2004);
#1689=AXIS2_PLACEMENT_3D('',#2408,#2005,#2006);
#1690=AXIS2_PLACEMENT_3D('',#2417,#2011,#2012);
#1691=AXIS2_PLACEMENT_3D('',#2426,#2017,#2018);
#1692=AXIS2_PLACEMENT_3D('',#2435,#2023,#2024);
#1693=AXIS2_PLACEMENT_3D('',#2444,#2029,#2030);
#1694=AXIS2_PLACEMENT_3D('',#2453,#2035,#2036);
#1695=AXIS2_PLACEMENT_3D('',#2479,#2052,#2053);
#1696=AXIS2_PLACEMENT_3D('',#2483,#2056,#2057);
#1697=AXIS2_PLACEMENT_3D('',#2487,#2060,#2061);
#1698=AXIS2_PLACEMENT_3D('',#2489,#2063,#2064);
#1699=AXIS2_PLACEMENT_3D('',#2493,#2067,#2068);
#1700=AXIS2_PLACEMENT_3D('',#2497,#2071,#2072);
#1701=AXIS2_PLACEMENT_3D('',#2499,#2074,#2075);
#1702=AXIS2_PLACEMENT_3D('',#2503,#2078,#2079);
#1703=AXIS2_PLACEMENT_3D('',#2507,#2082,#2083);
#1704=AXIS2_PLACEMENT_3D('',#2509,#2085,#2086);
#1705=AXIS2_PLACEMENT_3D('',#2513,#2089,#2090);
#1706=AXIS2_PLACEMENT_3D('',#2517,#2093,#2094);
#1707=AXIS2_PLACEMENT_3D('',#2519,#2096,#2097);
#1708=AXIS2_PLACEMENT_3D('',#2523,#2100,#2101);
#1709=AXIS2_PLACEMENT_3D('',#2527,#2104,#2105);
#1710=AXIS2_PLACEMENT_3D('',#2529,#2107,#2108);
#1711=DIRECTION('',(0.,0.,1.));
#1712=DIRECTION('',(1.,0.,0.));
#1713=DIRECTION('',(0.,1.,0.));
#1714=DIRECTION('',(0.,0.,1.));
#1715=DIRECTION('',(-1.,0.,0.));
#1716=DIRECTION('',(0.,0.,1.));
#1717=DIRECTION('',(-1.,0.,0.));
#1718=DIRECTION('',(0.,0.,1.));
#1719=DIRECTION('',(-1.,0.,0.));
#1720=DIRECTION('',(0.,0.,1.));
#1721=DIRECTION('',(0.,-1.,0.));
#1722=DIRECTION('',(0.,0.,1.));
#1723=DIRECTION('',(0.,-1.,0.));
#1724=DIRECTION('',(1.34671126740983E-16,1.,0.));
#1725=DIRECTION('',(-1.,1.34671126740983E-16,0.));
#1726=DIRECTION('',(-1.,1.34671126740983E-16,0.));
#1727=DIRECTION('',(0.,0.,1.));
#1728=DIRECTION('',(-1.,1.34671126740983E-16,0.));
#1729=DIRECTION('',(0.,0.,1.));
#1730=DIRECTION('',(1.,0.,0.));
#1731=DIRECTION('',(0.,0.,-1.));
#1732=DIRECTION('',(1.,0.,0.));
#1733=DIRECTION('',(0.,0.,-1.));
#1734=DIRECTION('',(1.,0.,0.));
#1735=DIRECTION('',(-1.,0.,0.));
#1736=DIRECTION('',(0.,0.,1.));
#1737=DIRECTION('',(0.,-1.,0.));
#1738=DIRECTION('',(0.,-1.,0.));
#1739=DIRECTION('',(0.,0.,-1.));
#1740=DIRECTION('',(1.,0.,0.));
#1741=DIRECTION('',(0.,0.,-1.));
#1742=DIRECTION('',(1.,0.,0.));
#1743=DIRECTION('',(0.,0.,1.));
#1744=DIRECTION('',(1.,0.,0.));
#1745=DIRECTION('',(-1.,0.,0.));
#1746=DIRECTION('',(0.,0.,1.));
#1747=DIRECTION('',(0.,-1.,0.));
#1748=DIRECTION('',(0.,0.,1.));
#1749=DIRECTION('',(0.,-1.,0.));
#1750=DIRECTION('',(0.,0.,1.));
#1751=DIRECTION('',(0.,-1.,0.));
#1752=DIRECTION('',(0.,0.,-1.));
#1753=DIRECTION('',(0.,0.,1.));
#1754=DIRECTION('',(1.,0.,0.));
#1755=DIRECTION('',(1.,0.,0.));
#1756=DIRECTION('',(-1.,-5.12800512296896E-17,0.));
#1757=DIRECTION('',(5.12800512296896E-17,-1.,0.));
#1758=DIRECTION('',(0.,0.,1.));
#1759=DIRECTION('',(5.12800512296896E-17,-1.,0.));
#1760=DIRECTION('',(5.12800512296896E-17,-1.,0.));
#1761=DIRECTION('',(0.,-1.,0.));
#1762=DIRECTION('',(0.,0.,-1.));
#1763=DIRECTION('',(-1.,0.,0.));
#1764=DIRECTION('',(0.,0.,1.));
#1765=DIRECTION('',(-1.,0.,0.));
#1766=DIRECTION('',(0.,0.,1.));
#1767=DIRECTION('',(0.,-1.,0.));
#1768=DIRECTION('',(0.,0.,-1.));
#1769=DIRECTION('',(0.,-1.,0.));
#1770=DIRECTION('',(0.,0.,-1.));
#1771=DIRECTION('',(1.,0.,0.));
#1772=DIRECTION('',(1.,0.,0.));
#1773=DIRECTION('',(0.,-1.,0.));
#1774=DIRECTION('',(0.,0.,-1.));
#1775=DIRECTION('',(0.,0.,1.));
#1776=DIRECTION('',(1.,0.,0.));
#1777=DIRECTION('',(0.,0.,1.));
#1778=DIRECTION('',(1.,0.,0.));
#1779=DIRECTION('',(0.,0.,1.));
#1780=DIRECTION('',(1.,0.,0.));
#1781=DIRECTION('',(0.,0.,1.));
#1782=DIRECTION('',(0.,1.,0.));
#1783=DIRECTION('',(0.,0.,1.));
#1784=DIRECTION('',(0.,1.,0.));
#1785=DIRECTION('',(0.,0.,1.));
#1786=DIRECTION('',(-1.,0.,0.));
#1787=DIRECTION('',(0.,0.,1.));
#1788=DIRECTION('',(0.,-1.,0.));
#1789=DIRECTION('',(0.,-1.,0.));
#1790=DIRECTION('',(0.,0.,1.));
#1791=DIRECTION('',(0.,0.,1.));
#1792=DIRECTION('',(1.,0.,0.));
#1793=DIRECTION('',(0.,0.,1.));
#1794=DIRECTION('',(-1.,0.,0.));
#1795=DIRECTION('',(0.,0.,1.));
#1796=DIRECTION('',(-1.,0.,0.));
#1797=DIRECTION('',(0.,0.,1.));
#1798=DIRECTION('',(0.,-1.,0.));
#1799=DIRECTION('',(0.,0.,-1.));
#1800=DIRECTION('',(1.,0.,0.));
#1801=DIRECTION('',(1.,0.,0.));
#1802=DIRECTION('',(0.,0.,1.));
#1803=DIRECTION('',(0.,0.,1.));
#1804=DIRECTION('',(-1.,0.,0.));
#1805=DIRECTION('',(0.,0.,1.));
#1806=DIRECTION('',(-1.,0.,0.));
#1807=DIRECTION('',(0.,-1.,0.));
#1808=DIRECTION('',(0.,0.,-1.));
#1809=DIRECTION('',(0.,-1.,0.));
#1810=DIRECTION('',(0.,0.,-1.));
#1811=DIRECTION('',(0.,0.,1.));
#1812=DIRECTION('',(1.,0.,0.));
#1813=DIRECTION('',(0.,0.,1.));
#1814=DIRECTION('',(0.,-1.,0.));
#1815=DIRECTION('',(0.,0.,1.));
#1816=DIRECTION('',(0.,-1.,0.));
#1817=DIRECTION('',(0.,0.,1.));
#1818=DIRECTION('',(-1.,-1.0842021724855E-16,0.));
#1819=DIRECTION('',(1.0842021724855E-16,-1.,0.));
#1820=DIRECTION('',(0.,0.,1.));
#1821=DIRECTION('',(1.0842021724855E-16,-1.,0.));
#1822=DIRECTION('',(1.0842021724855E-16,-1.,0.));
#1823=DIRECTION('',(0.,0.,1.));
#1824=DIRECTION('',(1.,0.,0.));
#1825=DIRECTION('',(0.,0.,1.));
#1826=DIRECTION('',(1.,0.,0.));
#1827=DIRECTION('',(0.,0.,1.));
#1828=DIRECTION('',(1.,0.,0.));
#1829=DIRECTION('',(0.,0.,1.));
#1830=DIRECTION('',(1.,0.,0.));
#1831=DIRECTION('',(0.,-1.,-3.05311331771918E-16));
#1832=DIRECTION('',(0.,3.05311331771918E-16,-1.));
#1833=DIRECTION('',(0.,-1.,-3.05311331771918E-16));
#1834=DIRECTION('',(0.,3.05311331771918E-16,-1.));
#1835=DIRECTION('',(1.,0.,0.));
#1836=DIRECTION('',(0.,0.,-1.));
#1837=DIRECTION('',(0.,-1.,-3.05311331771918E-16));
#1838=DIRECTION('',(0.,-1.,-3.05311331771918E-16));
#1839=DIRECTION('',(0.,-3.05311331771918E-16,1.));
#1840=DIRECTION('',(0.,-1.,-3.05311331771918E-16));
#1841=DIRECTION('',(0.,-1.,-3.05311331771918E-16));
#1842=DIRECTION('',(1.,0.,0.));
#1843=DIRECTION('',(0.,0.,-1.));
#1844=DIRECTION('',(0.,-1.,-3.05311331771918E-16));
#1845=DIRECTION('',(0.,-3.05311331771918E-16,1.));
#1846=DIRECTION('',(0.,-1.,-3.05311331771918E-16));
#1847=DIRECTION('',(0.,0.,1.));
#1848=DIRECTION('',(1.,0.,0.));
#1849=DIRECTION('',(0.,0.,1.));
#1850=DIRECTION('',(1.,0.,0.));
#1851=DIRECTION('',(0.,3.05311331771918E-16,-1.));
#1852=DIRECTION('',(0.,1.,3.05311331771918E-16));
#1853=DIRECTION('',(0.,1.,3.05311331771918E-16));
#1854=DIRECTION('',(1.,0.,0.));
#1855=DIRECTION('',(0.,1.,3.05311331771918E-16));
#1856=DIRECTION('',(1.,0.,0.));
#1857=DIRECTION('',(-1.,0.,0.));
#1858=DIRECTION('',(0.,0.,1.));
#1859=DIRECTION('',(0.,-3.05311331771918E-16,1.));
#1860=DIRECTION('',(0.,1.,3.05311331771918E-16));
#1861=DIRECTION('',(0.,-3.05311331771918E-16,1.));
#1862=DIRECTION('',(0.,3.05311331771918E-16,-1.));
#1863=DIRECTION('',(0.,1.,3.05311331771918E-16));
#1864=DIRECTION('',(1.,0.,0.));
#1865=DIRECTION('',(0.,1.,3.05311331771918E-16));
#1866=DIRECTION('',(1.,0.,0.));
#1867=DIRECTION('',(0.,-3.05311331771918E-16,1.));
#1868=DIRECTION('',(0.,-1.,-3.05311331771918E-16));
#1869=DIRECTION('',(1.,0.,0.));
#1870=DIRECTION('',(0.,1.,3.05311331771918E-16));
#1871=DIRECTION('',(1.,0.,0.));
#1872=DIRECTION('',(0.,1.,3.05311331771918E-16));
#1873=DIRECTION('',(1.,0.,0.));
#1874=DIRECTION('',(0.,0.,-1.));
#1875=DIRECTION('',(0.,-3.05311331771918E-16,1.));
#1876=DIRECTION('',(0.,1.,3.05311331771918E-16));
#1877=DIRECTION('',(0.,-3.05311331771918E-16,1.));
#1878=DIRECTION('',(0.,-3.05311331771918E-16,1.));
#1879=DIRECTION('',(0.,-1.,-3.05311331771918E-16));
#1880=DIRECTION('',(1.,0.,0.));
#1881=DIRECTION('',(0.,1.,3.05311331771918E-16));
#1882=DIRECTION('',(1.,0.,0.));
#1883=DIRECTION('',(1.,0.,0.));
#1884=DIRECTION('',(0.,0.,-1.));
#1885=DIRECTION('',(0.,-3.05311331771918E-16,1.));
#1886=DIRECTION('',(0.,-3.05311331771918E-16,1.));
#1887=DIRECTION('',(0.,1.,3.05311331771918E-16));
#1888=DIRECTION('',(0.,-3.05311331771918E-16,1.));
#1889=DIRECTION('',(0.,-1.,-3.05311331771918E-16));
#1890=DIRECTION('',(1.,0.,0.));
#1891=DIRECTION('',(0.,-1.,-3.05311331771918E-16));
#1892=DIRECTION('',(1.,0.,0.));
#1893=DIRECTION('',(0.,1.,3.05311331771918E-16));
#1894=DIRECTION('',(0.,-3.05311331771918E-16,1.));
#1895=DIRECTION('',(0.,-1.,-3.05311331771918E-16));
#1896=DIRECTION('',(1.,0.,0.));
#1897=DIRECTION('',(0.,-1.,-3.05311331771918E-16));
#1898=DIRECTION('',(1.,0.,0.));
#1899=DIRECTION('',(-1.,0.,0.));
#1900=DIRECTION('',(0.,0.,1.));
#1901=DIRECTION('',(0.,-3.05311331771918E-16,1.));
#1902=DIRECTION('',(0.,-3.05311331771918E-16,1.));
#1903=DIRECTION('',(0.,-1.,-3.05311331771918E-16));
#1904=DIRECTION('',(1.,0.,0.));
#1905=DIRECTION('',(0.,-1.,-3.05311331771918E-16));
#1906=DIRECTION('',(1.,0.,0.));
#1907=DIRECTION('',(0.,0.,1.));
#1908=DIRECTION('',(1.,0.,0.));
#1909=DIRECTION('',(0.,-1.,0.));
#1910=DIRECTION('',(0.,0.,-1.));
#1911=DIRECTION('',(1.,0.,0.));
#1912=DIRECTION('',(0.,0.,1.));
#1913=DIRECTION('',(1.,0.,0.));
#1914=DIRECTION('',(0.,0.,1.));
#1915=DIRECTION('',(1.,0.,0.));
#1916=DIRECTION('',(0.,0.,-1.));
#1917=DIRECTION('',(0.,1.,0.));
#1918=DIRECTION('',(0.,0.,1.));
#1919=DIRECTION('',(0.,1.,0.));
#1920=DIRECTION('',(0.,-1.,0.));
#1921=DIRECTION('',(0.,0.,-1.));
#1922=DIRECTION('',(1.,0.,0.));
#1923=DIRECTION('',(0.,0.,1.));
#1924=DIRECTION('',(1.,0.,0.));
#1925=DIRECTION('',(0.,0.,1.));
#1926=DIRECTION('',(1.,0.,0.));
#1927=DIRECTION('',(0.,0.,-1.));
#1928=DIRECTION('',(1.,0.,0.));
#1929=DIRECTION('',(0.,0.,-1.));
#1930=DIRECTION('',(1.,0.,0.));
#1931=DIRECTION('',(1.,0.,0.));
#1932=DIRECTION('',(0.,0.,-1.));
#1933=DIRECTION('',(0.,1.,0.));
#1934=DIRECTION('',(0.,1.,0.));
#1935=DIRECTION('',(0.,0.,-1.));
#1936=DIRECTION('',(1.,0.,0.));
#1937=DIRECTION('',(0.,0.,-1.));
#1938=DIRECTION('',(1.,0.,0.));
#1939=DIRECTION('',(0.,0.,1.));
#1940=DIRECTION('',(1.,0.,0.));
#1941=DIRECTION('',(0.,1.,0.));
#1942=DIRECTION('',(0.,0.,1.));
#1943=DIRECTION('',(-1.,0.,0.));
#1944=DIRECTION('',(0.,0.,1.));
#1945=DIRECTION('',(-1.,0.,0.));
#1946=DIRECTION('',(0.,0.,1.));
#1947=DIRECTION('',(1.,0.,0.));
#1948=DIRECTION('',(0.,0.,-1.));
#1949=DIRECTION('',(0.,1.,0.));
#1950=DIRECTION('',(0.,0.,1.));
#1951=DIRECTION('',(0.,1.,0.));
#1952=DIRECTION('',(0.,1.,0.));
#1953=DIRECTION('',(0.,0.,1.));
#1954=DIRECTION('',(-1.,0.,0.));
#1955=DIRECTION('',(0.,0.,1.));
#1956=DIRECTION('',(-1.,0.,0.));
#1957=DIRECTION('',(1.,-4.46527794574845E-16,0.));
#1958=DIRECTION('',(4.46527794574845E-16,1.,0.));
#1959=DIRECTION('',(4.46527794574845E-16,1.,0.));
#1960=DIRECTION('',(4.46527794574845E-16,1.,0.));
#1961=DIRECTION('',(0.,0.,1.));
#1962=DIRECTION('',(1.,0.,0.));
#1963=DIRECTION('',(0.,0.,-1.));
#1964=DIRECTION('',(1.,0.,0.));
#1965=DIRECTION('',(0.,0.,-1.));
#1966=DIRECTION('',(1.,0.,0.));
#1967=DIRECTION('',(0.,0.,-1.));
#1968=DIRECTION('',(1.,0.,0.));
#1969=DIRECTION('',(0.,0.,-1.));
#1970=DIRECTION('',(1.,0.,0.));
#1971=DIRECTION('',(0.,0.,1.));
#1972=DIRECTION('',(1.,0.,0.));
#1973=DIRECTION('',(-1.,0.,0.));
#1974=DIRECTION('',(0.,0.,1.));
#1975=DIRECTION('',(0.,-1.,0.));
#1976=DIRECTION('',(0.,0.,1.));
#1977=DIRECTION('',(0.,-1.,0.));
#1978=DIRECTION('',(0.,0.,1.));
#1979=DIRECTION('',(0.,-1.,0.));
#1980=DIRECTION('',(0.,0.,-1.));
#1981=DIRECTION('',(1.,0.,0.));
#1982=DIRECTION('',(0.,0.,1.));
#1983=DIRECTION('',(1.,0.,0.));
#1984=DIRECTION('',(-1.,0.,0.));
#1985=DIRECTION('',(0.,0.,1.));
#1986=DIRECTION('',(0.,-1.,0.));
#1987=DIRECTION('',(0.,0.,1.));
#1988=DIRECTION('',(0.,-1.,0.));
#1989=DIRECTION('',(0.,-1.,0.));
#1990=DIRECTION('',(0.,0.,-1.));
#1991=DIRECTION('',(1.,0.,0.));
#1992=DIRECTION('',(1.,0.,0.));
#1993=DIRECTION('',(0.,0.,1.));
#1994=DIRECTION('',(1.,0.,0.));
#1995=DIRECTION('',(0.,0.,-1.));
#1996=DIRECTION('',(1.,0.,0.));
#1997=DIRECTION('',(0.,0.,-1.));
#1998=DIRECTION('',(1.,0.,0.));
#1999=DIRECTION('',(0.,0.,-1.));
#2000=DIRECTION('',(1.,0.,0.));
#2001=DIRECTION('',(0.,0.,-1.));
#2002=DIRECTION('',(1.,0.,0.));
#2003=DIRECTION('',(0.,0.,1.));
#2004=DIRECTION('',(1.,0.,0.));
#2005=DIRECTION('',(0.,-1.,0.));
#2006=DIRECTION('',(0.,0.,-1.));
#2007=DIRECTION('',(1.,0.,0.));
#2008=DIRECTION('',(0.,0.,1.));
#2009=DIRECTION('',(1.,0.,0.));
#2010=DIRECTION('',(0.,0.,1.));
#2011=DIRECTION('',(0.,1.,0.));
#2012=DIRECTION('',(0.,0.,1.));
#2013=DIRECTION('',(-1.,0.,0.));
#2014=DIRECTION('',(0.,0.,1.));
#2015=DIRECTION('',(-1.,0.,0.));
#2016=DIRECTION('',(0.,0.,1.));
#2017=DIRECTION('',(0.,1.,0.));
#2018=DIRECTION('',(0.,0.,1.));
#2019=DIRECTION('',(-1.,0.,0.));
#2020=DIRECTION('',(0.,0.,1.));
#2021=DIRECTION('',(-1.,0.,0.));
#2022=DIRECTION('',(0.,0.,1.));
#2023=DIRECTION('',(0.,-1.,0.));
#2024=DIRECTION('',(0.,0.,-1.));
#2025=DIRECTION('',(1.,0.,0.));
#2026=DIRECTION('',(0.,0.,1.));
#2027=DIRECTION('',(1.,0.,0.));
#2028=DIRECTION('',(0.,0.,1.));
#2029=DIRECTION('',(0.,-1.,0.));
#2030=DIRECTION('',(0.,0.,-1.));
#2031=DIRECTION('',(1.,0.,0.));
#2032=DIRECTION('',(0.,0.,1.));
#2033=DIRECTION('',(1.,0.,0.));
#2034=DIRECTION('',(0.,0.,1.));
#2035=DIRECTION('',(0.,0.,-1.));
#2036=DIRECTION('',(1.,0.,0.));
#2037=DIRECTION('',(0.,1.,0.));
#2038=DIRECTION('',(1.,0.,0.));
#2039=DIRECTION('',(0.,1.,0.));
#2040=DIRECTION('',(0.,1.,0.));
#2041=DIRECTION('',(1.,0.,0.));
#2042=DIRECTION('',(0.,1.,0.));
#2043=DIRECTION('',(0.,-1.,0.));
#2044=DIRECTION('',(-1.,0.,0.));
#2045=DIRECTION('',(0.,-1.,0.));
#2046=DIRECTION('',(0.,-1.,0.));
#2047=DIRECTION('',(-1.,0.,0.));
#2048=DIRECTION('',(0.,-1.,0.));
#2049=DIRECTION('',(0.,-1.,0.));
#2050=DIRECTION('',(1.,0.,0.));
#2051=DIRECTION('',(5.12800512296896E-17,-1.,0.));
#2052=DIRECTION('',(-1.,-5.12800512296896E-17,0.));
#2053=DIRECTION('',(5.12800512296896E-17,-1.,0.));
#2054=DIRECTION('',(5.12800512296896E-17,-1.,0.));
#2055=DIRECTION('',(0.,0.,1.));
#2056=DIRECTION('',(-1.,0.,0.));
#2057=DIRECTION('',(0.,0.,1.));
#2058=DIRECTION('',(0.,-1.,0.));
#2059=DIRECTION('',(0.,0.,1.));
#2060=DIRECTION('',(0.,-1.,0.));
#2061=DIRECTION('',(0.,0.,-1.));
#2062=DIRECTION('',(1.,0.,0.));
#2063=DIRECTION('',(1.,0.,0.));
#2064=DIRECTION('',(0.,0.,-1.));
#2065=DIRECTION('',(0.,1.,0.));
#2066=DIRECTION('',(0.,0.,1.));
#2067=DIRECTION('',(1.,0.,0.));
#2068=DIRECTION('',(0.,0.,-1.));
#2069=DIRECTION('',(0.,1.,0.));
#2070=DIRECTION('',(0.,0.,1.));
#2071=DIRECTION('',(0.,-1.,0.));
#2072=DIRECTION('',(0.,0.,-1.));
#2073=DIRECTION('',(1.,0.,0.));
#2074=DIRECTION('',(1.,0.,0.));
#2075=DIRECTION('',(0.,0.,-1.));
#2076=DIRECTION('',(0.,1.,0.));
#2077=DIRECTION('',(0.,0.,1.));
#2078=DIRECTION('',(1.,0.,0.));
#2079=DIRECTION('',(0.,0.,-1.));
#2080=DIRECTION('',(0.,1.,0.));
#2081=DIRECTION('',(0.,0.,1.));
#2082=DIRECTION('',(0.,-1.,0.));
#2083=DIRECTION('',(0.,0.,-1.));
#2084=DIRECTION('',(1.,0.,0.));
#2085=DIRECTION('',(-1.,0.,0.));
#2086=DIRECTION('',(0.,0.,1.));
#2087=DIRECTION('',(0.,-1.,0.));
#2088=DIRECTION('',(0.,0.,1.));
#2089=DIRECTION('',(-1.,0.,0.));
#2090=DIRECTION('',(0.,0.,1.));
#2091=DIRECTION('',(0.,-1.,0.));
#2092=DIRECTION('',(0.,0.,1.));
#2093=DIRECTION('',(0.,1.,0.));
#2094=DIRECTION('',(0.,0.,1.));
#2095=DIRECTION('',(-1.,0.,0.));
#2096=DIRECTION('',(-1.,0.,0.));
#2097=DIRECTION('',(0.,0.,1.));
#2098=DIRECTION('',(0.,-1.,0.));
#2099=DIRECTION('',(0.,0.,1.));
#2100=DIRECTION('',(-1.,0.,0.));
#2101=DIRECTION('',(0.,0.,1.));
#2102=DIRECTION('',(0.,-1.,0.));
#2103=DIRECTION('',(0.,0.,1.));
#2104=DIRECTION('',(0.,1.,0.));
#2105=DIRECTION('',(0.,0.,1.));
#2106=DIRECTION('',(-1.,0.,0.));
#2107=DIRECTION('',(0.,0.,-1.));
#2108=DIRECTION('',(1.,0.,0.));
#2109=CARTESIAN_POINT('',(0.,0.,0.));
#2110=CARTESIAN_POINT('',(0.00483044375757299,0.00644134963115152,0.0109849940732757));
#2111=CARTESIAN_POINT('',(0.00483044375757299,0.00644134963115152,0.0409849940732757));
#2112=CARTESIAN_POINT('',(0.00966088751514598,0.00644134963115152,0.0409849940732757));
#2113=CARTESIAN_POINT('',(0.,0.00644134963115152,0.0409849940732757));
#2114=CARTESIAN_POINT('',(0.00966088751514598,0.00644134963115152,0.0109849940732757));
#2115=CARTESIAN_POINT('',(0.00966088751514598,0.00644134963115152,0.0109849940732757));
#2116=CARTESIAN_POINT('',(0.00483044375757299,0.00644134963115152,0.0109849940732757));
#2117=CARTESIAN_POINT('',(0.,0.00644134963115152,0.0109849940732757));
#2118=CARTESIAN_POINT('',(0.,0.00644134963115152,0.0109849940732757));
#2119=CARTESIAN_POINT('',(0.00966088751514598,0.00255643250605184,0.0109849940732757));
#2120=CARTESIAN_POINT('',(0.00966088751514598,0.00255643250605184,0.0409849940732757));
#2121=CARTESIAN_POINT('',(0.00966088751514598,-0.00132848461904783,0.0409849940732757));
#2122=CARTESIAN_POINT('',(0.00966088751514598,-0.00132848461904783,0.0109849940732757));
#2123=CARTESIAN_POINT('',(0.00966088751514598,-0.00132848461904783,0.0109849940732757));
#2124=CARTESIAN_POINT('',(0.00966088751514598,0.00255643250605184,0.0109849940732757));
#2125=CARTESIAN_POINT('',(0.00483044375757299,-0.00132848461904783,0.0109849940732757));
#2126=CARTESIAN_POINT('',(0.00483044375757299,-0.00132848461904783,0.0409849940732757));
#2127=CARTESIAN_POINT('',(0.,-0.00132848461904783,0.0409849940732757));
#2128=CARTESIAN_POINT('',(0.,-0.00132848461904783,0.0109849940732757));
#2129=CARTESIAN_POINT('',(0.,-0.00132848461904783,0.0109849940732757));
#2130=CARTESIAN_POINT('',(0.00483044375757299,-0.00132848461904783,0.0109849940732757));
#2131=CARTESIAN_POINT('',(0.00512535351515014,0.00190581563114921,0.0109849940732757));
#2132=CARTESIAN_POINT('',(0.00512535351515014,0.00190581563114921,0.0109849940732757));
#2133=CARTESIAN_POINT('',(0.00742535351515014,0.00190581563114921,0.0109849940732757));
#2134=CARTESIAN_POINT('',(0.00512535351515014,0.00190581563114921,0.0409849940732757));
#2135=CARTESIAN_POINT('',(0.00742535351515014,0.00190581563114921,0.0409849940732757));
#2136=CARTESIAN_POINT('',(0.,0.00255643250605184,0.0109849940732757));
#2137=CARTESIAN_POINT('',(0.,0.00255643250605184,0.0409849940732757));
#2138=CARTESIAN_POINT('',(0.,0.00255643250605184,0.0109849940732757));
#2139=CARTESIAN_POINT('',(-0.0378746464848519,-0.0210941843688405,0.0109849940732757));
#2140=CARTESIAN_POINT('',(-0.0378746464848519,-0.0210941843688405,0.0409849940732757));
#2141=CARTESIAN_POINT('',(0.,0.,0.));
#2142=CARTESIAN_POINT('',(-0.08830232536418,-0.0243139405176043,0.0121949940732757));
#2143=CARTESIAN_POINT('',(-0.08830232536418,-0.0243139405176043,0.0484949940732757));
#2144=CARTESIAN_POINT('',(-0.08830232536418,0.00951448660714185,0.0484949940732757));
#2145=CARTESIAN_POINT('',(-0.08830232536418,-0.0581423676423505,0.0484949940732757));
#2146=CARTESIAN_POINT('',(-0.08830232536418,-0.0581423676423505,0.0121949940732757));
#2147=CARTESIAN_POINT('',(-0.08830232536418,-0.0581423676423505,0.0121949940732757));
#2148=CARTESIAN_POINT('',(-0.08830232536418,-0.0243139405176043,0.0121949940732757));
#2149=CARTESIAN_POINT('',(-0.08830232536418,0.00951448660714185,0.0121949940732757));
#2150=CARTESIAN_POINT('',(-0.08830232536418,0.00951448660714185,0.0121949940732757));
#2151=CARTESIAN_POINT('',(-0.0374738982394338,0.00951448660714185,0.0121949940732757));
#2152=CARTESIAN_POINT('',(0.0133545288853124,0.00951448660714184,0.0121949940732757));
#2153=CARTESIAN_POINT('',(0.0133545288853124,0.00951448660714184,0.0121949940732757));
#2154=CARTESIAN_POINT('',(0.0133545288853124,0.00951448660714184,0.0484949940732757));
#2155=CARTESIAN_POINT('',(-0.0374738982394338,0.00951448660714185,0.0484949940732757));
#2156=CARTESIAN_POINT('',(-0.0374738982394338,0.00951448660714185,0.0121949940732757));
#2157=CARTESIAN_POINT('',(0.0133545288853124,-0.0243139405176043,0.0121949940732757));
#2158=CARTESIAN_POINT('',(0.0133545288853124,-0.0581423676423506,0.0121949940732757));
#2159=CARTESIAN_POINT('',(0.0133545288853124,-0.0581423676423506,0.0121949940732757));
#2160=CARTESIAN_POINT('',(0.0133545288853124,-0.0581423676423506,0.0484949940732757));
#2161=CARTESIAN_POINT('',(0.0133545288853124,-0.0243139405176043,0.0484949940732757));
#2162=CARTESIAN_POINT('',(0.0133545288853124,-0.0243139405176043,0.0121949940732757));
#2163=CARTESIAN_POINT('',(-0.0374738982394338,-0.0581423676423505,0.0121949940732757));
#2164=CARTESIAN_POINT('',(-0.0374738982394338,-0.0581423676423505,0.0141780628660321));
#2165=CARTESIAN_POINT('',(-0.0034790125066042,-0.0581423676423505,0.0141780628660321));
#2166=CARTESIAN_POINT('',(-0.0659790125066042,-0.0581423676423505,0.0141780628660321));
#2167=CARTESIAN_POINT('',(-0.0034790125066042,-0.0581423676423505,0.0121949940732757));
#2168=CARTESIAN_POINT('',(-0.0034790125066042,-0.0581423676423505,0.0320780628660322));
#2169=CARTESIAN_POINT('',(-0.0374738982394338,-0.0581423676423505,0.0320780628660322));
#2170=CARTESIAN_POINT('',(-0.0659790125066042,-0.0581423676423505,0.0320780628660322));
#2171=CARTESIAN_POINT('',(-0.0659790125066042,-0.0581423676423505,0.0121949940732757));
#2172=CARTESIAN_POINT('',(-0.0706790125066042,-0.0581423676423505,0.0150580628660322));
#2173=CARTESIAN_POINT('',(-0.0706790125066042,-0.0581423676423505,0.0130580628660322));
#2174=CARTESIAN_POINT('',(-0.0706790125066042,-0.0581423676423505,0.0313180628660321));
#2175=CARTESIAN_POINT('',(-0.0706790125066042,-0.0581423676423505,0.0293180628660321));
#2176=CARTESIAN_POINT('',(-0.0374738982394338,-0.0581423676423505,0.0484949940732757));
#2177=CARTESIAN_POINT('',(-0.0374738982394338,-0.0581423676423505,0.0121949940732757));
#2178=CARTESIAN_POINT('',(-0.0372709147458331,0.0117042587953522,0.0121949940732757));
#2179=CARTESIAN_POINT('',(-0.0862709147458331,0.0117042587953522,0.0121949940732757));
#2180=CARTESIAN_POINT('',(-0.0862709147458331,0.0117042587953522,0.0121949940732757));
#2181=CARTESIAN_POINT('',(-0.0862709147458331,0.0117042587953522,0.0484949940732757));
#2182=CARTESIAN_POINT('',(-0.0372709147458331,0.0117042587953522,0.0484949940732757));
#2183=CARTESIAN_POINT('',(0.0117290852541669,0.0117042587953522,0.0484949940732757));
#2184=CARTESIAN_POINT('',(0.0117290852541669,0.0117042587953522,0.0121949940732757));
#2185=CARTESIAN_POINT('',(0.0117290852541669,0.0117042587953522,0.0121949940732757));
#2186=CARTESIAN_POINT('',(-0.0372709147458331,0.0117042587953522,0.0121949940732757));
#2187=CARTESIAN_POINT('',(-0.0862709147458331,0.00770425879535218,0.0121949940732757));
#2188=CARTESIAN_POINT('',(-0.0862709147458331,0.00770425879535218,0.0484949940732757));
#2189=CARTESIAN_POINT('',(-0.0902709147458331,0.00770425879535218,0.0484949940732757));
#2190=CARTESIAN_POINT('',(-0.0862709147458331,0.00770425879535218,0.0121949940732757));
#2191=CARTESIAN_POINT('',(-0.0902709147458331,0.00770425879535218,0.0121949940732757));
#2192=CARTESIAN_POINT('',(-0.0902709147458331,0.00770425879535218,0.0121949940732757));
#2193=CARTESIAN_POINT('',(-0.0902709147458331,-0.0242957412046478,0.0121949940732757));
#2194=CARTESIAN_POINT('',(-0.0902709147458331,-0.0242957412046478,0.0484949940732757));
#2195=CARTESIAN_POINT('',(-0.0902709147458331,-0.0562957412046478,0.0484949940732757));
#2196=CARTESIAN_POINT('',(-0.0902709147458331,-0.0242957412046478,0.0121949940732757));
#2197=CARTESIAN_POINT('',(-0.0902709147458331,-0.0562957412046478,0.0121949940732757));
#2198=CARTESIAN_POINT('',(-0.0902709147458331,-0.0562957412046478,0.0121949940732757));
#2199=CARTESIAN_POINT('',(-0.0862709147458331,-0.0562957412046478,0.0121949940732757));
#2200=CARTESIAN_POINT('',(-0.0862709147458331,-0.0562957412046478,0.0484949940732757));
#2201=CARTESIAN_POINT('',(-0.0862709147458331,-0.0602957412046478,0.0484949940732757));
#2202=CARTESIAN_POINT('',(-0.0862709147458331,-0.0562957412046478,0.0121949940732757));
#2203=CARTESIAN_POINT('',(-0.0862709147458331,-0.0602957412046478,0.0121949940732757));
#2204=CARTESIAN_POINT('',(-0.0862709147458331,-0.0602957412046478,0.0121949940732757));
#2205=CARTESIAN_POINT('',(-0.0372709147458331,-0.0602957412046478,0.0121949940732757));
#2206=CARTESIAN_POINT('',(-0.0372709147458331,-0.0602957412046478,0.0484949940732757));
#2207=CARTESIAN_POINT('',(0.0117290852541669,-0.0602957412046478,0.0484949940732757));
#2208=CARTESIAN_POINT('',(-0.0372709147458331,-0.0602957412046478,0.0121949940732757));
#2209=CARTESIAN_POINT('',(0.0117290852541669,-0.0602957412046478,0.0121949940732757));
#2210=CARTESIAN_POINT('',(0.0117290852541669,-0.0602957412046478,0.0121949940732757));
#2211=CARTESIAN_POINT('',(-0.0034790125066042,-0.0602957412046478,0.0121949940732757));
#2212=CARTESIAN_POINT('',(-0.0034790125066042,-0.0602957412046478,0.0141780628660321));
#2213=CARTESIAN_POINT('',(-0.0034790125066042,-0.0602957412046478,0.0320780628660322));
#2214=CARTESIAN_POINT('',(-0.0372709147458331,-0.0602957412046478,0.0141780628660321));
#2215=CARTESIAN_POINT('',(-0.0659790125066042,-0.0602957412046478,0.0141780628660321));
#2216=CARTESIAN_POINT('',(-0.0659790125066042,-0.0602957412046478,0.0121949940732757));
#2217=CARTESIAN_POINT('',(-0.0659790125066042,-0.0602957412046478,0.0320780628660322));
#2218=CARTESIAN_POINT('',(-0.0372709147458331,-0.0602957412046478,0.0320780628660322));
#2219=CARTESIAN_POINT('',(-0.0706790125066042,-0.0602957412046478,0.0150580628660322));
#2220=CARTESIAN_POINT('',(-0.0706790125066042,-0.0602957412046478,0.0130580628660322));
#2221=CARTESIAN_POINT('',(-0.0706790125066042,-0.0602957412046478,0.0313180628660321));
#2222=CARTESIAN_POINT('',(-0.0706790125066042,-0.0602957412046478,0.0293180628660321));
#2223=CARTESIAN_POINT('',(0.0117290852541669,-0.0562957412046478,0.0121949940732757));
#2224=CARTESIAN_POINT('',(0.0117290852541669,-0.0562957412046478,0.0484949940732757));
#2225=CARTESIAN_POINT('',(0.0157290852541669,-0.0562957412046478,0.0484949940732757));
#2226=CARTESIAN_POINT('',(0.0117290852541669,-0.0562957412046478,0.0121949940732757));
#2227=CARTESIAN_POINT('',(0.0157290852541669,-0.0562957412046478,0.0121949940732757));
#2228=CARTESIAN_POINT('',(0.0157290852541669,-0.0562957412046478,0.0121949940732757));
#2229=CARTESIAN_POINT('',(0.0157290852541669,-0.0242957412046478,0.0121949940732757));
#2230=CARTESIAN_POINT('',(0.0157290852541669,0.00770425879535218,0.0121949940732757));
#2231=CARTESIAN_POINT('',(0.0157290852541669,0.00770425879535218,0.0121949940732757));
#2232=CARTESIAN_POINT('',(0.0157290852541669,0.00770425879535218,0.0484949940732757));
#2233=CARTESIAN_POINT('',(0.0157290852541669,-0.0242957412046478,0.0484949940732757));
#2234=CARTESIAN_POINT('',(0.0157290852541669,-0.0242957412046478,0.0121949940732757));
#2235=CARTESIAN_POINT('',(0.0117290852541669,0.00770425879535218,0.0121949940732757));
#2236=CARTESIAN_POINT('',(0.0117290852541669,0.00770425879535218,0.0484949940732757));
#2237=CARTESIAN_POINT('',(0.0117290852541669,0.00770425879535218,0.0121949940732757));
#2238=CARTESIAN_POINT('',(-0.0372709147458331,-0.0242957412046478,0.0121949940732757));
#2239=CARTESIAN_POINT('',(-0.0706790125066042,-0.0564438515198231,0.0313180628660321));
#2240=CARTESIAN_POINT('',(-0.0706790125066042,-0.0564438515198231,0.0150580628660322));
#2241=CARTESIAN_POINT('',(-0.0034790125066042,-0.0564438515198231,0.0231280628660322));
#2242=CARTESIAN_POINT('',(-0.0034790125066042,-0.0564438515198231,0.0320780628660322));
#2243=CARTESIAN_POINT('',(-0.0034790125066042,-0.0564438515198231,0.0141780628660321));
#2244=CARTESIAN_POINT('',(-0.0347290125066042,-0.0564438515198231,0.0320780628660322));
#2245=CARTESIAN_POINT('',(-0.0659790125066042,-0.0564438515198231,0.0320780628660322));
#2246=CARTESIAN_POINT('',(-0.0659790125066042,-0.0564438515198231,0.0231880628660321));
#2247=CARTESIAN_POINT('',(-0.0659790125066042,-0.0564438515198231,0.0141780628660321));
#2248=CARTESIAN_POINT('',(-0.0365140125066042,-0.0564438515198231,0.0141780628660321));
#2249=CARTESIAN_POINT('',(-0.0372709147458331,-0.0242957412046478,0.0484949940732757));
#2250=CARTESIAN_POINT('',(0.,0.,0.));
#2251=CARTESIAN_POINT('',(-0.0347290125066042,-0.0594438515198231,0.0320780628660322));
#2252=CARTESIAN_POINT('',(-0.0659790125066042,-0.0594438515198231,0.0320780628660322));
#2253=CARTESIAN_POINT('',(-0.0659790125066042,-0.0594438515198231,0.0320780628660322));
#2254=CARTESIAN_POINT('',(-0.0659790125066042,-0.0543438515198231,0.0320780628660322));
#2255=CARTESIAN_POINT('',(-0.0347290125066042,-0.0543438515198231,0.0320780628660322));
#2256=CARTESIAN_POINT('',(-0.0034790125066042,-0.0543438515198231,0.0320780628660322));
#2257=CARTESIAN_POINT('',(-0.0034790125066042,-0.0594438515198231,0.0320780628660322));
#2258=CARTESIAN_POINT('',(-0.0034790125066042,-0.0594438515198231,0.0320780628660322));
#2259=CARTESIAN_POINT('',(-0.0347290125066042,-0.0594438515198231,0.0320780628660322));
#2260=CARTESIAN_POINT('',(-0.0034790125066042,-0.0594438515198231,0.0231280628660322));
#2261=CARTESIAN_POINT('',(-0.0034790125066042,-0.0543438515198231,0.0231280628660322));
#2262=CARTESIAN_POINT('',(-0.0034790125066042,-0.0543438515198231,0.0141780628660322));
#2263=CARTESIAN_POINT('',(-0.0034790125066042,-0.0594438515198231,0.0141780628660321));
#2264=CARTESIAN_POINT('',(-0.0034790125066042,-0.0594438515198231,0.0141780628660321));
#2265=CARTESIAN_POINT('',(-0.0034790125066042,-0.0594438515198231,0.0231280628660322));
#2266=CARTESIAN_POINT('',(-0.0365140125066042,-0.0594438515198231,0.0141780628660321));
#2267=CARTESIAN_POINT('',(-0.0365140125066042,-0.0543438515198231,0.0141780628660322));
#2268=CARTESIAN_POINT('',(-0.0659790125066042,-0.0543438515198231,0.0141780628660322));
#2269=CARTESIAN_POINT('',(-0.0659790125066042,-0.0594438515198231,0.0141780628660321));
#2270=CARTESIAN_POINT('',(-0.0659790125066042,-0.0594438515198231,0.0141780628660321));
#2271=CARTESIAN_POINT('',(-0.0365140125066042,-0.0594438515198231,0.0141780628660321));
#2272=CARTESIAN_POINT('',(-0.0365140125066042,-0.0594438515198231,0.0337280628660322));
#2273=CARTESIAN_POINT('',(-0.0365140125066042,-0.0543438515198231,0.0337280628660322));
#2274=CARTESIAN_POINT('',(-0.0730890125066042,-0.0543438515198231,0.0337280628660322));
#2275=CARTESIAN_POINT('',(6.09874933957949E-05,-0.0543438515198231,0.0337280628660322));
#2276=CARTESIAN_POINT('',(-0.0730890125066042,-0.0594438515198231,0.0337280628660322));
#2277=CARTESIAN_POINT('',(-0.0730890125066042,-0.0594438515198231,0.0337280628660322));
#2278=CARTESIAN_POINT('',(-0.0365140125066042,-0.0594438515198231,0.0337280628660322));
#2279=CARTESIAN_POINT('',(6.09874933957949E-05,-0.0594438515198231,0.0337280628660322));
#2280=CARTESIAN_POINT('',(6.09874933957949E-05,-0.0594438515198231,0.0337280628660322));
#2281=CARTESIAN_POINT('',(-0.0730890125066042,-0.0594438515198231,0.0231880628660321));
#2282=CARTESIAN_POINT('',(-0.0730890125066042,-0.0543438515198231,0.0231880628660321));
#2283=CARTESIAN_POINT('',(-0.0730890125066042,-0.0543438515198231,0.0126480628660322));
#2284=CARTESIAN_POINT('',(-0.0730890125066042,-0.0594438515198231,0.0126480628660321));
#2285=CARTESIAN_POINT('',(-0.0730890125066042,-0.0594438515198231,0.0126480628660321));
#2286=CARTESIAN_POINT('',(-0.0730890125066042,-0.0594438515198231,0.0231880628660321));
#2287=CARTESIAN_POINT('',(-0.0365140125066042,-0.0594438515198231,0.0126480628660321));
#2288=CARTESIAN_POINT('',(-0.0365140125066042,-0.0543438515198231,0.0126480628660322));
#2289=CARTESIAN_POINT('',(6.09874933957949E-05,-0.0543438515198231,0.0126480628660322));
#2290=CARTESIAN_POINT('',(6.09874933957949E-05,-0.0594438515198231,0.0126480628660321));
#2291=CARTESIAN_POINT('',(6.09874933957949E-05,-0.0594438515198231,0.0126480628660321));
#2292=CARTESIAN_POINT('',(-0.0365140125066042,-0.0594438515198231,0.0126480628660321));
#2293=CARTESIAN_POINT('',(6.09874933957949E-05,-0.0594438515198231,0.0231880628660321));
#2294=CARTESIAN_POINT('',(6.09874933957949E-05,-0.0543438515198231,0.0231880628660321));
#2295=CARTESIAN_POINT('',(6.09874933957949E-05,-0.0594438515198231,0.0231880628660321));
#2296=CARTESIAN_POINT('',(-0.0706790125066042,-0.0594438515198231,0.0150580628660322));
#2297=CARTESIAN_POINT('',(-0.0706790125066042,-0.0594438515198231,0.0150580628660322));
#2298=CARTESIAN_POINT('',(-0.0686790125066042,-0.0594438515198231,0.0150580628660322));
#2299=CARTESIAN_POINT('',(-0.0706790125066042,-0.0543438515198231,0.0150580628660322));
#2300=CARTESIAN_POINT('',(-0.0686790125066042,-0.0543438515198231,0.0150580628660322));
#2301=CARTESIAN_POINT('',(-0.0706790125066042,-0.0594438515198231,0.0313180628660321));
#2302=CARTESIAN_POINT('',(-0.0706790125066042,-0.0594438515198231,0.0313180628660321));
#2303=CARTESIAN_POINT('',(-0.0686790125066042,-0.0594438515198231,0.0313180628660321));
#2304=CARTESIAN_POINT('',(-0.0706790125066042,-0.0543438515198231,0.0313180628660321));
#2305=CARTESIAN_POINT('',(-0.0686790125066042,-0.0543438515198231,0.0313180628660321));
#2306=CARTESIAN_POINT('',(-0.0659790125066042,-0.0594438515198231,0.0231880628660321));
#2307=CARTESIAN_POINT('',(-0.0659790125066042,-0.0543438515198231,0.0231880628660321));
#2308=CARTESIAN_POINT('',(-0.0659790125066042,-0.0594438515198231,0.0231880628660321));
#2309=CARTESIAN_POINT('',(-0.0365140125066042,-0.0594438515198231,0.0231880628660321));
#2310=CARTESIAN_POINT('',(-0.0365140125066042,-0.0543438515198231,0.0231880628660321));
#2311=CARTESIAN_POINT('',(0.,0.,0.));
#2312=CARTESIAN_POINT('',(-0.0805797367272693,-0.0478362031280871,0.0109849940732757));
#2313=CARTESIAN_POINT('',(-0.0805797367272693,-0.0478362031280871,0.0409849940732757));
#2314=CARTESIAN_POINT('',(-0.0854101804848423,-0.0478362031280871,0.0409849940732757));
#2315=CARTESIAN_POINT('',(-0.0757492929696963,-0.0478362031280871,0.0409849940732757));
#2316=CARTESIAN_POINT('',(-0.0854101804848423,-0.0478362031280871,0.0109849940732757));
#2317=CARTESIAN_POINT('',(-0.0854101804848423,-0.0478362031280871,0.0109849940732757));
#2318=CARTESIAN_POINT('',(-0.0805797367272693,-0.0478362031280871,0.0109849940732757));
#2319=CARTESIAN_POINT('',(-0.0757492929696963,-0.0478362031280871,0.0109849940732757));
#2320=CARTESIAN_POINT('',(-0.0757492929696963,-0.0478362031280871,0.0109849940732757));
#2321=CARTESIAN_POINT('',(-0.0854101804848423,-0.0439512860029874,0.0109849940732757));
#2322=CARTESIAN_POINT('',(-0.0854101804848423,-0.0439512860029874,0.0409849940732757));
#2323=CARTESIAN_POINT('',(-0.0854101804848423,-0.0400663688778878,0.0409849940732757));
#2324=CARTESIAN_POINT('',(-0.0854101804848423,-0.0400663688778878,0.0109849940732757));
#2325=CARTESIAN_POINT('',(-0.0854101804848423,-0.0400663688778878,0.0109849940732757));
#2326=CARTESIAN_POINT('',(-0.0854101804848423,-0.0439512860029874,0.0109849940732757));
#2327=CARTESIAN_POINT('',(-0.0805797367272693,-0.0400663688778878,0.0109849940732757));
#2328=CARTESIAN_POINT('',(-0.0805797367272693,-0.0400663688778878,0.0409849940732757));
#2329=CARTESIAN_POINT('',(-0.0757492929696963,-0.0400663688778878,0.0409849940732757));
#2330=CARTESIAN_POINT('',(-0.0757492929696963,-0.0400663688778878,0.0109849940732757));
#2331=CARTESIAN_POINT('',(-0.0757492929696963,-0.0400663688778878,0.0109849940732757));
#2332=CARTESIAN_POINT('',(-0.0805797367272693,-0.0400663688778878,0.0109849940732757));
#2333=CARTESIAN_POINT('',(-0.0808746464848499,-0.0440941843688508,0.0109849940732757));
#2334=CARTESIAN_POINT('',(-0.0808746464848499,-0.0440941843688508,0.0109849940732757));
#2335=CARTESIAN_POINT('',(-0.0785746464848499,-0.0440941843688508,0.0109849940732757));
#2336=CARTESIAN_POINT('',(-0.0808746464848499,-0.0440941843688508,0.0409849940732757));
#2337=CARTESIAN_POINT('',(-0.0785746464848499,-0.0440941843688508,0.0409849940732757));
#2338=CARTESIAN_POINT('',(-0.0757492929696963,-0.0439512860029874,0.0109849940732757));
#2339=CARTESIAN_POINT('',(-0.0757492929696963,-0.0439512860029874,0.0409849940732757));
#2340=CARTESIAN_POINT('',(-0.0757492929696963,-0.0439512860029874,0.0109849940732757));
#2341=CARTESIAN_POINT('',(-0.0378746464848519,-0.0210941843688405,0.0109849940732757));
#2342=CARTESIAN_POINT('',(-0.0378746464848519,-0.0210941843688405,0.0409849940732757));
#2343=CARTESIAN_POINT('',(0.,0.,0.));
#2344=CARTESIAN_POINT('',(0.00228874327150479,-0.0486297183687831,0.0109849940732757));
#2345=CARTESIAN_POINT('',(0.00228874327150479,-0.0486297183687831,0.0409849940732757));
#2346=CARTESIAN_POINT('',(0.00966088751514597,-0.0486297183687831,0.0409849940732757));
#2347=CARTESIAN_POINT('',(0.,-0.0486297183687831,0.0409849940732757));
#2348=CARTESIAN_POINT('',(0.,-0.0486297183687831,0.0109849940732757));
#2349=CARTESIAN_POINT('',(0.,-0.0486297183687831,0.0109849940732757));
#2350=CARTESIAN_POINT('',(0.00228874327150479,-0.0486297183687831,0.0109849940732757));
#2351=CARTESIAN_POINT('',(0.00966088751514597,-0.0486297183687831,0.0109849940732757));
#2352=CARTESIAN_POINT('',(0.00966088751514597,-0.0486297183687831,0.0109849940732757));
#2353=CARTESIAN_POINT('',(0.,-0.0447448012436835,0.0109849940732757));
#2354=CARTESIAN_POINT('',(0.,-0.0447448012436835,0.0409849940732757));
#2355=CARTESIAN_POINT('',(1.7347234759768E-18,-0.0408598841185838,0.0409849940732757));
#2356=CARTESIAN_POINT('',(1.7347234759768E-18,-0.0408598841185838,0.0109849940732757));
#2357=CARTESIAN_POINT('',(1.7347234759768E-18,-0.0408598841185838,0.0109849940732757));
#2358=CARTESIAN_POINT('',(0.,-0.0447448012436835,0.0109849940732757));
#2359=CARTESIAN_POINT('',(0.00483044375757299,-0.0408598841185838,0.0109849940732757));
#2360=CARTESIAN_POINT('',(0.00483044375757299,-0.0408598841185838,0.0409849940732757));
#2361=CARTESIAN_POINT('',(0.00966088751514597,-0.0408598841185838,0.0409849940732757));
#2362=CARTESIAN_POINT('',(0.00966088751514597,-0.0408598841185838,0.0109849940732757));
#2363=CARTESIAN_POINT('',(0.00966088751514597,-0.0408598841185838,0.0109849940732757));
#2364=CARTESIAN_POINT('',(0.00483044375757299,-0.0408598841185838,0.0109849940732757));
#2365=CARTESIAN_POINT('',(0.00966088751514597,-0.0447448012436835,0.0109849940732757));
#2366=CARTESIAN_POINT('',(0.00966088751514597,-0.0447448012436835,0.0409849940732757));
#2367=CARTESIAN_POINT('',(0.00966088751514597,-0.0447448012436835,0.0109849940732757));
#2368=CARTESIAN_POINT('',(0.00512535351515014,-0.0440941843688508,0.0109849940732757));
#2369=CARTESIAN_POINT('',(0.00512535351515014,-0.0440941843688508,0.0109849940732757));
#2370=CARTESIAN_POINT('',(0.00742535351515014,-0.0440941843688508,0.0109849940732757));
#2371=CARTESIAN_POINT('',(0.00512535351515014,-0.0440941843688508,0.0409849940732757));
#2372=CARTESIAN_POINT('',(0.00742535351515014,-0.0440941843688508,0.0409849940732757));
#2373=CARTESIAN_POINT('',(-0.0378746464848519,-0.0210941843688405,0.0109849940732757));
#2374=CARTESIAN_POINT('',(-0.0378746464848519,-0.0210941843688405,0.0409849940732757));
#2375=CARTESIAN_POINT('',(0.,0.,0.));
#2376=CARTESIAN_POINT('',(-0.0854101804848532,0.00234554239324595,0.0109849940732757));
#2377=CARTESIAN_POINT('',(-0.0854101804848532,0.00234554239324595,0.0409849940732757));
#2378=CARTESIAN_POINT('',(-0.0854101804848532,0.00644134963115406,0.0409849940732757));
#2379=CARTESIAN_POINT('',(-0.0854101804848532,-0.00175026484466216,0.0409849940732757));
#2380=CARTESIAN_POINT('',(-0.0854101804848532,0.00644134963115406,0.0109849940732757));
#2381=CARTESIAN_POINT('',(-0.0854101804848532,0.00644134963115406,0.0109849940732757));
#2382=CARTESIAN_POINT('',(-0.0854101804848532,0.00234554239324595,0.0109849940732757));
#2383=CARTESIAN_POINT('',(-0.0854101804848532,-0.00175026484466216,0.0109849940732757));
#2384=CARTESIAN_POINT('',(-0.0854101804848532,-0.00175026484466216,0.0109849940732757));
#2385=CARTESIAN_POINT('',(-0.0805797367272802,0.00644134963115406,0.0109849940732757));
#2386=CARTESIAN_POINT('',(-0.0805797367272802,0.00644134963115406,0.0409849940732757));
#2387=CARTESIAN_POINT('',(-0.0757492929697072,0.00644134963115406,0.0409849940732757));
#2388=CARTESIAN_POINT('',(-0.0757492929697072,0.00644134963115406,0.0109849940732757));
#2389=CARTESIAN_POINT('',(-0.0757492929697072,0.00644134963115406,0.0109849940732757));
#2390=CARTESIAN_POINT('',(-0.0805797367272802,0.00644134963115406,0.0109849940732757));
#2391=CARTESIAN_POINT('',(-0.0757492929697072,0.00234554239324595,0.0109849940732757));
#2392=CARTESIAN_POINT('',(-0.0757492929697072,0.00234554239324595,0.0409849940732757));
#2393=CARTESIAN_POINT('',(-0.0757492929697072,-0.00175026484466216,0.0409849940732757));
#2394=CARTESIAN_POINT('',(-0.0757492929697072,-0.00175026484466216,0.0109849940732757));
#2395=CARTESIAN_POINT('',(-0.0757492929697072,-0.00175026484466216,0.0109849940732757));
#2396=CARTESIAN_POINT('',(-0.0757492929697072,0.00234554239324595,0.0109849940732757));
#2397=CARTESIAN_POINT('',(-0.0805797367272802,-0.00175026484466216,0.0109849940732757));
#2398=CARTESIAN_POINT('',(-0.0805797367272802,-0.00175026484466216,0.0409849940732757));
#2399=CARTESIAN_POINT('',(-0.0805797367272802,-0.00175026484466216,0.0109849940732757));
#2400=CARTESIAN_POINT('',(-0.0808746464848499,0.00190581563114921,0.0109849940732757));
#2401=CARTESIAN_POINT('',(-0.0808746464848499,0.00190581563114921,0.0109849940732757));
#2402=CARTESIAN_POINT('',(-0.0785746464848499,0.00190581563114921,0.0109849940732757));
#2403=CARTESIAN_POINT('',(-0.0808746464848499,0.00190581563114921,0.0409849940732757));
#2404=CARTESIAN_POINT('',(-0.0785746464848499,0.00190581563114921,0.0409849940732757));
#2405=CARTESIAN_POINT('',(-0.0378746464848519,-0.0210941843688405,0.0109849940732757));
#2406=CARTESIAN_POINT('',(-0.0378746464848519,-0.0210941843688405,0.0409849940732757));
#2407=CARTESIAN_POINT('',(0.,0.,0.));
#2408=CARTESIAN_POINT('',(-0.0374738982394338,0.00951448660714185,0.0109829940732757));
#2409=CARTESIAN_POINT('',(-0.0374738982394338,0.00951448660714185,0.0109849940732757));
#2410=CARTESIAN_POINT('',(-0.08830232536418,0.00951448660714185,0.0109849940732757));
#2411=CARTESIAN_POINT('',(0.0133545288853124,0.00951448660714184,0.0109849940732757));
#2412=CARTESIAN_POINT('',(-0.08830232536418,0.00951448660714185,0.0109829940732757));
#2413=CARTESIAN_POINT('',(-0.08830232536418,0.00951448660714185,0.0121949940732757));
#2414=CARTESIAN_POINT('',(-0.0374738982394338,0.00951448660714185,0.0121949940732757));
#2415=CARTESIAN_POINT('',(0.0133545288853124,0.00951448660714184,0.0121949940732757));
#2416=CARTESIAN_POINT('',(0.0133545288853124,0.00951448660714184,0.0109829940732757));
#2417=CARTESIAN_POINT('',(-0.0805982580089207,0.00492614644486418,0.0109829940732757));
#2418=CARTESIAN_POINT('',(-0.0805982580089207,0.00492614644486418,0.0109849940732757));
#2419=CARTESIAN_POINT('',(-0.0770484378647543,0.00492614644486418,0.0109849940732757));
#2420=CARTESIAN_POINT('',(-0.0841480781530871,0.00492614644486418,0.0109849940732757));
#2421=CARTESIAN_POINT('',(-0.0770484378647543,0.00492614644486418,0.0109829940732757));
#2422=CARTESIAN_POINT('',(-0.0770484378647543,0.00492614644486418,0.0121949940732757));
#2423=CARTESIAN_POINT('',(-0.0805982580089207,0.00492614644486418,0.0121949940732757));
#2424=CARTESIAN_POINT('',(-0.0841480781530871,0.00492614644486418,0.0121949940732757));
#2425=CARTESIAN_POINT('',(-0.0841480781530871,0.00492614644486418,0.0109829940732757));
#2426=CARTESIAN_POINT('',(-0.0807090661019451,-0.0409139861738318,0.0109829940732757));
#2427=CARTESIAN_POINT('',(-0.0807090661019451,-0.0409139861738318,0.0109849940732757));
#2428=CARTESIAN_POINT('',(-0.077100971211627,-0.0409139861738318,0.0109849940732757));
#2429=CARTESIAN_POINT('',(-0.0843171609922633,-0.0409139861738318,0.0109849940732757));
#2430=CARTESIAN_POINT('',(-0.077100971211627,-0.0409139861738318,0.0109829940732757));
#2431=CARTESIAN_POINT('',(-0.077100971211627,-0.0409139861738318,0.0121949940732757));
#2432=CARTESIAN_POINT('',(-0.0807090661019451,-0.0409139861738318,0.0121949940732757));
#2433=CARTESIAN_POINT('',(-0.0843171609922633,-0.0409139861738318,0.0121949940732757));
#2434=CARTESIAN_POINT('',(-0.0843171609922633,-0.0409139861738318,0.0109829940732757));
#2435=CARTESIAN_POINT('',(0.00489700201892692,-0.0467158818866116,0.0109829940732757));
#2436=CARTESIAN_POINT('',(0.00489700201892692,-0.0467158818866116,0.0109849940732757));
#2437=CARTESIAN_POINT('',(0.0010912487471269,-0.0467158818866116,0.0109849940732757));
#2438=CARTESIAN_POINT('',(0.00870275529072694,-0.0467158818866116,0.0109849940732757));
#2439=CARTESIAN_POINT('',(0.0010912487471269,-0.0467158818866116,0.0109829940732757));
#2440=CARTESIAN_POINT('',(0.0010912487471269,-0.0467158818866116,0.0121949940732757));
#2441=CARTESIAN_POINT('',(0.00489700201892692,-0.0467158818866116,0.0121949940732757));
#2442=CARTESIAN_POINT('',(0.00870275529072694,-0.0467158818866116,0.0121949940732757));
#2443=CARTESIAN_POINT('',(0.00870275529072694,-0.0467158818866116,0.0109829940732757));
#2444=CARTESIAN_POINT('',(0.00537820292179223,-0.00101834969946899,0.0109829940732757));
#2445=CARTESIAN_POINT('',(0.00537820292179223,-0.00101834969946899,0.0109849940732757));
#2446=CARTESIAN_POINT('',(0.00222183515510164,-0.00101834969946899,0.0109849940732757));
#2447=CARTESIAN_POINT('',(0.00853457068848282,-0.00101834969946899,0.0109849940732757));
#2448=CARTESIAN_POINT('',(0.00222183515510164,-0.00101834969946899,0.0109829940732757));
#2449=CARTESIAN_POINT('',(0.00222183515510164,-0.00101834969946899,0.0121949940732757));
#2450=CARTESIAN_POINT('',(0.00537820292179223,-0.00101834969946899,0.0121949940732757));
#2451=CARTESIAN_POINT('',(0.00853457068848282,-0.00101834969946899,0.0121949940732757));
#2452=CARTESIAN_POINT('',(0.00853457068848282,-0.00101834969946899,0.0109829940732757));
#2453=CARTESIAN_POINT('',(-0.0372709147458331,-0.0242957412046478,0.0121949940732757));
#2454=CARTESIAN_POINT('',(0.00222183515510164,0.00166807141281489,0.0121949940732757));
#2455=CARTESIAN_POINT('',(0.00222183515510164,0.00435449252509877,0.0121949940732757));
#2456=CARTESIAN_POINT('',(0.00537820292179223,0.00435449252509877,0.0121949940732757));
#2457=CARTESIAN_POINT('',(0.00853457068848282,0.00435449252509877,0.0121949940732757));
#2458=CARTESIAN_POINT('',(0.00853457068848282,0.00166807141281489,0.0121949940732757));
#2459=CARTESIAN_POINT('',(0.0010912487471269,-0.0438914003037452,0.0121949940732757));
#2460=CARTESIAN_POINT('',(0.0010912487471269,-0.0410669187208788,0.0121949940732757));
#2461=CARTESIAN_POINT('',(0.00489700201892692,-0.0410669187208788,0.0121949940732757));
#2462=CARTESIAN_POINT('',(0.00870275529072694,-0.0410669187208788,0.0121949940732757));
#2463=CARTESIAN_POINT('',(0.00870275529072694,-0.0438914003037452,0.0121949940732757));
#2464=CARTESIAN_POINT('',(-0.077100971211627,-0.0439238667579852,0.0121949940732757));
#2465=CARTESIAN_POINT('',(-0.077100971211627,-0.0469337473421388,0.0121949940732757));
#2466=CARTESIAN_POINT('',(-0.0807090661019451,-0.0469337473421388,0.0121949940732757));
#2467=CARTESIAN_POINT('',(-0.0843171609922633,-0.0469337473421388,0.0121949940732757));
#2468=CARTESIAN_POINT('',(-0.0843171609922633,-0.0439238667579852,0.0121949940732757));
#2469=CARTESIAN_POINT('',(-0.0770484378647543,0.00196569605066916,0.0121949940732757));
#2470=CARTESIAN_POINT('',(-0.0770484378647543,-0.000994754343525845,0.0121949940732757));
#2471=CARTESIAN_POINT('',(-0.0805982580089207,-0.000994754343525845,0.0121949940732757));
#2472=CARTESIAN_POINT('',(-0.0841480781530871,-0.000994754343525845,0.0121949940732757));
#2473=CARTESIAN_POINT('',(-0.0841480781530871,0.00196569605066916,0.0121949940732757));
#2474=CARTESIAN_POINT('',(-0.08830232536418,-0.0243139405176043,0.0121949940732757));
#2475=CARTESIAN_POINT('',(-0.08830232536418,-0.0581423676423505,0.0121949940732757));
#2476=CARTESIAN_POINT('',(-0.0374738982394338,-0.0581423676423505,0.0121949940732757));
#2477=CARTESIAN_POINT('',(0.0133545288853124,-0.0581423676423506,0.0121949940732757));
#2478=CARTESIAN_POINT('',(0.0133545288853124,-0.0243139405176043,0.0121949940732757));
#2479=CARTESIAN_POINT('',(0.0133545288853124,-0.0243139405176043,0.0109829940732757));
#2480=CARTESIAN_POINT('',(0.0133545288853124,-0.0243139405176043,0.0109849940732757));
#2481=CARTESIAN_POINT('',(0.0133545288853124,-0.0581423676423506,0.0109849940732757));
#2482=CARTESIAN_POINT('',(0.0133545288853124,-0.0581423676423506,0.0109829940732757));
#2483=CARTESIAN_POINT('',(-0.08830232536418,-0.0243139405176043,0.0109829940732757));
#2484=CARTESIAN_POINT('',(-0.08830232536418,-0.0243139405176043,0.0109849940732757));
#2485=CARTESIAN_POINT('',(-0.08830232536418,-0.0581423676423505,0.0109849940732757));
#2486=CARTESIAN_POINT('',(-0.08830232536418,-0.0581423676423505,0.0109829940732757));
#2487=CARTESIAN_POINT('',(-0.0374738982394338,-0.0581423676423505,0.0109829940732757));
#2488=CARTESIAN_POINT('',(-0.0374738982394338,-0.0581423676423505,0.0109849940732757));
#2489=CARTESIAN_POINT('',(0.00853457068848282,0.00166807141281489,0.0109829940732757));
#2490=CARTESIAN_POINT('',(0.00853457068848282,0.00166807141281489,0.0109849940732757));
#2491=CARTESIAN_POINT('',(0.00853457068848282,0.00435449252509877,0.0109849940732757));
#2492=CARTESIAN_POINT('',(0.00853457068848282,0.00435449252509877,0.0109829940732757));
#2493=CARTESIAN_POINT('',(0.00222183515510164,0.00166807141281489,0.0109829940732757));
#2494=CARTESIAN_POINT('',(0.00222183515510164,0.00166807141281489,0.0109849940732757));
#2495=CARTESIAN_POINT('',(0.00222183515510164,0.00435449252509877,0.0109849940732757));
#2496=CARTESIAN_POINT('',(0.00222183515510164,0.00435449252509877,0.0109829940732757));
#2497=CARTESIAN_POINT('',(0.00537820292179223,0.00435449252509877,0.0109829940732757));
#2498=CARTESIAN_POINT('',(0.00537820292179223,0.00435449252509877,0.0109849940732757));
#2499=CARTESIAN_POINT('',(0.00870275529072694,-0.0438914003037452,0.0109829940732757));
#2500=CARTESIAN_POINT('',(0.00870275529072694,-0.0438914003037452,0.0109849940732757));
#2501=CARTESIAN_POINT('',(0.00870275529072694,-0.0410669187208788,0.0109849940732757));
#2502=CARTESIAN_POINT('',(0.00870275529072694,-0.0410669187208788,0.0109829940732757));
#2503=CARTESIAN_POINT('',(0.0010912487471269,-0.0438914003037452,0.0109829940732757));
#2504=CARTESIAN_POINT('',(0.0010912487471269,-0.0438914003037452,0.0109849940732757));
#2505=CARTESIAN_POINT('',(0.0010912487471269,-0.0410669187208788,0.0109849940732757));
#2506=CARTESIAN_POINT('',(0.0010912487471269,-0.0410669187208788,0.0109829940732757));
#2507=CARTESIAN_POINT('',(0.00489700201892692,-0.0410669187208788,0.0109829940732757));
#2508=CARTESIAN_POINT('',(0.00489700201892692,-0.0410669187208788,0.0109849940732757));
#2509=CARTESIAN_POINT('',(-0.0843171609922633,-0.0439238667579852,0.0109829940732757));
#2510=CARTESIAN_POINT('',(-0.0843171609922633,-0.0439238667579852,0.0109849940732757));
#2511=CARTESIAN_POINT('',(-0.0843171609922633,-0.0469337473421388,0.0109849940732757));
#2512=CARTESIAN_POINT('',(-0.0843171609922633,-0.0469337473421388,0.0109829940732757));
#2513=CARTESIAN_POINT('',(-0.077100971211627,-0.0439238667579852,0.0109829940732757));
#2514=CARTESIAN_POINT('',(-0.077100971211627,-0.0439238667579852,0.0109849940732757));
#2515=CARTESIAN_POINT('',(-0.077100971211627,-0.0469337473421388,0.0109849940732757));
#2516=CARTESIAN_POINT('',(-0.077100971211627,-0.0469337473421388,0.0109829940732757));
#2517=CARTESIAN_POINT('',(-0.0807090661019451,-0.0469337473421388,0.0109829940732757));
#2518=CARTESIAN_POINT('',(-0.0807090661019451,-0.0469337473421388,0.0109849940732757));
#2519=CARTESIAN_POINT('',(-0.0841480781530871,0.00196569605066916,0.0109829940732757));
#2520=CARTESIAN_POINT('',(-0.0841480781530871,0.00196569605066916,0.0109849940732757));
#2521=CARTESIAN_POINT('',(-0.0841480781530871,-0.000994754343525845,0.0109849940732757));
#2522=CARTESIAN_POINT('',(-0.0841480781530871,-0.000994754343525845,0.0109829940732757));
#2523=CARTESIAN_POINT('',(-0.0770484378647543,0.00196569605066916,0.0109829940732757));
#2524=CARTESIAN_POINT('',(-0.0770484378647543,0.00196569605066916,0.0109849940732757));
#2525=CARTESIAN_POINT('',(-0.0770484378647543,-0.000994754343525845,0.0109849940732757));
#2526=CARTESIAN_POINT('',(-0.0770484378647543,-0.000994754343525845,0.0109829940732757));
#2527=CARTESIAN_POINT('',(-0.0805982580089207,-0.000994754343525845,0.0109829940732757));
#2528=CARTESIAN_POINT('',(-0.0805982580089207,-0.000994754343525845,0.0109849940732757));
#2529=CARTESIAN_POINT('',(-0.0378746464848519,-0.0210941843688405,0.0109849940732757));
#2530=MECHANICAL_DESIGN_GEOMETRIC_PRESENTATION_REPRESENTATION('',(#1527),#2537);
#2531=MECHANICAL_DESIGN_GEOMETRIC_PRESENTATION_REPRESENTATION('',(#1528),#2538);
#2532=MECHANICAL_DESIGN_GEOMETRIC_PRESENTATION_REPRESENTATION('',(#1529),#2539);
#2533=MECHANICAL_DESIGN_GEOMETRIC_PRESENTATION_REPRESENTATION('',(#1530),#2540);
#2534=MECHANICAL_DESIGN_GEOMETRIC_PRESENTATION_REPRESENTATION('',(#1531),#2541);
#2535=MECHANICAL_DESIGN_GEOMETRIC_PRESENTATION_REPRESENTATION('',(#1532),#2542);
#2536=MECHANICAL_DESIGN_GEOMETRIC_PRESENTATION_REPRESENTATION('',(#1533),#2543);
#2537=(
GEOMETRIC_REPRESENTATION_CONTEXT(3)
GLOBAL_UNCERTAINTY_ASSIGNED_CONTEXT((#2544))
GLOBAL_UNIT_ASSIGNED_CONTEXT((#2565,#2558,#2551))
REPRESENTATION_CONTEXT('Part 5','TOP_LEVEL_ASSEMBLY_PART')
);
#2538=(
GEOMETRIC_REPRESENTATION_CONTEXT(3)
GLOBAL_UNCERTAINTY_ASSIGNED_CONTEXT((#2545))
GLOBAL_UNIT_ASSIGNED_CONTEXT((#2566,#2559,#2552))
REPRESENTATION_CONTEXT('Part 1','TOP_LEVEL_ASSEMBLY_PART')
);
#2539=(
GEOMETRIC_REPRESENTATION_CONTEXT(3)
GLOBAL_UNCERTAINTY_ASSIGNED_CONTEXT((#2546))
GLOBAL_UNIT_ASSIGNED_CONTEXT((#2567,#2560,#2553))
REPRESENTATION_CONTEXT('Part 2','TOP_LEVEL_ASSEMBLY_PART')
);
#2540=(
GEOMETRIC_REPRESENTATION_CONTEXT(3)
GLOBAL_UNCERTAINTY_ASSIGNED_CONTEXT((#2547))
GLOBAL_UNIT_ASSIGNED_CONTEXT((#2568,#2561,#2554))
REPRESENTATION_CONTEXT('Part 3','TOP_LEVEL_ASSEMBLY_PART')
);
#2541=(
GEOMETRIC_REPRESENTATION_CONTEXT(3)
GLOBAL_UNCERTAINTY_ASSIGNED_CONTEXT((#2548))
GLOBAL_UNIT_ASSIGNED_CONTEXT((#2569,#2562,#2555))
REPRESENTATION_CONTEXT('Part 4','TOP_LEVEL_ASSEMBLY_PART')
);
#2542=(
GEOMETRIC_REPRESENTATION_CONTEXT(3)
GLOBAL_UNCERTAINTY_ASSIGNED_CONTEXT((#2549))
GLOBAL_UNIT_ASSIGNED_CONTEXT((#2570,#2563,#2556))
REPRESENTATION_CONTEXT('Part 6','TOP_LEVEL_ASSEMBLY_PART')
);
#2543=(
GEOMETRIC_REPRESENTATION_CONTEXT(3)
GLOBAL_UNCERTAINTY_ASSIGNED_CONTEXT((#2550))
GLOBAL_UNIT_ASSIGNED_CONTEXT((#2571,#2564,#2557))
REPRESENTATION_CONTEXT('Part 7','TOP_LEVEL_ASSEMBLY_PART')
);
#2544=UNCERTAINTY_MEASURE_WITH_UNIT(LENGTH_MEASURE(1.E-08),#2565,'DISTANCE_ACCURACY_VALUE','Maximum Tolerance applied to model');
#2545=UNCERTAINTY_MEASURE_WITH_UNIT(LENGTH_MEASURE(1.E-08),#2566,'DISTANCE_ACCURACY_VALUE','Maximum Tolerance applied to model');
#2546=UNCERTAINTY_MEASURE_WITH_UNIT(LENGTH_MEASURE(1.E-08),#2567,'DISTANCE_ACCURACY_VALUE','Maximum Tolerance applied to model');
#2547=UNCERTAINTY_MEASURE_WITH_UNIT(LENGTH_MEASURE(1.E-08),#2568,'DISTANCE_ACCURACY_VALUE','Maximum Tolerance applied to model');
#2548=UNCERTAINTY_MEASURE_WITH_UNIT(LENGTH_MEASURE(1.E-08),#2569,'DISTANCE_ACCURACY_VALUE','Maximum Tolerance applied to model');
#2549=UNCERTAINTY_MEASURE_WITH_UNIT(LENGTH_MEASURE(1.E-08),#2570,'DISTANCE_ACCURACY_VALUE','Maximum Tolerance applied to model');
#2550=UNCERTAINTY_MEASURE_WITH_UNIT(LENGTH_MEASURE(1.E-08),#2571,'DISTANCE_ACCURACY_VALUE','Maximum Tolerance applied to model');
#2551=(
NAMED_UNIT(*)
SI_UNIT($,.STERADIAN.)
SOLID_ANGLE_UNIT()
);
#2552=(
NAMED_UNIT(*)
SI_UNIT($,.STERADIAN.)
SOLID_ANGLE_UNIT()
);
#2553=(
NAMED_UNIT(*)
SI_UNIT($,.STERADIAN.)
SOLID_ANGLE_UNIT()
);
#2554=(
NAMED_UNIT(*)
SI_UNIT($,.STERADIAN.)
SOLID_ANGLE_UNIT()
);
#2555=(
NAMED_UNIT(*)
SI_UNIT($,.STERADIAN.)
SOLID_ANGLE_UNIT()
);
#2556=(
NAMED_UNIT(*)
SI_UNIT($,.STERADIAN.)
SOLID_ANGLE_UNIT()
);
#2557=(
NAMED_UNIT(*)
SI_UNIT($,.STERADIAN.)
SOLID_ANGLE_UNIT()
);
#2558=(
NAMED_UNIT(*)
PLANE_ANGLE_UNIT()
SI_UNIT($,.RADIAN.)
);
#2559=(
NAMED_UNIT(*)
PLANE_ANGLE_UNIT()
SI_UNIT($,.RADIAN.)
);
#2560=(
NAMED_UNIT(*)
PLANE_ANGLE_UNIT()
SI_UNIT($,.RADIAN.)
);
#2561=(
NAMED_UNIT(*)
PLANE_ANGLE_UNIT()
SI_UNIT($,.RADIAN.)
);
#2562=(
NAMED_UNIT(*)
PLANE_ANGLE_UNIT()
SI_UNIT($,.RADIAN.)
);
#2563=(
NAMED_UNIT(*)
PLANE_ANGLE_UNIT()
SI_UNIT($,.RADIAN.)
);
#2564=(
NAMED_UNIT(*)
PLANE_ANGLE_UNIT()
SI_UNIT($,.RADIAN.)
);
#2565=(
LENGTH_UNIT()
NAMED_UNIT(*)
SI_UNIT($,.METRE.)
);
#2566=(
LENGTH_UNIT()
NAMED_UNIT(*)
SI_UNIT($,.METRE.)
);
#2567=(
LENGTH_UNIT()
NAMED_UNIT(*)
SI_UNIT($,.METRE.)
);
#2568=(
LENGTH_UNIT()
NAMED_UNIT(*)
SI_UNIT($,.METRE.)
);
#2569=(
LENGTH_UNIT()
NAMED_UNIT(*)
SI_UNIT($,.METRE.)
);
#2570=(
LENGTH_UNIT()
NAMED_UNIT(*)
SI_UNIT($,.METRE.)
);
#2571=(
LENGTH_UNIT()
NAMED_UNIT(*)
SI_UNIT($,.METRE.)
);
#2572=PRODUCT_DEFINITION_SHAPE('','',#2579);
#2573=PRODUCT_DEFINITION_SHAPE('','',#2580);
#2574=PRODUCT_DEFINITION_SHAPE('','',#2581);
#2575=PRODUCT_DEFINITION_SHAPE('','',#2582);
#2576=PRODUCT_DEFINITION_SHAPE('','',#2583);
#2577=PRODUCT_DEFINITION_SHAPE('','',#2584);
#2578=PRODUCT_DEFINITION_SHAPE('','',#2585);
#2579=PRODUCT_DEFINITION('','',#2593,#2586);
#2580=PRODUCT_DEFINITION('','',#2594,#2587);
#2581=PRODUCT_DEFINITION('','',#2595,#2588);
#2582=PRODUCT_DEFINITION('','',#2596,#2589);
#2583=PRODUCT_DEFINITION('','',#2597,#2590);
#2584=PRODUCT_DEFINITION('','',#2598,#2591);
#2585=PRODUCT_DEFINITION('','',#2599,#2592);
#2586=PRODUCT_DEFINITION_CONTEXT('',#2635,'design');
#2587=PRODUCT_DEFINITION_CONTEXT('',#2636,'design');
#2588=PRODUCT_DEFINITION_CONTEXT('',#2637,'design');
#2589=PRODUCT_DEFINITION_CONTEXT('',#2638,'design');
#2590=PRODUCT_DEFINITION_CONTEXT('',#2639,'design');
#2591=PRODUCT_DEFINITION_CONTEXT('',#2640,'design');
#2592=PRODUCT_DEFINITION_CONTEXT('',#2641,'design');
#2593=PRODUCT_DEFINITION_FORMATION_WITH_SPECIFIED_SOURCE('','',#2607,.NOT_KNOWN.);
#2594=PRODUCT_DEFINITION_FORMATION_WITH_SPECIFIED_SOURCE('','',#2608,.NOT_KNOWN.);
#2595=PRODUCT_DEFINITION_FORMATION_WITH_SPECIFIED_SOURCE('','',#2609,.NOT_KNOWN.);
#2596=PRODUCT_DEFINITION_FORMATION_WITH_SPECIFIED_SOURCE('','',#2610,.NOT_KNOWN.);
#2597=PRODUCT_DEFINITION_FORMATION_WITH_SPECIFIED_SOURCE('','',#2611,.NOT_KNOWN.);
#2598=PRODUCT_DEFINITION_FORMATION_WITH_SPECIFIED_SOURCE('','',#2612,.NOT_KNOWN.);
#2599=PRODUCT_DEFINITION_FORMATION_WITH_SPECIFIED_SOURCE('','',#2613,.NOT_KNOWN.);
#2600=PRODUCT_RELATED_PRODUCT_CATEGORY('','',(#2607));
#2601=PRODUCT_RELATED_PRODUCT_CATEGORY('','',(#2608));
#2602=PRODUCT_RELATED_PRODUCT_CATEGORY('','',(#2609));
#2603=PRODUCT_RELATED_PRODUCT_CATEGORY('','',(#2610));
#2604=PRODUCT_RELATED_PRODUCT_CATEGORY('','',(#2611));
#2605=PRODUCT_RELATED_PRODUCT_CATEGORY('','',(#2612));
#2606=PRODUCT_RELATED_PRODUCT_CATEGORY('','',(#2613));
#2607=PRODUCT('Part 5','Part 5','Part 5',(#2621));
#2608=PRODUCT('Part 1','Part 1','Part 1',(#2622));
#2609=PRODUCT('Part 2','Part 2','Part 2',(#2623));
#2610=PRODUCT('Part 3','Part 3','Part 3',(#2624));
#2611=PRODUCT('Part 4','Part 4','Part 4',(#2625));
#2612=PRODUCT('Part 6','Part 6','Part 6',(#2626));
#2613=PRODUCT('Part 7','Part 7','Part 7',(#2627));
#2614=PRODUCT_CATEGORY('','');
#2615=PRODUCT_CATEGORY('','');
#2616=PRODUCT_CATEGORY('','');
#2617=PRODUCT_CATEGORY('','');
#2618=PRODUCT_CATEGORY('','');
#2619=PRODUCT_CATEGORY('','');
#2620=PRODUCT_CATEGORY('','');
#2621=PRODUCT_CONTEXT('',#2635,'mechanical');
#2622=PRODUCT_CONTEXT('',#2636,'mechanical');
#2623=PRODUCT_CONTEXT('',#2637,'mechanical');
#2624=PRODUCT_CONTEXT('',#2638,'mechanical');
#2625=PRODUCT_CONTEXT('',#2639,'mechanical');
#2626=PRODUCT_CONTEXT('',#2640,'mechanical');
#2627=PRODUCT_CONTEXT('',#2641,'mechanical');
#2628=APPLICATION_PROTOCOL_DEFINITION('international standard','ap242_managed_model_based_3d_engineering',2020,#2635);
#2629=APPLICATION_PROTOCOL_DEFINITION('international standard','ap242_managed_model_based_3d_engineering',2020,#2636);
#2630=APPLICATION_PROTOCOL_DEFINITION('international standard','ap242_managed_model_based_3d_engineering',2020,#2637);
#2631=APPLICATION_PROTOCOL_DEFINITION('international standard','ap242_managed_model_based_3d_engineering',2020,#2638);
#2632=APPLICATION_PROTOCOL_DEFINITION('international standard','ap242_managed_model_based_3d_engineering',2020,#2639);
#2633=APPLICATION_PROTOCOL_DEFINITION('international standard','ap242_managed_model_based_3d_engineering',2020,#2640);
#2634=APPLICATION_PROTOCOL_DEFINITION('international standard','ap242_managed_model_based_3d_engineering',2020,#2641);
#2635=APPLICATION_CONTEXT('managed model based 3d engineering');
#2636=APPLICATION_CONTEXT('managed model based 3d engineering');
#2637=APPLICATION_CONTEXT('managed model based 3d engineering');
#2638=APPLICATION_CONTEXT('managed model based 3d engineering');
#2639=APPLICATION_CONTEXT('managed model based 3d engineering');
#2640=APPLICATION_CONTEXT('managed model based 3d engineering');
#2641=APPLICATION_CONTEXT('managed model based 3d engineering');
#2642=SHAPE_ASPECT('DISTANCE.F5R7raA16wibyoY_4',$,#2576,.T.);
#2643=GEOMETRIC_ITEM_SPECIFIC_USAGE('','',#2642,#21,#1490);
#2644=SHAPE_ASPECT('DISTANCE.F5R7raA16wibyoY_4',$,#2576,.T.);
#2645=GEOMETRIC_ITEM_SPECIFIC_USAGE('','',#2644,#21,#1489);
#2646=DIMENSIONAL_LOCATION('linear distance','DISTANCE.F5R7raA16wibyoY_4',#2642,#2644);
#2648=(
LENGTH_UNIT()
NAMED_UNIT(*)
SI_UNIT(.MILLI.,.METRE.)
);
#2649=PRECISION_QUALIFIER(3);
#2647=(
LENGTH_MEASURE_WITH_UNIT()
MEASURE_REPRESENTATION_ITEM()
MEASURE_WITH_UNIT(POSITIVE_LENGTH_MEASURE(30.),#2648)
QUALIFIED_REPRESENTATION_ITEM((#2649))
REPRESENTATION_ITEM('nominal value')
);
#2650=SHAPE_DIMENSION_REPRESENTATION('',(#2647),#2541);
#2651=DIMENSIONAL_CHARACTERISTIC_REPRESENTATION(#2646,#2650);
#2652=PRESENTATION_STYLE_ASSIGNMENT((NULL_STYLE(.NULL.)));
#2653=CARTESIAN_POINT('',(0.00483044375757298,-0.050572176931333,0.0259849940732757));
#2654=DIRECTION('',(-1.,0.,0.));
#2655=DIRECTION('',(0.,0.,-1.));
#2656=AXIS2_PLACEMENT_3D('',#2653,#2654,#2655);
#2657=PLANE('',#2656);
#2658=ANNOTATION_PLANE('',(#2652),#2657,(#2685));
#2659=CARTESIAN_POINT('',(0.,0.,0.));
#2660=DIRECTION('',(0.,0.,1.));
#2661=DIRECTION('',(1.,0.,0.));
#2662=AXIS2_PLACEMENT_3D('',#2659,#2660,#2661);
#2663=CARTESIAN_POINT('',(0.,0.,0.));
#2664=DIRECTION('',(0.,0.,1.));
#2665=DIRECTION('',(1.,0.,0.));
#2666=AXIS2_PLACEMENT_3D('',#2663,#2664,#2665);
#2667=SHAPE_REPRESENTATION('',(#2666,#1581),#2541);
#2668=REPRESENTATION_MAP(#2662,#2667);
#2669=MAPPED_ITEM('',#2668,#2662);
#2670=PRESENTATION_STYLE_ASSIGNMENT((NULL_STYLE(.NULL.)));
#2671=STYLED_ITEM('',(#2670),#2669);
#2672=DRAUGHTING_MODEL('',(#2658,#2662,#2669,#2671),#2541);
#2673=DRAUGHTING_PRE_DEFINED_CURVE_FONT('continuous');
#2674=COLOUR_RGB('',0.,0.,0.);
#2675=CURVE_STYLE('',#2673,POSITIVE_LENGTH_MEASURE(0.02),#2674);
#2676=PRESENTATION_STYLE_ASSIGNMENT((#2675));
#2677=COORDINATES_LIST('coordinates',810,((0.0048304,-0.0514666,0.0383017),(0.0048304,-0.0505722,0.0409850),(0.0048304,-0.0496777,0.0383017),(0.0048304,-0.0496777,0.0136683),(0.0048304,-0.0505722,0.0109850),(0.0048304,-0.0514666,0.0136683),(0.0048304,-0.0497271,0.0235900),(0.0048304,-0.0514173,0.0235900),(0.0048304,-0.0515496,0.0235953),(0.0048304,-0.0497271,0.0235900),(0.0048304,-0.0515496,0.0235953),(0.0048304,-0.0516759,0.0236114),(0.0048304,-0.0497271,0.0235900),(0.0048304,-0.0516759,0.0236114),(0.0048304,-0.0517960,0.0236381),(0.0048304,-0.0497271,0.0235900),(0.0048304,-0.0517960,0.0236381),(0.0048304,-0.0519099,0.0236754),(0.0048304,-0.0497271,0.0235900),(0.0048304,-0.0519099,0.0236754),(0.0048304,-0.0520177,0.0237235),(0.0048304,-0.0497271,0.0235900),(0.0048304,-0.0520177,0.0237235),(0.0048304,-0.0521193,0.0237823),(0.0048304,-0.0497271,0.0235900),(0.0048304,-0.0521193,0.0237823),(0.0048304,-0.0522148,0.0238517),(0.0048304,-0.0497271,0.0235900),(0.0048304,-0.0522148,0.0238517),(0.0048304,-0.0523041,0.0239318),(0.0048304,-0.0497271,0.0235900),(0.0048304,-0.0523041,0.0239318),(0.0048304,-0.0523736,0.0240081),(0.0048304,-0.0497271,0.0235900),(0.0048304,-0.0523736,0.0240081),(0.0048304,-0.0524338,0.0240876),(0.0048304,-0.0497271,0.0235900),(0.0048304,-0.0524338,0.0240876),(0.0048304,-0.0524847,0.0241704),(0.0048304,-0.0524847,0.0241704),(0.0048304,-0.0525264,0.0242565),(0.0048304,-0.0525588,0.0243458),(0.0048304,-0.0524847,0.0241704),(0.0048304,-0.0525588,0.0243458),(0.0048304,-0.0525820,0.0244384),(0.0048304,-0.0524847,0.0241704),(0.0048304,-0.0525820,0.0244384),(0.0048304,-0.0525958,0.0245343),(0.0048304,-0.0524847,0.0241704),(0.0048304,-0.0525958,0.0245343),(0.0048304,-0.0526005,0.0246335),(0.0048304,-0.0524847,0.0241704),(0.0048304,-0.0526005,0.0246335),(0.0048304,-0.0525958,0.0247310),(0.0048304,-0.0524847,0.0241704),(0.0048304,-0.0525958,0.0247310),(0.0048304,-0.0525816,0.0248255),(0.0048304,-0.0524847,0.0241704),(0.0048304,-0.0525816,0.0248255),(0.0048304,-0.0525581,0.0249171),(0.0048304,-0.0524847,0.0241704),(0.0048304,-0.0525581,0.0249171),(0.0048304,-0.0525251,0.0250058),(0.0048304,-0.0524847,0.0241704),(0.0048304,-0.0525251,0.0250058),(0.0048304,-0.0524827,0.0250915),(0.0048304,-0.0524847,0.0241704),(0.0048304,-0.0524827,0.0250915),(0.0048304,-0.0524308,0.0251742),(0.0048304,-0.0524847,0.0241704),(0.0048304,-0.0524308,0.0251742),(0.0048304,-0.0523695,0.0252541),(0.0048304,-0.0524847,0.0241704),(0.0048304,-0.0523695,0.0252541),(0.0048304,-0.0522988,0.0253309),(0.0048304,-0.0522988,0.0253309),(0.0048304,-0.0520025,0.0250272),(0.0048304,-0.0520784,0.0249357),(0.0048304,-0.0522988,0.0253309),(0.0048304,-0.0520784,0.0249357),(0.0048304,-0.0521327,0.0248388),(0.0048304,-0.0524847,0.0241704),(0.0048304,-0.0522988,0.0253309),(0.0048304,-0.0521327,0.0248388),(0.0048304,-0.0524847,0.0241704),(0.0048304,-0.0521327,0.0248388),(0.0048304,-0.0521652,0.0247367),(0.0048304,-0.0524847,0.0241704),(0.0048304,-0.0521652,0.0247367),(0.0048304,-0.0521761,0.0246293),(0.0048304,-0.0524847,0.0241704),(0.0048304,-0.0521761,0.0246293),(0.0048304,-0.0521650,0.0245210),(0.0048304,-0.0524847,0.0241704),(0.0048304,-0.0521650,0.0245210),(0.0048304,-0.0521316,0.0244184),(0.0048304,-0.0524847,0.0241704),(0.0048304,-0.0521316,0.0244184),(0.0048304,-0.0520761,0.0243215),(0.0048304,-0.0524847,0.0241704),(0.0048304,-0.0520761,0.0243215),(0.0048304,-0.0519983,0.0242303),(0.0048304,-0.0524847,0.0241704),(0.0048304,-0.0519983,0.0242303),(0.0048304,-0.0518822,0.0241372),(0.0048304,-0.0524847,0.0241704),(0.0048304,-0.0518822,0.0241372),(0.0048304,-0.0517467,0.0240707),(0.0048304,-0.0524847,0.0241704),(0.0048304,-0.0517467,0.0240707),(0.0048304,-0.0516716,0.0240475),(0.0048304,-0.0497271,0.0235900),(0.0048304,-0.0524847,0.0241704),(0.0048304,-0.0516716,0.0240475),(0.0048304,-0.0497271,0.0235900),(0.0048304,-0.0516716,0.0240475),(0.0048304,-0.0515917,0.0240308),(0.0048304,-0.0497271,0.0235900),(0.0048304,-0.0515917,0.0240308),(0.0048304,-0.0515069,0.0240209),(0.0048304,-0.0497271,0.0235900),(0.0048304,-0.0515069,0.0240209),(0.0048304,-0.0514173,0.0240176),(0.0048304,-0.0497271,0.0235900),(0.0048304,-0.0514173,0.0240176),(0.0048304,-0.0497271,0.0240176),(0.0048304,-0.0497271,0.0235900),(0.0048304,-0.0497271,0.0240176),(0.0048304,-0.0496401,0.0240209),(0.0048304,-0.0497271,0.0235900),(0.0048304,-0.0496401,0.0240209),(0.0048304,-0.0495573,0.0240308),(0.0048304,-0.0497271,0.0235900),(0.0048304,-0.0495573,0.0240308),(0.0048304,-0.0494046,0.0240707),(0.0048304,-0.0497271,0.0235900),(0.0048304,-0.0494046,0.0240707),(0.0048304,-0.0492689,0.0241372),(0.0048304,-0.0497271,0.0235900),(0.0048304,-0.0492689,0.0241372),(0.0048304,-0.0491503,0.0242303),(0.0048304,-0.0518862,0.0251212),(0.0048304,-0.0520025,0.0250272),(0.0048304,-0.0522988,0.0253309),(0.0048304,-0.0517498,0.0251883),(0.0048304,-0.0518862,0.0251212),(0.0048304,-0.0522988,0.0253309),(0.0048304,-0.0515935,0.0252286),(0.0048304,-0.0517498,0.0251883),(0.0048304,-0.0522988,0.0253309),(0.0048304,-0.0515079,0.0252387),(0.0048304,-0.0515935,0.0252286),(0.0048304,-0.0522988,0.0253309),(0.0048304,-0.0514173,0.0252420),(0.0048304,-0.0515079,0.0252387),(0.0048304,-0.0522988,0.0253309),(0.0048304,-0.0497197,0.0252420),(0.0048304,-0.0514173,0.0252420),(0.0048304,-0.0522988,0.0253309),(0.0048304,-0.0497197,0.0252420),(0.0048304,-0.0522988,0.0253309),(0.0048304,-0.0522108,0.0254106),(0.0048304,-0.0496314,0.0252387),(0.0048304,-0.0497197,0.0252420),(0.0048304,-0.0522108,0.0254106),(0.0048304,-0.0496314,0.0252387),(0.0048304,-0.0522108,0.0254106),(0.0048304,-0.0521166,0.0254796),(0.0048304,-0.0496314,0.0252387),(0.0048304,-0.0521166,0.0254796),(0.0048304,-0.0520162,0.0255380),(0.0048304,-0.0495480,0.0252287),(0.0048304,-0.0496314,0.0252387),(0.0048304,-0.0520162,0.0255380),(0.0048304,-0.0495480,0.0252287),(0.0048304,-0.0520162,0.0255380),(0.0048304,-0.0519096,0.0255857),(0.0048304,-0.0495480,0.0252287),(0.0048304,-0.0519096,0.0255857),(0.0048304,-0.0517969,0.0256229),(0.0048304,-0.0495480,0.0252287),(0.0048304,-0.0517969,0.0256229),(0.0048304,-0.0516779,0.0256494),(0.0048304,-0.0495480,0.0252287),(0.0048304,-0.0516779,0.0256494),(0.0048304,-0.0515528,0.0256654),(0.0048304,-0.0494695,0.0252121),(0.0048304,-0.0495480,0.0252287),(0.0048304,-0.0515528,0.0256654),(0.0048304,-0.0494695,0.0252121),(0.0048304,-0.0515528,0.0256654),(0.0048304,-0.0514215,0.0256707),(0.0048304,-0.0494695,0.0252121),(0.0048304,-0.0514215,0.0256707),(0.0048304,-0.0497271,0.0256707),(0.0048304,-0.0493958,0.0251889),(0.0048304,-0.0494695,0.0252121),(0.0048304,-0.0497271,0.0256707),(0.0048304,-0.0492633,0.0251224),(0.0048304,-0.0493958,0.0251889),(0.0048304,-0.0497271,0.0256707),(0.0048304,-0.0491503,0.0250293),(0.0048304,-0.0492633,0.0251224),(0.0048304,-0.0497271,0.0256707),(0.0048304,-0.0491503,0.0250293),(0.0048304,-0.0497271,0.0256707),(0.0048304,-0.0497197,0.0256707),(0.0048304,-0.0491503,0.0250293),(0.0048304,-0.0497197,0.0256707),(0.0048304,-0.0495892,0.0256654),(0.0048304,-0.0490716,0.0249341),(0.0048304,-0.0491503,0.0250293),(0.0048304,-0.0495892,0.0256654),(0.0048304,-0.0490716,0.0249341),(0.0048304,-0.0495892,0.0256654),(0.0048304,-0.0494649,0.0256494),(0.0048304,-0.0490154,0.0248356),(0.0048304,-0.0490716,0.0249341),(0.0048304,-0.0494649,0.0256494),(0.0048304,-0.0490154,0.0248356),(0.0048304,-0.0494649,0.0256494),(0.0048304,-0.0493468,0.0256229),(0.0048304,-0.0490154,0.0248356),(0.0048304,-0.0493468,0.0256229),(0.0048304,-0.0492350,0.0255857),(0.0048304,-0.0489816,0.0247340),(0.0048304,-0.0490154,0.0248356),(0.0048304,-0.0492350,0.0255857),(0.0048304,-0.0489816,0.0247340),(0.0048304,-0.0492350,0.0255857),(0.0048304,-0.0491293,0.0255380),(0.0048304,-0.0489816,0.0247340),(0.0048304,-0.0491293,0.0255380),(0.0048304,-0.0490299,0.0254796),(0.0048304,-0.0489704,0.0246293),(0.0048304,-0.0489816,0.0247340),(0.0048304,-0.0490299,0.0254796),(0.0048304,-0.0489704,0.0246293),(0.0048304,-0.0490299,0.0254796),(0.0048304,-0.0489367,0.0254106),(0.0048304,-0.0489704,0.0246293),(0.0048304,-0.0489367,0.0254106),(0.0048304,-0.0488497,0.0253309),(0.0048304,-0.0489816,0.0245202),(0.0048304,-0.0489704,0.0246293),(0.0048304,-0.0488497,0.0253309),(0.0048304,-0.0489816,0.0245202),(0.0048304,-0.0488497,0.0253309),(0.0048304,-0.0487781,0.0252526),(0.0048304,-0.0489816,0.0245202),(0.0048304,-0.0487781,0.0252526),(0.0048304,-0.0487159,0.0251716),(0.0048304,-0.0490154,0.0244173),(0.0048304,-0.0489816,0.0245202),(0.0048304,-0.0487159,0.0251716),(0.0048304,-0.0490154,0.0244173),(0.0048304,-0.0487159,0.0251716),(0.0048304,-0.0486634,0.0250879),(0.0048304,-0.0490154,0.0244173),(0.0048304,-0.0486634,0.0250879),(0.0048304,-0.0486203,0.0250015),(0.0048304,-0.0490716,0.0243207),(0.0048304,-0.0490154,0.0244173),(0.0048304,-0.0486203,0.0250015),(0.0048304,-0.0490716,0.0243207),(0.0048304,-0.0486203,0.0250015),(0.0048304,-0.0485869,0.0249125),(0.0048304,-0.0490716,0.0243207),(0.0048304,-0.0485869,0.0249125),(0.0048304,-0.0485630,0.0248208),(0.0048304,-0.0491503,0.0242303),(0.0048304,-0.0490716,0.0243207),(0.0048304,-0.0485630,0.0248208),(0.0048304,-0.0497271,0.0235900),(0.0048304,-0.0491503,0.0242303),(0.0048304,-0.0485630,0.0248208),(0.0048304,-0.0497271,0.0235900),(0.0048304,-0.0485630,0.0248208),(0.0048304,-0.0485487,0.0247264),(0.0048304,-0.0497271,0.0235900),(0.0048304,-0.0485487,0.0247264),(0.0048304,-0.0485439,0.0246293),(0.0048304,-0.0497271,0.0235900),(0.0048304,-0.0485439,0.0246293),(0.0048304,-0.0485487,0.0245311),(0.0048304,-0.0497271,0.0235900),(0.0048304,-0.0485487,0.0245311),(0.0048304,-0.0485630,0.0244359),(0.0048304,-0.0497271,0.0235900),(0.0048304,-0.0485630,0.0244359),(0.0048304,-0.0485869,0.0243439),(0.0048304,-0.0497271,0.0235900),(0.0048304,-0.0485869,0.0243439),(0.0048304,-0.0486203,0.0242549),(0.0048304,-0.0497271,0.0235900),(0.0048304,-0.0486203,0.0242549),(0.0048304,-0.0486634,0.0241690),(0.0048304,-0.0497271,0.0235900),(0.0048304,-0.0486634,0.0241690),(0.0048304,-0.0487159,0.0240861),(0.0048304,-0.0497271,0.0235900),(0.0048304,-0.0487159,0.0240861),(0.0048304,-0.0487781,0.0240064),(0.0048304,-0.0497271,0.0235900),(0.0048304,-0.0487781,0.0240064),(0.0048304,-0.0488497,0.0239297),(0.0048304,-0.0497271,0.0235900),(0.0048304,-0.0488497,0.0239297),(0.0048304,-0.0489385,0.0238501),(0.0048304,-0.0497271,0.0235900),(0.0048304,-0.0489385,0.0238501),(0.0048304,-0.0490332,0.0237811),(0.0048304,-0.0497271,0.0235900),(0.0048304,-0.0490332,0.0237811),(0.0048304,-0.0491339,0.0237227),(0.0048304,-0.0497271,0.0235900),(0.0048304,-0.0491339,0.0237227),(0.0048304,-0.0492405,0.0236749),(0.0048304,-0.0497271,0.0235900),(0.0048304,-0.0492405,0.0236749),(0.0048304,-0.0493532,0.0236378),(0.0048304,-0.0497271,0.0235900),(0.0048304,-0.0493532,0.0236378),(0.0048304,-0.0494718,0.0236112),(0.0048304,-0.0497271,0.0235900),(0.0048304,-0.0494718,0.0236112),(0.0048304,-0.0495965,0.0235953),(0.0048304,-0.0503124,0.0267544),(0.0048304,-0.0503886,0.0266700),(0.0048304,-0.0504817,0.0265861),(0.0048304,-0.0503124,0.0267544),(0.0048304,-0.0504817,0.0265861),(0.0048304,-0.0505740,0.0265189),(0.0048304,-0.0503124,0.0267544),(0.0048304,-0.0505740,0.0265189),(0.0048304,-0.0506717,0.0264606),(0.0048304,-0.0503124,0.0267544),(0.0048304,-0.0506717,0.0264606),(0.0048304,-0.0507746,0.0264114),(0.0048304,-0.0503124,0.0267544),(0.0048304,-0.0507746,0.0264114),(0.0048304,-0.0508828,0.0263710),(0.0048304,-0.0503124,0.0267544),(0.0048304,-0.0508828,0.0263710),(0.0048304,-0.0509963,0.0263397),(0.0048304,-0.0503124,0.0267544),(0.0048304,-0.0509963,0.0263397),(0.0048304,-0.0511151,0.0263172),(0.0048304,-0.0503124,0.0267544),(0.0048304,-0.0511151,0.0263172),(0.0048304,-0.0512392,0.0263038),(0.0048304,-0.0503124,0.0267544),(0.0048304,-0.0512392,0.0263038),(0.0048304,-0.0513686,0.0262993),(0.0048304,-0.0503124,0.0267544),(0.0048304,-0.0513686,0.0262993),(0.0048304,-0.0514966,0.0263038),(0.0048304,-0.0503124,0.0267544),(0.0048304,-0.0514966,0.0263038),(0.0048304,-0.0516195,0.0263174),(0.0048304,-0.0503124,0.0267544),(0.0048304,-0.0516195,0.0263174),(0.0048304,-0.0517370,0.0263399),(0.0048304,-0.0503124,0.0267544),(0.0048304,-0.0517370,0.0263399),(0.0048304,-0.0518493,0.0263716),(0.0048304,-0.0503124,0.0267544),(0.0048304,-0.0518493,0.0263716),(0.0048304,-0.0519564,0.0264122),(0.0048304,-0.0503124,0.0267544),(0.0048304,-0.0519564,0.0264122),(0.0048304,-0.0520581,0.0264618),(0.0048304,-0.0503124,0.0267544),(0.0048304,-0.0520581,0.0264618),(0.0048304,-0.0521547,0.0265205),(0.0048304,-0.0503124,0.0267544),(0.0048304,-0.0521547,0.0265205),(0.0048304,-0.0522459,0.0265882),(0.0048304,-0.0503124,0.0267544),(0.0048304,-0.0522459,0.0265882),(0.0048304,-0.0523283,0.0266627),(0.0048304,-0.0523283,0.0266627),(0.0048304,-0.0523997,0.0267427),(0.0048304,-0.0524600,0.0268282),(0.0048304,-0.0523283,0.0266627),(0.0048304,-0.0524600,0.0268282),(0.0048304,-0.0525095,0.0269192),(0.0048304,-0.0523283,0.0266627),(0.0048304,-0.0525095,0.0269192),(0.0048304,-0.0525479,0.0270158),(0.0048304,-0.0523283,0.0266627),(0.0048304,-0.0525479,0.0270158),(0.0048304,-0.0525753,0.0271179),(0.0048304,-0.0523283,0.0266627),(0.0048304,-0.0525753,0.0271179),(0.0048304,-0.0525918,0.0272255),(0.0048304,-0.0523283,0.0266627),(0.0048304,-0.0525918,0.0272255),(0.0048304,-0.0525973,0.0273386),(0.0048304,-0.0523283,0.0266627),(0.0048304,-0.0525973,0.0273386),(0.0048304,-0.0525916,0.0274563),(0.0048304,-0.0523283,0.0266627),(0.0048304,-0.0525916,0.0274563),(0.0048304,-0.0525745,0.0275674),(0.0048304,-0.0523283,0.0266627),(0.0048304,-0.0525745,0.0275674),(0.0048304,-0.0525460,0.0276720),(0.0048304,-0.0523283,0.0266627),(0.0048304,-0.0525460,0.0276720),(0.0048304,-0.0525060,0.0277701),(0.0048304,-0.0523283,0.0266627),(0.0048304,-0.0525060,0.0277701),(0.0048304,-0.0524547,0.0278617),(0.0048304,-0.0523283,0.0266627),(0.0048304,-0.0524547,0.0278617),(0.0048304,-0.0523919,0.0279468),(0.0048304,-0.0523283,0.0266627),(0.0048304,-0.0523919,0.0279468),(0.0048304,-0.0523177,0.0280254),(0.0048304,-0.0523283,0.0266627),(0.0048304,-0.0523177,0.0280254),(0.0048304,-0.0522322,0.0280974),(0.0048304,-0.0523283,0.0266627),(0.0048304,-0.0522322,0.0280974),(0.0048304,-0.0521371,0.0281637),(0.0048304,-0.0523283,0.0266627),(0.0048304,-0.0521371,0.0281637),(0.0048304,-0.0520361,0.0282211),(0.0048304,-0.0520361,0.0282211),(0.0048304,-0.0519290,0.0282696),(0.0048304,-0.0518160,0.0283094),(0.0048304,-0.0520361,0.0282211),(0.0048304,-0.0518160,0.0283094),(0.0048304,-0.0516970,0.0283403),(0.0048304,-0.0520361,0.0282211),(0.0048304,-0.0516970,0.0283403),(0.0048304,-0.0515720,0.0283623),(0.0048304,-0.0520361,0.0282211),(0.0048304,-0.0515720,0.0283623),(0.0048304,-0.0514410,0.0283756),(0.0048304,-0.0520361,0.0282211),(0.0048304,-0.0514410,0.0283756),(0.0048304,-0.0513040,0.0283800),(0.0048304,-0.0520361,0.0282211),(0.0048304,-0.0513040,0.0283800),(0.0048304,-0.0512220,0.0283647),(0.0048304,-0.0520361,0.0282211),(0.0048304,-0.0512220,0.0283647),(0.0048304,-0.0511537,0.0283186),(0.0048304,-0.0520361,0.0282211),(0.0048304,-0.0511537,0.0283186),(0.0048304,-0.0511077,0.0282501),(0.0048304,-0.0520361,0.0282211),(0.0048304,-0.0511077,0.0282501),(0.0048304,-0.0510923,0.0281673),(0.0048304,-0.0520361,0.0282211),(0.0048304,-0.0510923,0.0281673),(0.0048304,-0.0511077,0.0280842),(0.0048304,-0.0520361,0.0282211),(0.0048304,-0.0511077,0.0280842),(0.0048304,-0.0511537,0.0280149),(0.0048304,-0.0520361,0.0282211),(0.0048304,-0.0511537,0.0280149),(0.0048304,-0.0512220,0.0279673),(0.0048304,-0.0520361,0.0282211),(0.0048304,-0.0512220,0.0279673),(0.0048304,-0.0513040,0.0279514),(0.0048304,-0.0520361,0.0282211),(0.0048304,-0.0513040,0.0279514),(0.0048304,-0.0514041,0.0279487),(0.0048304,-0.0520361,0.0282211),(0.0048304,-0.0514041,0.0279487),(0.0048304,-0.0514984,0.0279405),(0.0048304,-0.0520361,0.0282211),(0.0048304,-0.0514984,0.0279405),(0.0048304,-0.0515870,0.0279270),(0.0048304,-0.0520361,0.0282211),(0.0048304,-0.0515870,0.0279270),(0.0048304,-0.0516699,0.0279080),(0.0048304,-0.0520361,0.0282211),(0.0048304,-0.0516699,0.0279080),(0.0048304,-0.0518186,0.0278537),(0.0048304,-0.0520361,0.0282211),(0.0048304,-0.0518186,0.0278537),(0.0048304,-0.0519443,0.0277778),(0.0048304,-0.0520361,0.0282211),(0.0048304,-0.0519443,0.0277778),(0.0048304,-0.0520439,0.0276873),(0.0048304,-0.0520361,0.0282211),(0.0048304,-0.0520439,0.0276873),(0.0048304,-0.0521150,0.0275839),(0.0048304,-0.0520361,0.0282211),(0.0048304,-0.0521150,0.0275839),(0.0048304,-0.0521576,0.0274677),(0.0048304,-0.0523283,0.0266627),(0.0048304,-0.0520361,0.0282211),(0.0048304,-0.0521576,0.0274677),(0.0048304,-0.0523283,0.0266627),(0.0048304,-0.0521576,0.0274677),(0.0048304,-0.0521718,0.0273386),(0.0048304,-0.0523283,0.0266627),(0.0048304,-0.0521718,0.0273386),(0.0048304,-0.0521584,0.0272150),(0.0048304,-0.0523283,0.0266627),(0.0048304,-0.0521584,0.0272150),(0.0048304,-0.0521181,0.0271015),(0.0048304,-0.0523283,0.0266627),(0.0048304,-0.0521181,0.0271015),(0.0048304,-0.0520510,0.0269981),(0.0048304,-0.0523283,0.0266627),(0.0048304,-0.0520510,0.0269981),(0.0048304,-0.0519570,0.0269047),(0.0048304,-0.0523283,0.0266627),(0.0048304,-0.0519570,0.0269047),(0.0048304,-0.0518393,0.0268269),(0.0048304,-0.0523283,0.0266627),(0.0048304,-0.0518393,0.0268269),(0.0048304,-0.0517019,0.0267713),(0.0048304,-0.0523283,0.0266627),(0.0048304,-0.0517019,0.0267713),(0.0048304,-0.0516259,0.0267519),(0.0048304,-0.0523283,0.0266627),(0.0048304,-0.0516259,0.0267519),(0.0048304,-0.0515450,0.0267380),(0.0048304,-0.0523283,0.0266627),(0.0048304,-0.0515450,0.0267380),(0.0048304,-0.0514593,0.0267297),(0.0048304,-0.0523283,0.0266627),(0.0048304,-0.0514593,0.0267297),(0.0048304,-0.0513686,0.0267269),(0.0048304,-0.0503124,0.0267544),(0.0048304,-0.0523283,0.0266627),(0.0048304,-0.0513686,0.0267269),(0.0048304,-0.0503124,0.0267544),(0.0048304,-0.0513686,0.0267269),(0.0048304,-0.0512770,0.0267296),(0.0048304,-0.0503124,0.0267544),(0.0048304,-0.0512770,0.0267296),(0.0048304,-0.0511902,0.0267379),(0.0048304,-0.0503124,0.0267544),(0.0048304,-0.0511902,0.0267379),(0.0048304,-0.0510310,0.0267708),(0.0048304,-0.0503124,0.0267544),(0.0048304,-0.0510310,0.0267708),(0.0048304,-0.0508907,0.0268257),(0.0048304,-0.0503124,0.0267544),(0.0048304,-0.0508907,0.0268257),(0.0048304,-0.0507696,0.0269026),(0.0048304,-0.0503124,0.0267544),(0.0048304,-0.0507696,0.0269026),(0.0048304,-0.0506719,0.0269960),(0.0048304,-0.0503124,0.0267544),(0.0048304,-0.0506719,0.0269960),(0.0048304,-0.0506021,0.0271018),(0.0048304,-0.0502637,0.0267068),(0.0048304,-0.0503124,0.0267544),(0.0048304,-0.0506021,0.0271018),(0.0048304,-0.0502637,0.0267068),(0.0048304,-0.0506021,0.0271018),(0.0048304,-0.0505602,0.0272199),(0.0048304,-0.0502637,0.0267068),(0.0048304,-0.0505602,0.0272199),(0.0048304,-0.0505462,0.0273502),(0.0048304,-0.0502637,0.0267068),(0.0048304,-0.0505462,0.0273502),(0.0048304,-0.0505462,0.0274169),(0.0048304,-0.0502637,0.0267068),(0.0048304,-0.0505462,0.0274169),(0.0048304,-0.0505304,0.0274984),(0.0048304,-0.0502637,0.0267068),(0.0048304,-0.0505304,0.0274984),(0.0048304,-0.0504827,0.0275672),(0.0048304,-0.0502637,0.0267068),(0.0048304,-0.0504827,0.0275672),(0.0048304,-0.0504134,0.0276140),(0.0048304,-0.0502637,0.0267068),(0.0048304,-0.0504134,0.0276140),(0.0048304,-0.0503325,0.0276296),(0.0048304,-0.0502637,0.0267068),(0.0048304,-0.0503325,0.0276296),(0.0048304,-0.0502518,0.0276140),(0.0048304,-0.0502637,0.0267068),(0.0048304,-0.0502518,0.0276140),(0.0048304,-0.0501832,0.0275672),(0.0048304,-0.0502637,0.0267068),(0.0048304,-0.0501832,0.0275672),(0.0048304,-0.0501364,0.0274984),(0.0048304,-0.0502637,0.0267068),(0.0048304,-0.0501364,0.0274984),(0.0048304,-0.0501208,0.0274169),(0.0048304,-0.0502637,0.0267068),(0.0048304,-0.0501208,0.0274169),(0.0048304,-0.0501208,0.0273502),(0.0048304,-0.0502637,0.0267068),(0.0048304,-0.0501208,0.0273502),(0.0048304,-0.0501208,0.0273079),(0.0048304,-0.0502637,0.0267068),(0.0048304,-0.0501208,0.0273079),(0.0048304,-0.0501115,0.0272246),(0.0048304,-0.0502637,0.0267068),(0.0048304,-0.0501115,0.0272246),(0.0048304,-0.0500838,0.0271484),(0.0048304,-0.0502637,0.0267068),(0.0048304,-0.0500838,0.0271484),(0.0048304,-0.0500375,0.0270791),(0.0048304,-0.0502637,0.0267068),(0.0048304,-0.0500375,0.0270791),(0.0048304,-0.0499726,0.0270169),(0.0048304,-0.0502637,0.0267068),(0.0048304,-0.0499726,0.0270169),(0.0048304,-0.0498827,0.0269632),(0.0048304,-0.0502637,0.0267068),(0.0048304,-0.0498827,0.0269632),(0.0048304,-0.0497800,0.0269248),(0.0048304,-0.0502637,0.0267068),(0.0048304,-0.0497800,0.0269248),(0.0048304,-0.0496647,0.0269018),(0.0048304,-0.0502637,0.0267068),(0.0048304,-0.0496647,0.0269018),(0.0048304,-0.0495366,0.0268941),(0.0048304,-0.0502637,0.0267068),(0.0048304,-0.0495366,0.0268941),(0.0048304,-0.0494103,0.0269018),(0.0048304,-0.0502637,0.0267068),(0.0048304,-0.0494103,0.0269018),(0.0048304,-0.0492990,0.0269251),(0.0048304,-0.0494103,0.0278062),(0.0048304,-0.0495366,0.0278149),(0.0048304,-0.0496189,0.0278302),(0.0048304,-0.0494103,0.0278062),(0.0048304,-0.0496189,0.0278302),(0.0048304,-0.0496879,0.0278762),(0.0048304,-0.0492993,0.0277802),(0.0048304,-0.0494103,0.0278062),(0.0048304,-0.0496879,0.0278762),(0.0048304,-0.0492993,0.0277802),(0.0048304,-0.0496879,0.0278762),(0.0048304,-0.0497348,0.0279448),(0.0048304,-0.0492993,0.0277802),(0.0048304,-0.0497348,0.0279448),(0.0048304,-0.0497504,0.0280276),(0.0048304,-0.0492034,0.0277369),(0.0048304,-0.0492993,0.0277802),(0.0048304,-0.0497504,0.0280276),(0.0048304,-0.0492034,0.0277369),(0.0048304,-0.0497504,0.0280276),(0.0048304,-0.0497348,0.0281096),(0.0048304,-0.0492034,0.0277369),(0.0048304,-0.0497348,0.0281096),(0.0048304,-0.0496879,0.0281779),(0.0048304,-0.0491228,0.0276762),(0.0048304,-0.0492034,0.0277369),(0.0048304,-0.0496879,0.0281779),(0.0048304,-0.0491228,0.0276762),(0.0048304,-0.0496879,0.0281779),(0.0048304,-0.0496189,0.0282239),(0.0048304,-0.0490580,0.0276047),(0.0048304,-0.0491228,0.0276762),(0.0048304,-0.0496189,0.0282239),(0.0048304,-0.0490580,0.0276047),(0.0048304,-0.0496189,0.0282239),(0.0048304,-0.0495366,0.0282392),(0.0048304,-0.0490580,0.0276047),(0.0048304,-0.0495366,0.0282392),(0.0048304,-0.0494320,0.0282353),(0.0048304,-0.0490580,0.0276047),(0.0048304,-0.0494320,0.0282353),(0.0048304,-0.0493320,0.0282233),(0.0048304,-0.0490117,0.0275246),(0.0048304,-0.0490580,0.0276047),(0.0048304,-0.0493320,0.0282233),(0.0048304,-0.0490117,0.0275246),(0.0048304,-0.0493320,0.0282233),(0.0048304,-0.0492366,0.0282034),(0.0048304,-0.0490117,0.0275246),(0.0048304,-0.0492366,0.0282034),(0.0048304,-0.0491458,0.0281755),(0.0048304,-0.0489839,0.0274359),(0.0048304,-0.0490117,0.0275246),(0.0048304,-0.0491458,0.0281755),(0.0048304,-0.0489839,0.0274359),(0.0048304,-0.0491458,0.0281755),(0.0048304,-0.0490596,0.0281396),(0.0048304,-0.0489839,0.0274359),(0.0048304,-0.0490596,0.0281396),(0.0048304,-0.0489780,0.0280958),(0.0048304,-0.0489746,0.0273386),(0.0048304,-0.0489839,0.0274359),(0.0048304,-0.0489780,0.0280958),(0.0048304,-0.0489746,0.0273386),(0.0048304,-0.0489780,0.0280958),(0.0048304,-0.0489010,0.0280440),(0.0048304,-0.0489838,0.0272447),(0.0048304,-0.0489746,0.0273386),(0.0048304,-0.0489010,0.0280440),(0.0048304,-0.0489838,0.0272447),(0.0048304,-0.0489010,0.0280440),(0.0048304,-0.0488286,0.0279842),(0.0048304,-0.0489838,0.0272447),(0.0048304,-0.0488286,0.0279842),(0.0048304,-0.0487628,0.0279183),(0.0048304,-0.0490114,0.0271600),(0.0048304,-0.0489838,0.0272447),(0.0048304,-0.0487628,0.0279183),(0.0048304,-0.0490114,0.0271600),(0.0048304,-0.0487628,0.0279183),(0.0048304,-0.0487059,0.0278482),(0.0048304,-0.0490114,0.0271600),(0.0048304,-0.0487059,0.0278482),(0.0048304,-0.0486577,0.0277738),(0.0048304,-0.0490114,0.0271600),(0.0048304,-0.0486577,0.0277738),(0.0048304,-0.0486182,0.0276953),(0.0048304,-0.0490574,0.0270844),(0.0048304,-0.0490114,0.0271600),(0.0048304,-0.0486182,0.0276953),(0.0048304,-0.0490574,0.0270844),(0.0048304,-0.0486182,0.0276953),(0.0048304,-0.0485876,0.0276124),(0.0048304,-0.0490574,0.0270844),(0.0048304,-0.0485876,0.0276124),(0.0048304,-0.0485656,0.0275254),(0.0048304,-0.0491217,0.0270179),(0.0048304,-0.0490574,0.0270844),(0.0048304,-0.0485656,0.0275254),(0.0048304,-0.0491217,0.0270179),(0.0048304,-0.0485656,0.0275254),(0.0048304,-0.0485525,0.0274341),(0.0048304,-0.0491217,0.0270179),(0.0048304,-0.0485525,0.0274341),(0.0048304,-0.0485481,0.0273386),(0.0048304,-0.0492028,0.0269638),(0.0048304,-0.0491217,0.0270179),(0.0048304,-0.0485481,0.0273386),(0.0048304,-0.0492028,0.0269638),(0.0048304,-0.0485481,0.0273386),(0.0048304,-0.0485525,0.0272421),(0.0048304,-0.0492028,0.0269638),(0.0048304,-0.0485525,0.0272421),(0.0048304,-0.0485657,0.0271506),(0.0048304,-0.0492990,0.0269251),(0.0048304,-0.0492028,0.0269638),(0.0048304,-0.0485657,0.0271506),(0.0048304,-0.0492990,0.0269251),(0.0048304,-0.0485657,0.0271506),(0.0048304,-0.0485877,0.0270641),(0.0048304,-0.0502637,0.0267068),(0.0048304,-0.0492990,0.0269251),(0.0048304,-0.0485877,0.0270641),(0.0048304,-0.0502637,0.0267068),(0.0048304,-0.0485877,0.0270641),(0.0048304,-0.0486185,0.0269825),(0.0048304,-0.0502637,0.0267068),(0.0048304,-0.0486185,0.0269825),(0.0048304,-0.0486581,0.0269058),(0.0048304,-0.0502637,0.0267068),(0.0048304,-0.0486581,0.0269058),(0.0048304,-0.0487065,0.0268342),(0.0048304,-0.0502637,0.0267068),(0.0048304,-0.0487065,0.0268342),(0.0048304,-0.0487637,0.0267675),(0.0048304,-0.0502637,0.0267068),(0.0048304,-0.0487637,0.0267675),(0.0048304,-0.0488296,0.0267057),(0.0048304,-0.0502637,0.0267068),(0.0048304,-0.0488296,0.0267057),(0.0048304,-0.0489023,0.0266499),(0.0048304,-0.0502637,0.0267068),(0.0048304,-0.0489023,0.0266499),(0.0048304,-0.0489794,0.0266015),(0.0048304,-0.0502637,0.0267068),(0.0048304,-0.0489794,0.0266015),(0.0048304,-0.0490610,0.0265606),(0.0048304,-0.0502637,0.0267068),(0.0048304,-0.0490610,0.0265606),(0.0048304,-0.0491471,0.0265271),(0.0048304,-0.0502637,0.0267068),(0.0048304,-0.0491471,0.0265271),(0.0048304,-0.0492378,0.0265011),(0.0048304,-0.0502637,0.0267068),(0.0048304,-0.0492378,0.0265011),(0.0048304,-0.0493329,0.0264825),(0.0048304,-0.0502637,0.0267068),(0.0048304,-0.0493329,0.0264825),(0.0048304,-0.0494325,0.0264713),(0.0048304,-0.0502637,0.0267068),(0.0048304,-0.0494325,0.0264713),(0.0048304,-0.0495366,0.0264676),(0.0048304,-0.0502637,0.0267068),(0.0048304,-0.0495366,0.0264676),(0.0048304,-0.0496408,0.0264713),(0.0048304,-0.0502637,0.0267068),(0.0048304,-0.0496408,0.0264713),(0.0048304,-0.0497412,0.0264825),(0.0048304,-0.0502637,0.0267068),(0.0048304,-0.0497412,0.0264825),(0.0048304,-0.0498378,0.0265012),(0.0048304,-0.0502637,0.0267068),(0.0048304,-0.0498378,0.0265012),(0.0048304,-0.0499306,0.0265274),(0.0048304,-0.0502637,0.0267068),(0.0048304,-0.0499306,0.0265274),(0.0048304,-0.0500195,0.0265610),(0.0048304,-0.0502637,0.0267068),(0.0048304,-0.0500195,0.0265610),(0.0048304,-0.0501047,0.0266021),(0.0048304,-0.0502637,0.0267068),(0.0048304,-0.0501047,0.0266021),(0.0048304,-0.0501861,0.0266507)));
#2678=COMPLEX_TRIANGULATED_SURFACE_SET('surface set',#2677,810,(),(),(),((1,2,3),(4,5,6),(7,8,9),(10,11,12),(13,14,15),(16,17,18),(19,20,21),(22,23,24),(25,26,27),(28,29,30),(31,32,33),(34,35,36),(37,38,39),(40,41,42),(43,44,45),(46,47,48),(49,50,51),(52,53,54),(55,56,57),(58,59,60),(61,62,63),(64,65,66),(67,68,69),(70,71,72),(73,74,75),(76,77,78),(79,80,81),(82,83,84),(85,86,87),(88,89,90),(91,92,93),(94,95,96),(97,98,99),(100,101,102),(103,104,105),(106,107,108),(109,110,111),(112,113,114),(115,116,117),(118,119,120),(121,122,123),(124,125,126),(127,128,129),(130,131,132),(133,134,135),(136,137,138),(139,140,141),(142,143,144),(145,146,147),(148,149,150),(151,152,153),(154,155,156),(157,158,159),(160,161,162),(163,164,165),(166,167,168),(169,170,171),(172,173,174),(175,176,177),(178,179,180),(181,182,183),(184,185,186),(187,188,189),(190,191,192),(193,194,195),(196,197,198),(199,200,201),(202,203,204),(205,206,207),(208,209,210),(211,212,213),(214,215,216),(217,218,219),(220,221,222),(223,224,225),(226,227,228),(229,230,231),(232,233,234),(235,236,237),(238,239,240),(241,242,243),(244,245,246),(247,248,249),(250,251,252),(253,254,255),(256,257,258),(259,260,261),(262,263,264),(265,266,267),(268,269,270),(271,272,273),(274,275,276),(277,278,279),(280,281,282),(283,284,285),(286,287,288),(289,290,291),(292,293,294),(295,296,297),(298,299,300),(301,302,303),(304,305,306),(307,308,309),(310,311,312),(313,314,315),(316,317,318),(319,320,321),(322,323,324),(325,326,327),(328,329,330),(331,332,333),(334,335,336),(337,338,339),(340,341,342),(343,344,345),(346,347,348),(349,350,351),(352,353,354),(355,356,357),(358,359,360),(361,362,363),(364,365,366),(367,368,369),(370,371,372),(373,374,375),(376,377,378),(379,380,381),(382,383,384),(385,386,387),(388,389,390),(391,392,393),(394,395,396),(397,398,399),(400,401,402),(403,404,405),(406,407,408),(409,410,411),(412,413,414),(415,416,417),(418,419,420),(421,422,423),(424,425,426),(427,428,429),(430,431,432),(433,434,435),(436,437,438),(439,440,441),(442,443,444),(445,446,447),(448,449,450),(451,452,453),(454,455,456),(457,458,459),(460,461,462),(463,464,465),(466,467,468),(469,470,471),(472,473,474),(475,476,477),(478,479,480),(481,482,483),(484,485,486),(487,488,489),(490,491,492),(493,494,495),(496,497,498),(499,500,501),(502,503,504),(505,506,507),(508,509,510),(511,512,513),(514,515,516),(517,518,519),(520,521,522),(523,524,525),(526,527,528),(529,530,531),(532,533,534),(535,536,537),(538,539,540),(541,542,543),(544,545,546),(547,548,549),(550,551,552),(553,554,555),(556,557,558),(559,560,561),(562,563,564),(565,566,567),(568,569,570),(571,572,573),(574,575,576),(577,578,579),(580,581,582),(583,584,585),(586,587,588),(589,590,591),(592,593,594),(595,596,597),(598,599,600),(601,602,603),(604,605,606),(607,608,609),(610,611,612),(613,614,615),(616,617,618),(619,620,621),(622,623,624),(625,626,627),(628,629,630),(631,632,633),(634,635,636),(637,638,639),(640,641,642),(643,644,645),(646,647,648),(649,650,651),(652,653,654),(655,656,657),(658,659,660),(661,662,663),(664,665,666),(667,668,669),(670,671,672),(673,674,675),(676,677,678),(679,680,681),(682,683,684),(685,686,687),(688,689,690),(691,692,693),(694,695,696),(697,698,699),(700,701,702),(703,704,705),(706,707,708),(709,710,711),(712,713,714),(715,716,717),(718,719,720),(721,722,723),(724,725,726),(727,728,729),(730,731,732),(733,734,735),(736,737,738),(739,740,741),(742,743,744),(745,746,747),(748,749,750),(751,752,753),(754,755,756),(757,758,759),(760,761,762),(763,764,765),(766,767,768),(769,770,771),(772,773,774),(775,776,777),(778,779,780),(781,782,783),(784,785,786),(787,788,789),(790,791,792),(793,794,795),(796,797,798),(799,800,801),(802,803,804),(805,806,807),(808,809,810)));
#2679=TESSELLATED_GEOMETRIC_SET('linear dimension',(#2678));
#2680=COORDINATES_LIST('coordinates',8,((0.0048304,-0.0486297,0.0409850),(0.0048304,-0.0505722,0.0409850),(0.0048304,-0.0486297,0.0109850),(0.0048304,-0.0505722,0.0109850),(0.0048304,-0.0505722,0.0409850),(0.0048304,-0.0505722,0.0293800),(0.0048304,-0.0505722,0.0225900),(0.0048304,-0.0505722,0.0109850)));
#2681=TESSELLATED_CURVE_SET('curve set',#2680,((1,2),(3,4),(5,6),(7,8)));
#2682=TESSELLATED_GEOMETRIC_SET('linear dimension',(#2681));
#2683=TESSELLATED_ANNOTATION_OCCURRENCE('linear dimension',(#2676),#2679);
#2684=TESSELLATED_ANNOTATION_OCCURRENCE('linear dimension',(#2676),#2682);
#2685=DRAUGHTING_CALLOUT('linear dimension',(#2683,#2684));
#2686=DRAUGHTING_MODEL_ITEM_ASSOCIATION('','',#2642,#2672,#2685);
#2687=DRAUGHTING_MODEL_ITEM_ASSOCIATION('','',#2644,#2672,#2685);
#2688=DRAUGHTING_MODEL_ITEM_ASSOCIATION('','',#2646,#2672,#2685);
#2689=SHAPE_ASPECT('DISTANCE.F5R7raA16wibyoY_4',$,#2572,.T.);
#2690=GEOMETRIC_ITEM_SPECIFIC_USAGE('','',#2689,#17,#1444);
#2691=SHAPE_ASPECT('DISTANCE.F5R7raA16wibyoY_4',$,#2572,.T.);
#2692=GEOMETRIC_ITEM_SPECIFIC_USAGE('','',#2691,#17,#1443);
#2693=DIMENSIONAL_LOCATION('linear distance','DISTANCE.F5R7raA16wibyoY_4',#2689,#2691);
#2695=(
LENGTH_UNIT()
NAMED_UNIT(*)
SI_UNIT(.MILLI.,.METRE.)
);
#2696=PRECISION_QUALIFIER(3);
#2694=(
LENGTH_MEASURE_WITH_UNIT()
MEASURE_REPRESENTATION_ITEM()
MEASURE_WITH_UNIT(POSITIVE_LENGTH_MEASURE(30.),#2695)
QUALIFIED_REPRESENTATION_ITEM((#2696))
REPRESENTATION_ITEM('nominal value')
);
#2697=SHAPE_DIMENSION_REPRESENTATION('',(#2694),#2537);
#2698=DIMENSIONAL_CHARACTERISTIC_REPRESENTATION(#2693,#2697);
#2699=PRESENTATION_STYLE_ASSIGNMENT((NULL_STYLE(.NULL.)));
#2700=CARTESIAN_POINT('',(0.00483044375757299,-0.00327094318159767,0.0259849940732757));
#2701=DIRECTION('',(-1.,0.,0.));
#2702=DIRECTION('',(0.,0.,-1.));
#2703=AXIS2_PLACEMENT_3D('',#2700,#2701,#2702);
#2704=PLANE('',#2703);
#2705=ANNOTATION_PLANE('',(#2699),#2704,(#2732));
#2706=CARTESIAN_POINT('',(0.,0.,0.));
#2707=DIRECTION('',(0.,0.,1.));
#2708=DIRECTION('',(1.,0.,0.));
#2709=AXIS2_PLACEMENT_3D('',#2706,#2707,#2708);
#2710=CARTESIAN_POINT('',(0.,0.,0.));
#2711=DIRECTION('',(0.,0.,1.));
#2712=DIRECTION('',(1.,0.,0.));
#2713=AXIS2_PLACEMENT_3D('',#2710,#2711,#2712);
#2714=SHAPE_REPRESENTATION('',(#2713,#1577),#2537);
#2715=REPRESENTATION_MAP(#2709,#2714);
#2716=MAPPED_ITEM('',#2715,#2709);
#2717=PRESENTATION_STYLE_ASSIGNMENT((NULL_STYLE(.NULL.)));
#2718=STYLED_ITEM('',(#2717),#2716);
#2719=DRAUGHTING_MODEL('',(#2705,#2709,#2716,#2718),#2537);
#2720=DRAUGHTING_PRE_DEFINED_CURVE_FONT('continuous');
#2721=COLOUR_RGB('',0.,0.,0.);
#2722=CURVE_STYLE('',#2720,POSITIVE_LENGTH_MEASURE(0.02),#2721);
#2723=PRESENTATION_STYLE_ASSIGNMENT((#2722));
#2724=COORDINATES_LIST('coordinates',810,((0.0048304,-0.0041654,0.0383017),(0.0048304,-0.0032709,0.0409850),(0.0048304,-0.0023765,0.0383017),(0.0048304,-0.0023765,0.0136683),(0.0048304,-0.0032709,0.0109850),(0.0048304,-0.0041654,0.0136683),(0.0048304,-0.0024259,0.0235900),(0.0048304,-0.0041160,0.0235900),(0.0048304,-0.0042484,0.0235953),(0.0048304,-0.0024259,0.0235900),(0.0048304,-0.0042484,0.0235953),(0.0048304,-0.0043747,0.0236114),(0.0048304,-0.0024259,0.0235900),(0.0048304,-0.0043747,0.0236114),(0.0048304,-0.0044947,0.0236381),(0.0048304,-0.0024259,0.0235900),(0.0048304,-0.0044947,0.0236381),(0.0048304,-0.0046087,0.0236754),(0.0048304,-0.0024259,0.0235900),(0.0048304,-0.0046087,0.0236754),(0.0048304,-0.0047165,0.0237235),(0.0048304,-0.0024259,0.0235900),(0.0048304,-0.0047165,0.0237235),(0.0048304,-0.0048181,0.0237823),(0.0048304,-0.0024259,0.0235900),(0.0048304,-0.0048181,0.0237823),(0.0048304,-0.0049136,0.0238517),(0.0048304,-0.0024259,0.0235900),(0.0048304,-0.0049136,0.0238517),(0.0048304,-0.0050029,0.0239318),(0.0048304,-0.0024259,0.0235900),(0.0048304,-0.0050029,0.0239318),(0.0048304,-0.0050724,0.0240081),(0.0048304,-0.0024259,0.0235900),(0.0048304,-0.0050724,0.0240081),(0.0048304,-0.0051326,0.0240876),(0.0048304,-0.0024259,0.0235900),(0.0048304,-0.0051326,0.0240876),(0.0048304,-0.0051835,0.0241704),(0.0048304,-0.0051835,0.0241704),(0.0048304,-0.0052252,0.0242565),(0.0048304,-0.0052576,0.0243458),(0.0048304,-0.0051835,0.0241704),(0.0048304,-0.0052576,0.0243458),(0.0048304,-0.0052807,0.0244384),(0.0048304,-0.0051835,0.0241704),(0.0048304,-0.0052807,0.0244384),(0.0048304,-0.0052946,0.0245343),(0.0048304,-0.0051835,0.0241704),(0.0048304,-0.0052946,0.0245343),(0.0048304,-0.0052992,0.0246335),(0.0048304,-0.0051835,0.0241704),(0.0048304,-0.0052992,0.0246335),(0.0048304,-0.0052945,0.0247310),(0.0048304,-0.0051835,0.0241704),(0.0048304,-0.0052945,0.0247310),(0.0048304,-0.0052804,0.0248255),(0.0048304,-0.0051835,0.0241704),(0.0048304,-0.0052804,0.0248255),(0.0048304,-0.0052568,0.0249171),(0.0048304,-0.0051835,0.0241704),(0.0048304,-0.0052568,0.0249171),(0.0048304,-0.0052238,0.0250058),(0.0048304,-0.0051835,0.0241704),(0.0048304,-0.0052238,0.0250058),(0.0048304,-0.0051814,0.0250915),(0.0048304,-0.0051835,0.0241704),(0.0048304,-0.0051814,0.0250915),(0.0048304,-0.0051296,0.0251742),(0.0048304,-0.0051835,0.0241704),(0.0048304,-0.0051296,0.0251742),(0.0048304,-0.0050683,0.0252541),(0.0048304,-0.0051835,0.0241704),(0.0048304,-0.0050683,0.0252541),(0.0048304,-0.0049976,0.0253309),(0.0048304,-0.0049976,0.0253309),(0.0048304,-0.0047013,0.0250272),(0.0048304,-0.0047772,0.0249357),(0.0048304,-0.0049976,0.0253309),(0.0048304,-0.0047772,0.0249357),(0.0048304,-0.0048315,0.0248388),(0.0048304,-0.0051835,0.0241704),(0.0048304,-0.0049976,0.0253309),(0.0048304,-0.0048315,0.0248388),(0.0048304,-0.0051835,0.0241704),(0.0048304,-0.0048315,0.0248388),(0.0048304,-0.0048640,0.0247367),(0.0048304,-0.0051835,0.0241704),(0.0048304,-0.0048640,0.0247367),(0.0048304,-0.0048748,0.0246293),(0.0048304,-0.0051835,0.0241704),(0.0048304,-0.0048748,0.0246293),(0.0048304,-0.0048637,0.0245210),(0.0048304,-0.0051835,0.0241704),(0.0048304,-0.0048637,0.0245210),(0.0048304,-0.0048304,0.0244184),(0.0048304,-0.0051835,0.0241704),(0.0048304,-0.0048304,0.0244184),(0.0048304,-0.0047748,0.0243215),(0.0048304,-0.0051835,0.0241704),(0.0048304,-0.0047748,0.0243215),(0.0048304,-0.0046970,0.0242303),(0.0048304,-0.0051835,0.0241704),(0.0048304,-0.0046970,0.0242303),(0.0048304,-0.0045810,0.0241372),(0.0048304,-0.0051835,0.0241704),(0.0048304,-0.0045810,0.0241372),(0.0048304,-0.0044454,0.0240707),(0.0048304,-0.0051835,0.0241704),(0.0048304,-0.0044454,0.0240707),(0.0048304,-0.0043704,0.0240475),(0.0048304,-0.0024259,0.0235900),(0.0048304,-0.0051835,0.0241704),(0.0048304,-0.0043704,0.0240475),(0.0048304,-0.0024259,0.0235900),(0.0048304,-0.0043704,0.0240475),(0.0048304,-0.0042904,0.0240308),(0.0048304,-0.0024259,0.0235900),(0.0048304,-0.0042904,0.0240308),(0.0048304,-0.0042057,0.0240209),(0.0048304,-0.0024259,0.0235900),(0.0048304,-0.0042057,0.0240209),(0.0048304,-0.0041160,0.0240176),(0.0048304,-0.0024259,0.0235900),(0.0048304,-0.0041160,0.0240176),(0.0048304,-0.0024259,0.0240176),(0.0048304,-0.0024259,0.0235900),(0.0048304,-0.0024259,0.0240176),(0.0048304,-0.0023388,0.0240209),(0.0048304,-0.0024259,0.0235900),(0.0048304,-0.0023388,0.0240209),(0.0048304,-0.0022561,0.0240308),(0.0048304,-0.0024259,0.0235900),(0.0048304,-0.0022561,0.0240308),(0.0048304,-0.0021033,0.0240707),(0.0048304,-0.0024259,0.0235900),(0.0048304,-0.0021033,0.0240707),(0.0048304,-0.0019677,0.0241372),(0.0048304,-0.0024259,0.0235900),(0.0048304,-0.0019677,0.0241372),(0.0048304,-0.0018491,0.0242303),(0.0048304,-0.0045849,0.0251212),(0.0048304,-0.0047013,0.0250272),(0.0048304,-0.0049976,0.0253309),(0.0048304,-0.0044486,0.0251883),(0.0048304,-0.0045849,0.0251212),(0.0048304,-0.0049976,0.0253309),(0.0048304,-0.0042923,0.0252286),(0.0048304,-0.0044486,0.0251883),(0.0048304,-0.0049976,0.0253309),(0.0048304,-0.0042067,0.0252387),(0.0048304,-0.0042923,0.0252286),(0.0048304,-0.0049976,0.0253309),(0.0048304,-0.0041160,0.0252420),(0.0048304,-0.0042067,0.0252387),(0.0048304,-0.0049976,0.0253309),(0.0048304,-0.0024185,0.0252420),(0.0048304,-0.0041160,0.0252420),(0.0048304,-0.0049976,0.0253309),(0.0048304,-0.0024185,0.0252420),(0.0048304,-0.0049976,0.0253309),(0.0048304,-0.0049096,0.0254106),(0.0048304,-0.0023302,0.0252387),(0.0048304,-0.0024185,0.0252420),(0.0048304,-0.0049096,0.0254106),(0.0048304,-0.0023302,0.0252387),(0.0048304,-0.0049096,0.0254106),(0.0048304,-0.0048154,0.0254796),(0.0048304,-0.0023302,0.0252387),(0.0048304,-0.0048154,0.0254796),(0.0048304,-0.0047150,0.0255380),(0.0048304,-0.0022467,0.0252287),(0.0048304,-0.0023302,0.0252387),(0.0048304,-0.0047150,0.0255380),(0.0048304,-0.0022467,0.0252287),(0.0048304,-0.0047150,0.0255380),(0.0048304,-0.0046084,0.0255857),(0.0048304,-0.0022467,0.0252287),(0.0048304,-0.0046084,0.0255857),(0.0048304,-0.0044956,0.0256229),(0.0048304,-0.0022467,0.0252287),(0.0048304,-0.0044956,0.0256229),(0.0048304,-0.0043767,0.0256494),(0.0048304,-0.0022467,0.0252287),(0.0048304,-0.0043767,0.0256494),(0.0048304,-0.0042516,0.0256654),(0.0048304,-0.0021682,0.0252121),(0.0048304,-0.0022467,0.0252287),(0.0048304,-0.0042516,0.0256654),(0.0048304,-0.0021682,0.0252121),(0.0048304,-0.0042516,0.0256654),(0.0048304,-0.0041203,0.0256707),(0.0048304,-0.0021682,0.0252121),(0.0048304,-0.0041203,0.0256707),(0.0048304,-0.0024259,0.0256707),(0.0048304,-0.0020946,0.0251889),(0.0048304,-0.0021682,0.0252121),(0.0048304,-0.0024259,0.0256707),(0.0048304,-0.0019620,0.0251224),(0.0048304,-0.0020946,0.0251889),(0.0048304,-0.0024259,0.0256707),(0.0048304,-0.0018491,0.0250293),(0.0048304,-0.0019620,0.0251224),(0.0048304,-0.0024259,0.0256707),(0.0048304,-0.0018491,0.0250293),(0.0048304,-0.0024259,0.0256707),(0.0048304,-0.0024185,0.0256707),(0.0048304,-0.0018491,0.0250293),(0.0048304,-0.0024185,0.0256707),(0.0048304,-0.0022879,0.0256654),(0.0048304,-0.0017704,0.0249341),(0.0048304,-0.0018491,0.0250293),(0.0048304,-0.0022879,0.0256654),(0.0048304,-0.0017704,0.0249341),(0.0048304,-0.0022879,0.0256654),(0.0048304,-0.0021637,0.0256494),(0.0048304,-0.0017141,0.0248356),(0.0048304,-0.0017704,0.0249341),(0.0048304,-0.0021637,0.0256494),(0.0048304,-0.0017141,0.0248356),(0.0048304,-0.0021637,0.0256494),(0.0048304,-0.0020456,0.0256229),(0.0048304,-0.0017141,0.0248356),(0.0048304,-0.0020456,0.0256229),(0.0048304,-0.0019337,0.0255857),(0.0048304,-0.0016804,0.0247340),(0.0048304,-0.0017141,0.0248356),(0.0048304,-0.0019337,0.0255857),(0.0048304,-0.0016804,0.0247340),(0.0048304,-0.0019337,0.0255857),(0.0048304,-0.0018281,0.0255380),(0.0048304,-0.0016804,0.0247340),(0.0048304,-0.0018281,0.0255380),(0.0048304,-0.0017287,0.0254796),(0.0048304,-0.0016692,0.0246293),(0.0048304,-0.0016804,0.0247340),(0.0048304,-0.0017287,0.0254796),(0.0048304,-0.0016692,0.0246293),(0.0048304,-0.0017287,0.0254796),(0.0048304,-0.0016355,0.0254106),(0.0048304,-0.0016692,0.0246293),(0.0048304,-0.0016355,0.0254106),(0.0048304,-0.0015485,0.0253309),(0.0048304,-0.0016804,0.0245202),(0.0048304,-0.0016692,0.0246293),(0.0048304,-0.0015485,0.0253309),(0.0048304,-0.0016804,0.0245202),(0.0048304,-0.0015485,0.0253309),(0.0048304,-0.0014768,0.0252526),(0.0048304,-0.0016804,0.0245202),(0.0048304,-0.0014768,0.0252526),(0.0048304,-0.0014147,0.0251716),(0.0048304,-0.0017141,0.0244173),(0.0048304,-0.0016804,0.0245202),(0.0048304,-0.0014147,0.0251716),(0.0048304,-0.0017141,0.0244173),(0.0048304,-0.0014147,0.0251716),(0.0048304,-0.0013621,0.0250879),(0.0048304,-0.0017141,0.0244173),(0.0048304,-0.0013621,0.0250879),(0.0048304,-0.0013191,0.0250015),(0.0048304,-0.0017704,0.0243207),(0.0048304,-0.0017141,0.0244173),(0.0048304,-0.0013191,0.0250015),(0.0048304,-0.0017704,0.0243207),(0.0048304,-0.0013191,0.0250015),(0.0048304,-0.0012857,0.0249125),(0.0048304,-0.0017704,0.0243207),(0.0048304,-0.0012857,0.0249125),(0.0048304,-0.0012618,0.0248208),(0.0048304,-0.0018491,0.0242303),(0.0048304,-0.0017704,0.0243207),(0.0048304,-0.0012618,0.0248208),(0.0048304,-0.0024259,0.0235900),(0.0048304,-0.0018491,0.0242303),(0.0048304,-0.0012618,0.0248208),(0.0048304,-0.0024259,0.0235900),(0.0048304,-0.0012618,0.0248208),(0.0048304,-0.0012474,0.0247264),(0.0048304,-0.0024259,0.0235900),(0.0048304,-0.0012474,0.0247264),(0.0048304,-0.0012426,0.0246293),(0.0048304,-0.0024259,0.0235900),(0.0048304,-0.0012426,0.0246293),(0.0048304,-0.0012474,0.0245311),(0.0048304,-0.0024259,0.0235900),(0.0048304,-0.0012474,0.0245311),(0.0048304,-0.0012618,0.0244359),(0.0048304,-0.0024259,0.0235900),(0.0048304,-0.0012618,0.0244359),(0.0048304,-0.0012857,0.0243439),(0.0048304,-0.0024259,0.0235900),(0.0048304,-0.0012857,0.0243439),(0.0048304,-0.0013191,0.0242549),(0.0048304,-0.0024259,0.0235900),(0.0048304,-0.0013191,0.0242549),(0.0048304,-0.0013621,0.0241690),(0.0048304,-0.0024259,0.0235900),(0.0048304,-0.0013621,0.0241690),(0.0048304,-0.0014147,0.0240861),(0.0048304,-0.0024259,0.0235900),(0.0048304,-0.0014147,0.0240861),(0.0048304,-0.0014768,0.0240064),(0.0048304,-0.0024259,0.0235900),(0.0048304,-0.0014768,0.0240064),(0.0048304,-0.0015485,0.0239297),(0.0048304,-0.0024259,0.0235900),(0.0048304,-0.0015485,0.0239297),(0.0048304,-0.0016372,0.0238501),(0.0048304,-0.0024259,0.0235900),(0.0048304,-0.0016372,0.0238501),(0.0048304,-0.0017319,0.0237811),(0.0048304,-0.0024259,0.0235900),(0.0048304,-0.0017319,0.0237811),(0.0048304,-0.0018326,0.0237227),(0.0048304,-0.0024259,0.0235900),(0.0048304,-0.0018326,0.0237227),(0.0048304,-0.0019393,0.0236749),(0.0048304,-0.0024259,0.0235900),(0.0048304,-0.0019393,0.0236749),(0.0048304,-0.0020520,0.0236378),(0.0048304,-0.0024259,0.0235900),(0.0048304,-0.0020520,0.0236378),(0.0048304,-0.0021706,0.0236112),(0.0048304,-0.0024259,0.0235900),(0.0048304,-0.0021706,0.0236112),(0.0048304,-0.0022952,0.0235953),(0.0048304,-0.0030111,0.0267544),(0.0048304,-0.0030873,0.0266700),(0.0048304,-0.0031805,0.0265861),(0.0048304,-0.0030111,0.0267544),(0.0048304,-0.0031805,0.0265861),(0.0048304,-0.0032728,0.0265189),(0.0048304,-0.0030111,0.0267544),(0.0048304,-0.0032728,0.0265189),(0.0048304,-0.0033704,0.0264606),(0.0048304,-0.0030111,0.0267544),(0.0048304,-0.0033704,0.0264606),(0.0048304,-0.0034733,0.0264114),(0.0048304,-0.0030111,0.0267544),(0.0048304,-0.0034733,0.0264114),(0.0048304,-0.0035816,0.0263710),(0.0048304,-0.0030111,0.0267544),(0.0048304,-0.0035816,0.0263710),(0.0048304,-0.0036951,0.0263397),(0.0048304,-0.0030111,0.0267544),(0.0048304,-0.0036951,0.0263397),(0.0048304,-0.0038139,0.0263172),(0.0048304,-0.0030111,0.0267544),(0.0048304,-0.0038139,0.0263172),(0.0048304,-0.0039380,0.0263038),(0.0048304,-0.0030111,0.0267544),(0.0048304,-0.0039380,0.0263038),(0.0048304,-0.0040673,0.0262993),(0.0048304,-0.0030111,0.0267544),(0.0048304,-0.0040673,0.0262993),(0.0048304,-0.0041954,0.0263038),(0.0048304,-0.0030111,0.0267544),(0.0048304,-0.0041954,0.0263038),(0.0048304,-0.0043182,0.0263174),(0.0048304,-0.0030111,0.0267544),(0.0048304,-0.0043182,0.0263174),(0.0048304,-0.0044358,0.0263399),(0.0048304,-0.0030111,0.0267544),(0.0048304,-0.0044358,0.0263399),(0.0048304,-0.0045481,0.0263716),(0.0048304,-0.0030111,0.0267544),(0.0048304,-0.0045481,0.0263716),(0.0048304,-0.0046551,0.0264122),(0.0048304,-0.0030111,0.0267544),(0.0048304,-0.0046551,0.0264122),(0.0048304,-0.0047569,0.0264618),(0.0048304,-0.0030111,0.0267544),(0.0048304,-0.0047569,0.0264618),(0.0048304,-0.0048534,0.0265205),(0.0048304,-0.0030111,0.0267544),(0.0048304,-0.0048534,0.0265205),(0.0048304,-0.0049447,0.0265882),(0.0048304,-0.0030111,0.0267544),(0.0048304,-0.0049447,0.0265882),(0.0048304,-0.0050270,0.0266627),(0.0048304,-0.0050270,0.0266627),(0.0048304,-0.0050984,0.0267427),(0.0048304,-0.0051588,0.0268282),(0.0048304,-0.0050270,0.0266627),(0.0048304,-0.0051588,0.0268282),(0.0048304,-0.0052082,0.0269192),(0.0048304,-0.0050270,0.0266627),(0.0048304,-0.0052082,0.0269192),(0.0048304,-0.0052467,0.0270158),(0.0048304,-0.0050270,0.0266627),(0.0048304,-0.0052467,0.0270158),(0.0048304,-0.0052741,0.0271179),(0.0048304,-0.0050270,0.0266627),(0.0048304,-0.0052741,0.0271179),(0.0048304,-0.0052906,0.0272255),(0.0048304,-0.0050270,0.0266627),(0.0048304,-0.0052906,0.0272255),(0.0048304,-0.0052961,0.0273386),(0.0048304,-0.0050270,0.0266627),(0.0048304,-0.0052961,0.0273386),(0.0048304,-0.0052904,0.0274563),(0.0048304,-0.0050270,0.0266627),(0.0048304,-0.0052904,0.0274563),(0.0048304,-0.0052732,0.0275674),(0.0048304,-0.0050270,0.0266627),(0.0048304,-0.0052732,0.0275674),(0.0048304,-0.0052447,0.0276720),(0.0048304,-0.0050270,0.0266627),(0.0048304,-0.0052447,0.0276720),(0.0048304,-0.0052048,0.0277701),(0.0048304,-0.0050270,0.0266627),(0.0048304,-0.0052048,0.0277701),(0.0048304,-0.0051534,0.0278617),(0.0048304,-0.0050270,0.0266627),(0.0048304,-0.0051534,0.0278617),(0.0048304,-0.0050907,0.0279468),(0.0048304,-0.0050270,0.0266627),(0.0048304,-0.0050907,0.0279468),(0.0048304,-0.0050165,0.0280254),(0.0048304,-0.0050270,0.0266627),(0.0048304,-0.0050165,0.0280254),(0.0048304,-0.0049309,0.0280974),(0.0048304,-0.0050270,0.0266627),(0.0048304,-0.0049309,0.0280974),(0.0048304,-0.0048359,0.0281637),(0.0048304,-0.0050270,0.0266627),(0.0048304,-0.0048359,0.0281637),(0.0048304,-0.0047348,0.0282211),(0.0048304,-0.0047348,0.0282211),(0.0048304,-0.0046278,0.0282696),(0.0048304,-0.0045147,0.0283094),(0.0048304,-0.0047348,0.0282211),(0.0048304,-0.0045147,0.0283094),(0.0048304,-0.0043957,0.0283403),(0.0048304,-0.0047348,0.0282211),(0.0048304,-0.0043957,0.0283403),(0.0048304,-0.0042707,0.0283623),(0.0048304,-0.0047348,0.0282211),(0.0048304,-0.0042707,0.0283623),(0.0048304,-0.0041398,0.0283756),(0.0048304,-0.0047348,0.0282211),(0.0048304,-0.0041398,0.0283756),(0.0048304,-0.0040028,0.0283800),(0.0048304,-0.0047348,0.0282211),(0.0048304,-0.0040028,0.0283800),(0.0048304,-0.0039208,0.0283647),(0.0048304,-0.0047348,0.0282211),(0.0048304,-0.0039208,0.0283647),(0.0048304,-0.0038525,0.0283186),(0.0048304,-0.0047348,0.0282211),(0.0048304,-0.0038525,0.0283186),(0.0048304,-0.0038065,0.0282501),(0.0048304,-0.0047348,0.0282211),(0.0048304,-0.0038065,0.0282501),(0.0048304,-0.0037911,0.0281673),(0.0048304,-0.0047348,0.0282211),(0.0048304,-0.0037911,0.0281673),(0.0048304,-0.0038065,0.0280842),(0.0048304,-0.0047348,0.0282211),(0.0048304,-0.0038065,0.0280842),(0.0048304,-0.0038525,0.0280149),(0.0048304,-0.0047348,0.0282211),(0.0048304,-0.0038525,0.0280149),(0.0048304,-0.0039208,0.0279673),(0.0048304,-0.0047348,0.0282211),(0.0048304,-0.0039208,0.0279673),(0.0048304,-0.0040028,0.0279514),(0.0048304,-0.0047348,0.0282211),(0.0048304,-0.0040028,0.0279514),(0.0048304,-0.0041028,0.0279487),(0.0048304,-0.0047348,0.0282211),(0.0048304,-0.0041028,0.0279487),(0.0048304,-0.0041972,0.0279405),(0.0048304,-0.0047348,0.0282211),(0.0048304,-0.0041972,0.0279405),(0.0048304,-0.0042858,0.0279270),(0.0048304,-0.0047348,0.0282211),(0.0048304,-0.0042858,0.0279270),(0.0048304,-0.0043687,0.0279080),(0.0048304,-0.0047348,0.0282211),(0.0048304,-0.0043687,0.0279080),(0.0048304,-0.0045173,0.0278537),(0.0048304,-0.0047348,0.0282211),(0.0048304,-0.0045173,0.0278537),(0.0048304,-0.0046431,0.0277778),(0.0048304,-0.0047348,0.0282211),(0.0048304,-0.0046431,0.0277778),(0.0048304,-0.0047426,0.0276873),(0.0048304,-0.0047348,0.0282211),(0.0048304,-0.0047426,0.0276873),(0.0048304,-0.0048137,0.0275839),(0.0048304,-0.0047348,0.0282211),(0.0048304,-0.0048137,0.0275839),(0.0048304,-0.0048564,0.0274677),(0.0048304,-0.0050270,0.0266627),(0.0048304,-0.0047348,0.0282211),(0.0048304,-0.0048564,0.0274677),(0.0048304,-0.0050270,0.0266627),(0.0048304,-0.0048564,0.0274677),(0.0048304,-0.0048706,0.0273386),(0.0048304,-0.0050270,0.0266627),(0.0048304,-0.0048706,0.0273386),(0.0048304,-0.0048572,0.0272150),(0.0048304,-0.0050270,0.0266627),(0.0048304,-0.0048572,0.0272150),(0.0048304,-0.0048169,0.0271015),(0.0048304,-0.0050270,0.0266627),(0.0048304,-0.0048169,0.0271015),(0.0048304,-0.0047498,0.0269981),(0.0048304,-0.0050270,0.0266627),(0.0048304,-0.0047498,0.0269981),(0.0048304,-0.0046558,0.0269047),(0.0048304,-0.0050270,0.0266627),(0.0048304,-0.0046558,0.0269047),(0.0048304,-0.0045380,0.0268269),(0.0048304,-0.0050270,0.0266627),(0.0048304,-0.0045380,0.0268269),(0.0048304,-0.0044007,0.0267713),(0.0048304,-0.0050270,0.0266627),(0.0048304,-0.0044007,0.0267713),(0.0048304,-0.0043247,0.0267519),(0.0048304,-0.0050270,0.0266627),(0.0048304,-0.0043247,0.0267519),(0.0048304,-0.0042438,0.0267380),(0.0048304,-0.0050270,0.0266627),(0.0048304,-0.0042438,0.0267380),(0.0048304,-0.0041580,0.0267297),(0.0048304,-0.0050270,0.0266627),(0.0048304,-0.0041580,0.0267297),(0.0048304,-0.0040673,0.0267269),(0.0048304,-0.0030111,0.0267544),(0.0048304,-0.0050270,0.0266627),(0.0048304,-0.0040673,0.0267269),(0.0048304,-0.0030111,0.0267544),(0.0048304,-0.0040673,0.0267269),(0.0048304,-0.0039758,0.0267296),(0.0048304,-0.0030111,0.0267544),(0.0048304,-0.0039758,0.0267296),(0.0048304,-0.0038890,0.0267379),(0.0048304,-0.0030111,0.0267544),(0.0048304,-0.0038890,0.0267379),(0.0048304,-0.0037297,0.0267708),(0.0048304,-0.0030111,0.0267544),(0.0048304,-0.0037297,0.0267708),(0.0048304,-0.0035895,0.0268257),(0.0048304,-0.0030111,0.0267544),(0.0048304,-0.0035895,0.0268257),(0.0048304,-0.0034683,0.0269026),(0.0048304,-0.0030111,0.0267544),(0.0048304,-0.0034683,0.0269026),(0.0048304,-0.0033706,0.0269960),(0.0048304,-0.0030111,0.0267544),(0.0048304,-0.0033706,0.0269960),(0.0048304,-0.0033008,0.0271018),(0.0048304,-0.0029624,0.0267068),(0.0048304,-0.0030111,0.0267544),(0.0048304,-0.0033008,0.0271018),(0.0048304,-0.0029624,0.0267068),(0.0048304,-0.0033008,0.0271018),(0.0048304,-0.0032590,0.0272199),(0.0048304,-0.0029624,0.0267068),(0.0048304,-0.0032590,0.0272199),(0.0048304,-0.0032450,0.0273502),(0.0048304,-0.0029624,0.0267068),(0.0048304,-0.0032450,0.0273502),(0.0048304,-0.0032450,0.0274169),(0.0048304,-0.0029624,0.0267068),(0.0048304,-0.0032450,0.0274169),(0.0048304,-0.0032291,0.0274984),(0.0048304,-0.0029624,0.0267068),(0.0048304,-0.0032291,0.0274984),(0.0048304,-0.0031815,0.0275672),(0.0048304,-0.0029624,0.0267068),(0.0048304,-0.0031815,0.0275672),(0.0048304,-0.0031122,0.0276140),(0.0048304,-0.0029624,0.0267068),(0.0048304,-0.0031122,0.0276140),(0.0048304,-0.0030312,0.0276296),(0.0048304,-0.0029624,0.0267068),(0.0048304,-0.0030312,0.0276296),(0.0048304,-0.0029505,0.0276140),(0.0048304,-0.0029624,0.0267068),(0.0048304,-0.0029505,0.0276140),(0.0048304,-0.0028820,0.0275672),(0.0048304,-0.0029624,0.0267068),(0.0048304,-0.0028820,0.0275672),(0.0048304,-0.0028352,0.0274984),(0.0048304,-0.0029624,0.0267068),(0.0048304,-0.0028352,0.0274984),(0.0048304,-0.0028196,0.0274169),(0.0048304,-0.0029624,0.0267068),(0.0048304,-0.0028196,0.0274169),(0.0048304,-0.0028196,0.0273502),(0.0048304,-0.0029624,0.0267068),(0.0048304,-0.0028196,0.0273502),(0.0048304,-0.0028196,0.0273079),(0.0048304,-0.0029624,0.0267068),(0.0048304,-0.0028196,0.0273079),(0.0048304,-0.0028103,0.0272246),(0.0048304,-0.0029624,0.0267068),(0.0048304,-0.0028103,0.0272246),(0.0048304,-0.0027825,0.0271484),(0.0048304,-0.0029624,0.0267068),(0.0048304,-0.0027825,0.0271484),(0.0048304,-0.0027362,0.0270791),(0.0048304,-0.0029624,0.0267068),(0.0048304,-0.0027362,0.0270791),(0.0048304,-0.0026714,0.0270169),(0.0048304,-0.0029624,0.0267068),(0.0048304,-0.0026714,0.0270169),(0.0048304,-0.0025814,0.0269632),(0.0048304,-0.0029624,0.0267068),(0.0048304,-0.0025814,0.0269632),(0.0048304,-0.0024788,0.0269248),(0.0048304,-0.0029624,0.0267068),(0.0048304,-0.0024788,0.0269248),(0.0048304,-0.0023634,0.0269018),(0.0048304,-0.0029624,0.0267068),(0.0048304,-0.0023634,0.0269018),(0.0048304,-0.0022354,0.0268941),(0.0048304,-0.0029624,0.0267068),(0.0048304,-0.0022354,0.0268941),(0.0048304,-0.0021090,0.0269018),(0.0048304,-0.0029624,0.0267068),(0.0048304,-0.0021090,0.0269018),(0.0048304,-0.0019978,0.0269251),(0.0048304,-0.0021091,0.0278062),(0.0048304,-0.0022354,0.0278149),(0.0048304,-0.0023176,0.0278302),(0.0048304,-0.0021091,0.0278062),(0.0048304,-0.0023176,0.0278302),(0.0048304,-0.0023867,0.0278762),(0.0048304,-0.0019980,0.0277802),(0.0048304,-0.0021091,0.0278062),(0.0048304,-0.0023867,0.0278762),(0.0048304,-0.0019980,0.0277802),(0.0048304,-0.0023867,0.0278762),(0.0048304,-0.0024335,0.0279448),(0.0048304,-0.0019980,0.0277802),(0.0048304,-0.0024335,0.0279448),(0.0048304,-0.0024491,0.0280276),(0.0048304,-0.0019022,0.0277369),(0.0048304,-0.0019980,0.0277802),(0.0048304,-0.0024491,0.0280276),(0.0048304,-0.0019022,0.0277369),(0.0048304,-0.0024491,0.0280276),(0.0048304,-0.0024335,0.0281096),(0.0048304,-0.0019022,0.0277369),(0.0048304,-0.0024335,0.0281096),(0.0048304,-0.0023867,0.0281779),(0.0048304,-0.0018216,0.0276762),(0.0048304,-0.0019022,0.0277369),(0.0048304,-0.0023867,0.0281779),(0.0048304,-0.0018216,0.0276762),(0.0048304,-0.0023867,0.0281779),(0.0048304,-0.0023176,0.0282239),(0.0048304,-0.0017567,0.0276047),(0.0048304,-0.0018216,0.0276762),(0.0048304,-0.0023176,0.0282239),(0.0048304,-0.0017567,0.0276047),(0.0048304,-0.0023176,0.0282239),(0.0048304,-0.0022354,0.0282392),(0.0048304,-0.0017567,0.0276047),(0.0048304,-0.0022354,0.0282392),(0.0048304,-0.0021308,0.0282353),(0.0048304,-0.0017567,0.0276047),(0.0048304,-0.0021308,0.0282353),(0.0048304,-0.0020308,0.0282233),(0.0048304,-0.0017104,0.0275246),(0.0048304,-0.0017567,0.0276047),(0.0048304,-0.0020308,0.0282233),(0.0048304,-0.0017104,0.0275246),(0.0048304,-0.0020308,0.0282233),(0.0048304,-0.0019354,0.0282034),(0.0048304,-0.0017104,0.0275246),(0.0048304,-0.0019354,0.0282034),(0.0048304,-0.0018446,0.0281755),(0.0048304,-0.0016826,0.0274359),(0.0048304,-0.0017104,0.0275246),(0.0048304,-0.0018446,0.0281755),(0.0048304,-0.0016826,0.0274359),(0.0048304,-0.0018446,0.0281755),(0.0048304,-0.0017584,0.0281396),(0.0048304,-0.0016826,0.0274359),(0.0048304,-0.0017584,0.0281396),(0.0048304,-0.0016768,0.0280958),(0.0048304,-0.0016734,0.0273386),(0.0048304,-0.0016826,0.0274359),(0.0048304,-0.0016768,0.0280958),(0.0048304,-0.0016734,0.0273386),(0.0048304,-0.0016768,0.0280958),(0.0048304,-0.0015998,0.0280440),(0.0048304,-0.0016826,0.0272447),(0.0048304,-0.0016734,0.0273386),(0.0048304,-0.0015998,0.0280440),(0.0048304,-0.0016826,0.0272447),(0.0048304,-0.0015998,0.0280440),(0.0048304,-0.0015273,0.0279842),(0.0048304,-0.0016826,0.0272447),(0.0048304,-0.0015273,0.0279842),(0.0048304,-0.0014616,0.0279183),(0.0048304,-0.0017102,0.0271600),(0.0048304,-0.0016826,0.0272447),(0.0048304,-0.0014616,0.0279183),(0.0048304,-0.0017102,0.0271600),(0.0048304,-0.0014616,0.0279183),(0.0048304,-0.0014046,0.0278482),(0.0048304,-0.0017102,0.0271600),(0.0048304,-0.0014046,0.0278482),(0.0048304,-0.0013564,0.0277738),(0.0048304,-0.0017102,0.0271600),(0.0048304,-0.0013564,0.0277738),(0.0048304,-0.0013170,0.0276953),(0.0048304,-0.0017561,0.0270844),(0.0048304,-0.0017102,0.0271600),(0.0048304,-0.0013170,0.0276953),(0.0048304,-0.0017561,0.0270844),(0.0048304,-0.0013170,0.0276953),(0.0048304,-0.0012863,0.0276124),(0.0048304,-0.0017561,0.0270844),(0.0048304,-0.0012863,0.0276124),(0.0048304,-0.0012644,0.0275254),(0.0048304,-0.0018205,0.0270179),(0.0048304,-0.0017561,0.0270844),(0.0048304,-0.0012644,0.0275254),(0.0048304,-0.0018205,0.0270179),(0.0048304,-0.0012644,0.0275254),(0.0048304,-0.0012513,0.0274341),(0.0048304,-0.0018205,0.0270179),(0.0048304,-0.0012513,0.0274341),(0.0048304,-0.0012469,0.0273386),(0.0048304,-0.0019016,0.0269638),(0.0048304,-0.0018205,0.0270179),(0.0048304,-0.0012469,0.0273386),(0.0048304,-0.0019016,0.0269638),(0.0048304,-0.0012469,0.0273386),(0.0048304,-0.0012513,0.0272421),(0.0048304,-0.0019016,0.0269638),(0.0048304,-0.0012513,0.0272421),(0.0048304,-0.0012645,0.0271506),(0.0048304,-0.0019978,0.0269251),(0.0048304,-0.0019016,0.0269638),(0.0048304,-0.0012645,0.0271506),(0.0048304,-0.0019978,0.0269251),(0.0048304,-0.0012645,0.0271506),(0.0048304,-0.0012865,0.0270641),(0.0048304,-0.0029624,0.0267068),(0.0048304,-0.0019978,0.0269251),(0.0048304,-0.0012865,0.0270641),(0.0048304,-0.0029624,0.0267068),(0.0048304,-0.0012865,0.0270641),(0.0048304,-0.0013173,0.0269825),(0.0048304,-0.0029624,0.0267068),(0.0048304,-0.0013173,0.0269825),(0.0048304,-0.0013568,0.0269058),(0.0048304,-0.0029624,0.0267068),(0.0048304,-0.0013568,0.0269058),(0.0048304,-0.0014052,0.0268342),(0.0048304,-0.0029624,0.0267068),(0.0048304,-0.0014052,0.0268342),(0.0048304,-0.0014624,0.0267675),(0.0048304,-0.0029624,0.0267068),(0.0048304,-0.0014624,0.0267675),(0.0048304,-0.0015284,0.0267057),(0.0048304,-0.0029624,0.0267068),(0.0048304,-0.0015284,0.0267057),(0.0048304,-0.0016010,0.0266499),(0.0048304,-0.0029624,0.0267068),(0.0048304,-0.0016010,0.0266499),(0.0048304,-0.0016782,0.0266015),(0.0048304,-0.0029624,0.0267068),(0.0048304,-0.0016782,0.0266015),(0.0048304,-0.0017598,0.0265606),(0.0048304,-0.0029624,0.0267068),(0.0048304,-0.0017598,0.0265606),(0.0048304,-0.0018459,0.0265271),(0.0048304,-0.0029624,0.0267068),(0.0048304,-0.0018459,0.0265271),(0.0048304,-0.0019365,0.0265011),(0.0048304,-0.0029624,0.0267068),(0.0048304,-0.0019365,0.0265011),(0.0048304,-0.0020316,0.0264825),(0.0048304,-0.0029624,0.0267068),(0.0048304,-0.0020316,0.0264825),(0.0048304,-0.0021313,0.0264713),(0.0048304,-0.0029624,0.0267068),(0.0048304,-0.0021313,0.0264713),(0.0048304,-0.0022354,0.0264676),(0.0048304,-0.0029624,0.0267068),(0.0048304,-0.0022354,0.0264676),(0.0048304,-0.0023396,0.0264713),(0.0048304,-0.0029624,0.0267068),(0.0048304,-0.0023396,0.0264713),(0.0048304,-0.0024400,0.0264825),(0.0048304,-0.0029624,0.0267068),(0.0048304,-0.0024400,0.0264825),(0.0048304,-0.0025365,0.0265012),(0.0048304,-0.0029624,0.0267068),(0.0048304,-0.0025365,0.0265012),(0.0048304,-0.0026293,0.0265274),(0.0048304,-0.0029624,0.0267068),(0.0048304,-0.0026293,0.0265274),(0.0048304,-0.0027183,0.0265610),(0.0048304,-0.0029624,0.0267068),(0.0048304,-0.0027183,0.0265610),(0.0048304,-0.0028035,0.0266021),(0.0048304,-0.0029624,0.0267068),(0.0048304,-0.0028035,0.0266021),(0.0048304,-0.0028849,0.0266507)));
#2725=COMPLEX_TRIANGULATED_SURFACE_SET('surface set',#2724,810,(),(),(),((1,2,3),(4,5,6),(7,8,9),(10,11,12),(13,14,15),(16,17,18),(19,20,21),(22,23,24),(25,26,27),(28,29,30),(31,32,33),(34,35,36),(37,38,39),(40,41,42),(43,44,45),(46,47,48),(49,50,51),(52,53,54),(55,56,57),(58,59,60),(61,62,63),(64,65,66),(67,68,69),(70,71,72),(73,74,75),(76,77,78),(79,80,81),(82,83,84),(85,86,87),(88,89,90),(91,92,93),(94,95,96),(97,98,99),(100,101,102),(103,104,105),(106,107,108),(109,110,111),(112,113,114),(115,116,117),(118,119,120),(121,122,123),(124,125,126),(127,128,129),(130,131,132),(133,134,135),(136,137,138),(139,140,141),(142,143,144),(145,146,147),(148,149,150),(151,152,153),(154,155,156),(157,158,159),(160,161,162),(163,164,165),(166,167,168),(169,170,171),(172,173,174),(175,176,177),(178,179,180),(181,182,183),(184,185,186),(187,188,189),(190,191,192),(193,194,195),(196,197,198),(199,200,201),(202,203,204),(205,206,207),(208,209,210),(211,212,213),(214,215,216),(217,218,219),(220,221,222),(223,224,225),(226,227,228),(229,230,231),(232,233,234),(235,236,237),(238,239,240),(241,242,243),(244,245,246),(247,248,249),(250,251,252),(253,254,255),(256,257,258),(259,260,261),(262,263,264),(265,266,267),(268,269,270),(271,272,273),(274,275,276),(277,278,279),(280,281,282),(283,284,285),(286,287,288),(289,290,291),(292,293,294),(295,296,297),(298,299,300),(301,302,303),(304,305,306),(307,308,309),(310,311,312),(313,314,315),(316,317,318),(319,320,321),(322,323,324),(325,326,327),(328,329,330),(331,332,333),(334,335,336),(337,338,339),(340,341,342),(343,344,345),(346,347,348),(349,350,351),(352,353,354),(355,356,357),(358,359,360),(361,362,363),(364,365,366),(367,368,369),(370,371,372),(373,374,375),(376,377,378),(379,380,381),(382,383,384),(385,386,387),(388,389,390),(391,392,393),(394,395,396),(397,398,399),(400,401,402),(403,404,405),(406,407,408),(409,410,411),(412,413,414),(415,416,417),(418,419,420),(421,422,423),(424,425,426),(427,428,429),(430,431,432),(433,434,435),(436,437,438),(439,440,441),(442,443,444),(445,446,447),(448,449,450),(451,452,453),(454,455,456),(457,458,459),(460,461,462),(463,464,465),(466,467,468),(469,470,471),(472,473,474),(475,476,477),(478,479,480),(481,482,483),(484,485,486),(487,488,489),(490,491,492),(493,494,495),(496,497,498),(499,500,501),(502,503,504),(505,506,507),(508,509,510),(511,512,513),(514,515,516),(517,518,519),(520,521,522),(523,524,525),(526,527,528),(529,530,531),(532,533,534),(535,536,537),(538,539,540),(541,542,543),(544,545,546),(547,548,549),(550,551,552),(553,554,555),(556,557,558),(559,560,561),(562,563,564),(565,566,567),(568,569,570),(571,572,573),(574,575,576),(577,578,579),(580,581,582),(583,584,585),(586,587,588),(589,590,591),(592,593,594),(595,596,597),(598,599,600),(601,602,603),(604,605,606),(607,608,609),(610,611,612),(613,614,615),(616,617,618),(619,620,621),(622,623,624),(625,626,627),(628,629,630),(631,632,633),(634,635,636),(637,638,639),(640,641,642),(643,644,645),(646,647,648),(649,650,651),(652,653,654),(655,656,657),(658,659,660),(661,662,663),(664,665,666),(667,668,669),(670,671,672),(673,674,675),(676,677,678),(679,680,681),(682,683,684),(685,686,687),(688,689,690),(691,692,693),(694,695,696),(697,698,699),(700,701,702),(703,704,705),(706,707,708),(709,710,711),(712,713,714),(715,716,717),(718,719,720),(721,722,723),(724,725,726),(727,728,729),(730,731,732),(733,734,735),(736,737,738),(739,740,741),(742,743,744),(745,746,747),(748,749,750),(751,752,753),(754,755,756),(757,758,759),(760,761,762),(763,764,765),(766,767,768),(769,770,771),(772,773,774),(775,776,777),(778,779,780),(781,782,783),(784,785,786),(787,788,789),(790,791,792),(793,794,795),(796,797,798),(799,800,801),(802,803,804),(805,806,807),(808,809,810)));
#2726=TESSELLATED_GEOMETRIC_SET('linear dimension',(#2725));
#2727=COORDINATES_LIST('coordinates',8,((0.0048304,-0.0013285,0.0409850),(0.0048304,-0.0032709,0.0409850),(0.0048304,-0.0013285,0.0109850),(0.0048304,-0.0032709,0.0109850),(0.0048304,-0.0032709,0.0409850),(0.0048304,-0.0032709,0.0293800),(0.0048304,-0.0032709,0.0225900),(0.0048304,-0.0032709,0.0109850)));
#2728=TESSELLATED_CURVE_SET('curve set',#2727,((1,2),(3,4),(5,6),(7,8)));
#2729=TESSELLATED_GEOMETRIC_SET('linear dimension',(#2728));
#2730=TESSELLATED_ANNOTATION_OCCURRENCE('linear dimension',(#2723),#2726);
#2731=TESSELLATED_ANNOTATION_OCCURRENCE('linear dimension',(#2723),#2729);
#2732=DRAUGHTING_CALLOUT('linear dimension',(#2730,#2731));
#2733=DRAUGHTING_MODEL_ITEM_ASSOCIATION('','',#2689,#2719,#2732);
#2734=DRAUGHTING_MODEL_ITEM_ASSOCIATION('','',#2691,#2719,#2732);
#2735=DRAUGHTING_MODEL_ITEM_ASSOCIATION('','',#2693,#2719,#2732);
#2736=SHAPE_ASPECT('DISTANCE.F5R7raA16wibyoY_4',$,#2577,.T.);
#2737=GEOMETRIC_ITEM_SPECIFIC_USAGE('','',#2736,#22,#1497);
#2738=SHAPE_ASPECT('DISTANCE.F5R7raA16wibyoY_4',$,#2577,.T.);
#2739=GEOMETRIC_ITEM_SPECIFIC_USAGE('','',#2738,#22,#1496);
#2740=DIMENSIONAL_LOCATION('linear distance','DISTANCE.F5R7raA16wibyoY_4',#2736,#2738);
#2742=(
LENGTH_UNIT()
NAMED_UNIT(*)
SI_UNIT(.MILLI.,.METRE.)
);
#2743=PRECISION_QUALIFIER(3);
#2741=(
LENGTH_MEASURE_WITH_UNIT()
MEASURE_REPRESENTATION_ITEM()
MEASURE_WITH_UNIT(POSITIVE_LENGTH_MEASURE(30.),#2742)
QUALIFIED_REPRESENTATION_ITEM((#2743))
REPRESENTATION_ITEM('nominal value')
);
#2744=SHAPE_DIMENSION_REPRESENTATION('',(#2741),#2542);
#2745=DIMENSIONAL_CHARACTERISTIC_REPRESENTATION(#2740,#2744);
#2746=PRESENTATION_STYLE_ASSIGNMENT((NULL_STYLE(.NULL.)));
#2747=CARTESIAN_POINT('',(-0.0805797367272802,-0.00379816846361622,0.0259849940732757));
#2748=DIRECTION('',(-1.,0.,0.));
#2749=DIRECTION('',(0.,0.,-1.));
#2750=AXIS2_PLACEMENT_3D('',#2747,#2748,#2749);
#2751=PLANE('',#2750);
#2752=ANNOTATION_PLANE('',(#2746),#2751,(#2779));
#2753=CARTESIAN_POINT('',(0.,0.,0.));
#2754=DIRECTION('',(0.,0.,1.));
#2755=DIRECTION('',(1.,0.,0.));
#2756=AXIS2_PLACEMENT_3D('',#2753,#2754,#2755);
#2757=CARTESIAN_POINT('',(0.,0.,0.));
#2758=DIRECTION('',(0.,0.,1.));
#2759=DIRECTION('',(1.,0.,0.));
#2760=AXIS2_PLACEMENT_3D('',#2757,#2758,#2759);
#2761=SHAPE_REPRESENTATION('',(#2760,#1582),#2542);
#2762=REPRESENTATION_MAP(#2756,#2761);
#2763=MAPPED_ITEM('',#2762,#2756);
#2764=PRESENTATION_STYLE_ASSIGNMENT((NULL_STYLE(.NULL.)));
#2765=STYLED_ITEM('',(#2764),#2763);
#2766=DRAUGHTING_MODEL('',(#2752,#2756,#2763,#2765),#2542);
#2767=DRAUGHTING_PRE_DEFINED_CURVE_FONT('continuous');
#2768=COLOUR_RGB('',0.,0.,0.);
#2769=CURVE_STYLE('',#2767,POSITIVE_LENGTH_MEASURE(0.02),#2768);
#2770=PRESENTATION_STYLE_ASSIGNMENT((#2769));
#2771=COORDINATES_LIST('coordinates',810,((-0.0805797,-0.0046926,0.0383017),(-0.0805797,-0.0037982,0.0409850),(-0.0805797,-0.0029037,0.0383017),(-0.0805797,-0.0029037,0.0136683),(-0.0805797,-0.0037982,0.0109850),(-0.0805797,-0.0046926,0.0136683),(-0.0805797,-0.0029531,0.0235900),(-0.0805797,-0.0046432,0.0235900),(-0.0805797,-0.0047756,0.0235953),(-0.0805797,-0.0029531,0.0235900),(-0.0805797,-0.0047756,0.0235953),(-0.0805797,-0.0049019,0.0236114),(-0.0805797,-0.0029531,0.0235900),(-0.0805797,-0.0049019,0.0236114),(-0.0805797,-0.0050220,0.0236381),(-0.0805797,-0.0029531,0.0235900),(-0.0805797,-0.0050220,0.0236381),(-0.0805797,-0.0051359,0.0236754),(-0.0805797,-0.0029531,0.0235900),(-0.0805797,-0.0051359,0.0236754),(-0.0805797,-0.0052437,0.0237235),(-0.0805797,-0.0029531,0.0235900),(-0.0805797,-0.0052437,0.0237235),(-0.0805797,-0.0053453,0.0237823),(-0.0805797,-0.0029531,0.0235900),(-0.0805797,-0.0053453,0.0237823),(-0.0805797,-0.0054408,0.0238517),(-0.0805797,-0.0029531,0.0235900),(-0.0805797,-0.0054408,0.0238517),(-0.0805797,-0.0055301,0.0239318),(-0.0805797,-0.0029531,0.0235900),(-0.0805797,-0.0055301,0.0239318),(-0.0805797,-0.0055996,0.0240081),(-0.0805797,-0.0029531,0.0235900),(-0.0805797,-0.0055996,0.0240081),(-0.0805797,-0.0056598,0.0240876),(-0.0805797,-0.0029531,0.0235900),(-0.0805797,-0.0056598,0.0240876),(-0.0805797,-0.0057107,0.0241704),(-0.0805797,-0.0057107,0.0241704),(-0.0805797,-0.0057524,0.0242565),(-0.0805797,-0.0057848,0.0243458),(-0.0805797,-0.0057107,0.0241704),(-0.0805797,-0.0057848,0.0243458),(-0.0805797,-0.0058079,0.0244384),(-0.0805797,-0.0057107,0.0241704),(-0.0805797,-0.0058079,0.0244384),(-0.0805797,-0.0058218,0.0245343),(-0.0805797,-0.0057107,0.0241704),(-0.0805797,-0.0058218,0.0245343),(-0.0805797,-0.0058265,0.0246335),(-0.0805797,-0.0057107,0.0241704),(-0.0805797,-0.0058265,0.0246335),(-0.0805797,-0.0058218,0.0247310),(-0.0805797,-0.0057107,0.0241704),(-0.0805797,-0.0058218,0.0247310),(-0.0805797,-0.0058076,0.0248255),(-0.0805797,-0.0057107,0.0241704),(-0.0805797,-0.0058076,0.0248255),(-0.0805797,-0.0057840,0.0249171),(-0.0805797,-0.0057107,0.0241704),(-0.0805797,-0.0057840,0.0249171),(-0.0805797,-0.0057511,0.0250058),(-0.0805797,-0.0057107,0.0241704),(-0.0805797,-0.0057511,0.0250058),(-0.0805797,-0.0057086,0.0250915),(-0.0805797,-0.0057107,0.0241704),(-0.0805797,-0.0057086,0.0250915),(-0.0805797,-0.0056568,0.0251742),(-0.0805797,-0.0057107,0.0241704),(-0.0805797,-0.0056568,0.0251742),(-0.0805797,-0.0055955,0.0252541),(-0.0805797,-0.0057107,0.0241704),(-0.0805797,-0.0055955,0.0252541),(-0.0805797,-0.0055248,0.0253309),(-0.0805797,-0.0055248,0.0253309),(-0.0805797,-0.0052285,0.0250272),(-0.0805797,-0.0053044,0.0249357),(-0.0805797,-0.0055248,0.0253309),(-0.0805797,-0.0053044,0.0249357),(-0.0805797,-0.0053587,0.0248388),(-0.0805797,-0.0057107,0.0241704),(-0.0805797,-0.0055248,0.0253309),(-0.0805797,-0.0053587,0.0248388),(-0.0805797,-0.0057107,0.0241704),(-0.0805797,-0.0053587,0.0248388),(-0.0805797,-0.0053912,0.0247367),(-0.0805797,-0.0057107,0.0241704),(-0.0805797,-0.0053912,0.0247367),(-0.0805797,-0.0054021,0.0246293),(-0.0805797,-0.0057107,0.0241704),(-0.0805797,-0.0054021,0.0246293),(-0.0805797,-0.0053910,0.0245210),(-0.0805797,-0.0057107,0.0241704),(-0.0805797,-0.0053910,0.0245210),(-0.0805797,-0.0053576,0.0244184),(-0.0805797,-0.0057107,0.0241704),(-0.0805797,-0.0053576,0.0244184),(-0.0805797,-0.0053021,0.0243215),(-0.0805797,-0.0057107,0.0241704),(-0.0805797,-0.0053021,0.0243215),(-0.0805797,-0.0052243,0.0242303),(-0.0805797,-0.0057107,0.0241704),(-0.0805797,-0.0052243,0.0242303),(-0.0805797,-0.0051082,0.0241372),(-0.0805797,-0.0057107,0.0241704),(-0.0805797,-0.0051082,0.0241372),(-0.0805797,-0.0049727,0.0240707),(-0.0805797,-0.0057107,0.0241704),(-0.0805797,-0.0049727,0.0240707),(-0.0805797,-0.0048976,0.0240475),(-0.0805797,-0.0029531,0.0235900),(-0.0805797,-0.0057107,0.0241704),(-0.0805797,-0.0048976,0.0240475),(-0.0805797,-0.0029531,0.0235900),(-0.0805797,-0.0048976,0.0240475),(-0.0805797,-0.0048177,0.0240308),(-0.0805797,-0.0029531,0.0235900),(-0.0805797,-0.0048177,0.0240308),(-0.0805797,-0.0047329,0.0240209),(-0.0805797,-0.0029531,0.0235900),(-0.0805797,-0.0047329,0.0240209),(-0.0805797,-0.0046432,0.0240176),(-0.0805797,-0.0029531,0.0235900),(-0.0805797,-0.0046432,0.0240176),(-0.0805797,-0.0029531,0.0240176),(-0.0805797,-0.0029531,0.0235900),(-0.0805797,-0.0029531,0.0240176),(-0.0805797,-0.0028661,0.0240209),(-0.0805797,-0.0029531,0.0235900),(-0.0805797,-0.0028661,0.0240209),(-0.0805797,-0.0027833,0.0240308),(-0.0805797,-0.0029531,0.0235900),(-0.0805797,-0.0027833,0.0240308),(-0.0805797,-0.0026306,0.0240707),(-0.0805797,-0.0029531,0.0235900),(-0.0805797,-0.0026306,0.0240707),(-0.0805797,-0.0024949,0.0241372),(-0.0805797,-0.0029531,0.0235900),(-0.0805797,-0.0024949,0.0241372),(-0.0805797,-0.0023763,0.0242303),(-0.0805797,-0.0051122,0.0251212),(-0.0805797,-0.0052285,0.0250272),(-0.0805797,-0.0055248,0.0253309),(-0.0805797,-0.0049758,0.0251883),(-0.0805797,-0.0051122,0.0251212),(-0.0805797,-0.0055248,0.0253309),(-0.0805797,-0.0048195,0.0252286),(-0.0805797,-0.0049758,0.0251883),(-0.0805797,-0.0055248,0.0253309),(-0.0805797,-0.0047339,0.0252387),(-0.0805797,-0.0048195,0.0252286),(-0.0805797,-0.0055248,0.0253309),(-0.0805797,-0.0046432,0.0252420),(-0.0805797,-0.0047339,0.0252387),(-0.0805797,-0.0055248,0.0253309),(-0.0805797,-0.0029457,0.0252420),(-0.0805797,-0.0046432,0.0252420),(-0.0805797,-0.0055248,0.0253309),(-0.0805797,-0.0029457,0.0252420),(-0.0805797,-0.0055248,0.0253309),(-0.0805797,-0.0054368,0.0254106),(-0.0805797,-0.0028574,0.0252387),(-0.0805797,-0.0029457,0.0252420),(-0.0805797,-0.0054368,0.0254106),(-0.0805797,-0.0028574,0.0252387),(-0.0805797,-0.0054368,0.0254106),(-0.0805797,-0.0053426,0.0254796),(-0.0805797,-0.0028574,0.0252387),(-0.0805797,-0.0053426,0.0254796),(-0.0805797,-0.0052422,0.0255380),(-0.0805797,-0.0027740,0.0252287),(-0.0805797,-0.0028574,0.0252387),(-0.0805797,-0.0052422,0.0255380),(-0.0805797,-0.0027740,0.0252287),(-0.0805797,-0.0052422,0.0255380),(-0.0805797,-0.0051356,0.0255857),(-0.0805797,-0.0027740,0.0252287),(-0.0805797,-0.0051356,0.0255857),(-0.0805797,-0.0050229,0.0256229),(-0.0805797,-0.0027740,0.0252287),(-0.0805797,-0.0050229,0.0256229),(-0.0805797,-0.0049039,0.0256494),(-0.0805797,-0.0027740,0.0252287),(-0.0805797,-0.0049039,0.0256494),(-0.0805797,-0.0047788,0.0256654),(-0.0805797,-0.0026955,0.0252121),(-0.0805797,-0.0027740,0.0252287),(-0.0805797,-0.0047788,0.0256654),(-0.0805797,-0.0026955,0.0252121),(-0.0805797,-0.0047788,0.0256654),(-0.0805797,-0.0046475,0.0256707),(-0.0805797,-0.0026955,0.0252121),(-0.0805797,-0.0046475,0.0256707),(-0.0805797,-0.0029531,0.0256707),(-0.0805797,-0.0026218,0.0251889),(-0.0805797,-0.0026955,0.0252121),(-0.0805797,-0.0029531,0.0256707),(-0.0805797,-0.0024893,0.0251224),(-0.0805797,-0.0026218,0.0251889),(-0.0805797,-0.0029531,0.0256707),(-0.0805797,-0.0023763,0.0250293),(-0.0805797,-0.0024893,0.0251224),(-0.0805797,-0.0029531,0.0256707),(-0.0805797,-0.0023763,0.0250293),(-0.0805797,-0.0029531,0.0256707),(-0.0805797,-0.0029457,0.0256707),(-0.0805797,-0.0023763,0.0250293),(-0.0805797,-0.0029457,0.0256707),(-0.0805797,-0.0028152,0.0256654),(-0.0805797,-0.0022976,0.0249341),(-0.0805797,-0.0023763,0.0250293),(-0.0805797,-0.0028152,0.0256654),(-0.0805797,-0.0022976,0.0249341),(-0.0805797,-0.0028152,0.0256654),(-0.0805797,-0.0026909,0.0256494),(-0.0805797,-0.0022414,0.0248356),(-0.0805797,-0.0022976,0.0249341),(-0.0805797,-0.0026909,0.0256494),(-0.0805797,-0.0022414,0.0248356),(-0.0805797,-0.0026909,0.0256494),(-0.0805797,-0.0025728,0.0256229),(-0.0805797,-0.0022414,0.0248356),(-0.0805797,-0.0025728,0.0256229),(-0.0805797,-0.0024610,0.0255857),(-0.0805797,-0.0022076,0.0247340),(-0.0805797,-0.0022414,0.0248356),(-0.0805797,-0.0024610,0.0255857),(-0.0805797,-0.0022076,0.0247340),(-0.0805797,-0.0024610,0.0255857),(-0.0805797,-0.0023553,0.0255380),(-0.0805797,-0.0022076,0.0247340),(-0.0805797,-0.0023553,0.0255380),(-0.0805797,-0.0022559,0.0254796),(-0.0805797,-0.0021964,0.0246293),(-0.0805797,-0.0022076,0.0247340),(-0.0805797,-0.0022559,0.0254796),(-0.0805797,-0.0021964,0.0246293),(-0.0805797,-0.0022559,0.0254796),(-0.0805797,-0.0021627,0.0254106),(-0.0805797,-0.0021964,0.0246293),(-0.0805797,-0.0021627,0.0254106),(-0.0805797,-0.0020757,0.0253309),(-0.0805797,-0.0022076,0.0245202),(-0.0805797,-0.0021964,0.0246293),(-0.0805797,-0.0020757,0.0253309),(-0.0805797,-0.0022076,0.0245202),(-0.0805797,-0.0020757,0.0253309),(-0.0805797,-0.0020040,0.0252526),(-0.0805797,-0.0022076,0.0245202),(-0.0805797,-0.0020040,0.0252526),(-0.0805797,-0.0019419,0.0251716),(-0.0805797,-0.0022414,0.0244173),(-0.0805797,-0.0022076,0.0245202),(-0.0805797,-0.0019419,0.0251716),(-0.0805797,-0.0022414,0.0244173),(-0.0805797,-0.0019419,0.0251716),(-0.0805797,-0.0018893,0.0250879),(-0.0805797,-0.0022414,0.0244173),(-0.0805797,-0.0018893,0.0250879),(-0.0805797,-0.0018463,0.0250015),(-0.0805797,-0.0022976,0.0243207),(-0.0805797,-0.0022414,0.0244173),(-0.0805797,-0.0018463,0.0250015),(-0.0805797,-0.0022976,0.0243207),(-0.0805797,-0.0018463,0.0250015),(-0.0805797,-0.0018129,0.0249125),(-0.0805797,-0.0022976,0.0243207),(-0.0805797,-0.0018129,0.0249125),(-0.0805797,-0.0017890,0.0248208),(-0.0805797,-0.0023763,0.0242303),(-0.0805797,-0.0022976,0.0243207),(-0.0805797,-0.0017890,0.0248208),(-0.0805797,-0.0029531,0.0235900),(-0.0805797,-0.0023763,0.0242303),(-0.0805797,-0.0017890,0.0248208),(-0.0805797,-0.0029531,0.0235900),(-0.0805797,-0.0017890,0.0248208),(-0.0805797,-0.0017747,0.0247264),(-0.0805797,-0.0029531,0.0235900),(-0.0805797,-0.0017747,0.0247264),(-0.0805797,-0.0017699,0.0246293),(-0.0805797,-0.0029531,0.0235900),(-0.0805797,-0.0017699,0.0246293),(-0.0805797,-0.0017747,0.0245311),(-0.0805797,-0.0029531,0.0235900),(-0.0805797,-0.0017747,0.0245311),(-0.0805797,-0.0017890,0.0244359),(-0.0805797,-0.0029531,0.0235900),(-0.0805797,-0.0017890,0.0244359),(-0.0805797,-0.0018129,0.0243439),(-0.0805797,-0.0029531,0.0235900),(-0.0805797,-0.0018129,0.0243439),(-0.0805797,-0.0018463,0.0242549),(-0.0805797,-0.0029531,0.0235900),(-0.0805797,-0.0018463,0.0242549),(-0.0805797,-0.0018893,0.0241690),(-0.0805797,-0.0029531,0.0235900),(-0.0805797,-0.0018893,0.0241690),(-0.0805797,-0.0019419,0.0240861),(-0.0805797,-0.0029531,0.0235900),(-0.0805797,-0.0019419,0.0240861),(-0.0805797,-0.0020040,0.0240064),(-0.0805797,-0.0029531,0.0235900),(-0.0805797,-0.0020040,0.0240064),(-0.0805797,-0.0020757,0.0239297),(-0.0805797,-0.0029531,0.0235900),(-0.0805797,-0.0020757,0.0239297),(-0.0805797,-0.0021644,0.0238501),(-0.0805797,-0.0029531,0.0235900),(-0.0805797,-0.0021644,0.0238501),(-0.0805797,-0.0022592,0.0237811),(-0.0805797,-0.0029531,0.0235900),(-0.0805797,-0.0022592,0.0237811),(-0.0805797,-0.0023598,0.0237227),(-0.0805797,-0.0029531,0.0235900),(-0.0805797,-0.0023598,0.0237227),(-0.0805797,-0.0024665,0.0236749),(-0.0805797,-0.0029531,0.0235900),(-0.0805797,-0.0024665,0.0236749),(-0.0805797,-0.0025792,0.0236378),(-0.0805797,-0.0029531,0.0235900),(-0.0805797,-0.0025792,0.0236378),(-0.0805797,-0.0026978,0.0236112),(-0.0805797,-0.0029531,0.0235900),(-0.0805797,-0.0026978,0.0236112),(-0.0805797,-0.0028225,0.0235953),(-0.0805797,-0.0035383,0.0267544),(-0.0805797,-0.0036145,0.0266700),(-0.0805797,-0.0037077,0.0265861),(-0.0805797,-0.0035383,0.0267544),(-0.0805797,-0.0037077,0.0265861),(-0.0805797,-0.0038000,0.0265189),(-0.0805797,-0.0035383,0.0267544),(-0.0805797,-0.0038000,0.0265189),(-0.0805797,-0.0038977,0.0264606),(-0.0805797,-0.0035383,0.0267544),(-0.0805797,-0.0038977,0.0264606),(-0.0805797,-0.0040006,0.0264114),(-0.0805797,-0.0035383,0.0267544),(-0.0805797,-0.0040006,0.0264114),(-0.0805797,-0.0041088,0.0263710),(-0.0805797,-0.0035383,0.0267544),(-0.0805797,-0.0041088,0.0263710),(-0.0805797,-0.0042223,0.0263397),(-0.0805797,-0.0035383,0.0267544),(-0.0805797,-0.0042223,0.0263397),(-0.0805797,-0.0043411,0.0263172),(-0.0805797,-0.0035383,0.0267544),(-0.0805797,-0.0043411,0.0263172),(-0.0805797,-0.0044652,0.0263038),(-0.0805797,-0.0035383,0.0267544),(-0.0805797,-0.0044652,0.0263038),(-0.0805797,-0.0045946,0.0262993),(-0.0805797,-0.0035383,0.0267544),(-0.0805797,-0.0045946,0.0262993),(-0.0805797,-0.0047226,0.0263038),(-0.0805797,-0.0035383,0.0267544),(-0.0805797,-0.0047226,0.0263038),(-0.0805797,-0.0048455,0.0263174),(-0.0805797,-0.0035383,0.0267544),(-0.0805797,-0.0048455,0.0263174),(-0.0805797,-0.0049630,0.0263399),(-0.0805797,-0.0035383,0.0267544),(-0.0805797,-0.0049630,0.0263399),(-0.0805797,-0.0050753,0.0263716),(-0.0805797,-0.0035383,0.0267544),(-0.0805797,-0.0050753,0.0263716),(-0.0805797,-0.0051824,0.0264122),(-0.0805797,-0.0035383,0.0267544),(-0.0805797,-0.0051824,0.0264122),(-0.0805797,-0.0052841,0.0264618),(-0.0805797,-0.0035383,0.0267544),(-0.0805797,-0.0052841,0.0264618),(-0.0805797,-0.0053807,0.0265205),(-0.0805797,-0.0035383,0.0267544),(-0.0805797,-0.0053807,0.0265205),(-0.0805797,-0.0054719,0.0265882),(-0.0805797,-0.0035383,0.0267544),(-0.0805797,-0.0054719,0.0265882),(-0.0805797,-0.0055543,0.0266627),(-0.0805797,-0.0055543,0.0266627),(-0.0805797,-0.0056256,0.0267427),(-0.0805797,-0.0056860,0.0268282),(-0.0805797,-0.0055543,0.0266627),(-0.0805797,-0.0056860,0.0268282),(-0.0805797,-0.0057354,0.0269192),(-0.0805797,-0.0055543,0.0266627),(-0.0805797,-0.0057354,0.0269192),(-0.0805797,-0.0057739,0.0270158),(-0.0805797,-0.0055543,0.0266627),(-0.0805797,-0.0057739,0.0270158),(-0.0805797,-0.0058013,0.0271179),(-0.0805797,-0.0055543,0.0266627),(-0.0805797,-0.0058013,0.0271179),(-0.0805797,-0.0058178,0.0272255),(-0.0805797,-0.0055543,0.0266627),(-0.0805797,-0.0058178,0.0272255),(-0.0805797,-0.0058233,0.0273386),(-0.0805797,-0.0055543,0.0266627),(-0.0805797,-0.0058233,0.0273386),(-0.0805797,-0.0058176,0.0274563),(-0.0805797,-0.0055543,0.0266627),(-0.0805797,-0.0058176,0.0274563),(-0.0805797,-0.0058005,0.0275674),(-0.0805797,-0.0055543,0.0266627),(-0.0805797,-0.0058005,0.0275674),(-0.0805797,-0.0057719,0.0276720),(-0.0805797,-0.0055543,0.0266627),(-0.0805797,-0.0057719,0.0276720),(-0.0805797,-0.0057320,0.0277701),(-0.0805797,-0.0055543,0.0266627),(-0.0805797,-0.0057320,0.0277701),(-0.0805797,-0.0056807,0.0278617),(-0.0805797,-0.0055543,0.0266627),(-0.0805797,-0.0056807,0.0278617),(-0.0805797,-0.0056179,0.0279468),(-0.0805797,-0.0055543,0.0266627),(-0.0805797,-0.0056179,0.0279468),(-0.0805797,-0.0055437,0.0280254),(-0.0805797,-0.0055543,0.0266627),(-0.0805797,-0.0055437,0.0280254),(-0.0805797,-0.0054582,0.0280974),(-0.0805797,-0.0055543,0.0266627),(-0.0805797,-0.0054582,0.0280974),(-0.0805797,-0.0053631,0.0281637),(-0.0805797,-0.0055543,0.0266627),(-0.0805797,-0.0053631,0.0281637),(-0.0805797,-0.0052620,0.0282211),(-0.0805797,-0.0052620,0.0282211),(-0.0805797,-0.0051550,0.0282696),(-0.0805797,-0.0050420,0.0283094),(-0.0805797,-0.0052620,0.0282211),(-0.0805797,-0.0050420,0.0283094),(-0.0805797,-0.0049230,0.0283403),(-0.0805797,-0.0052620,0.0282211),(-0.0805797,-0.0049230,0.0283403),(-0.0805797,-0.0047980,0.0283623),(-0.0805797,-0.0052620,0.0282211),(-0.0805797,-0.0047980,0.0283623),(-0.0805797,-0.0046670,0.0283756),(-0.0805797,-0.0052620,0.0282211),(-0.0805797,-0.0046670,0.0283756),(-0.0805797,-0.0045300,0.0283800),(-0.0805797,-0.0052620,0.0282211),(-0.0805797,-0.0045300,0.0283800),(-0.0805797,-0.0044480,0.0283647),(-0.0805797,-0.0052620,0.0282211),(-0.0805797,-0.0044480,0.0283647),(-0.0805797,-0.0043797,0.0283186),(-0.0805797,-0.0052620,0.0282211),(-0.0805797,-0.0043797,0.0283186),(-0.0805797,-0.0043337,0.0282501),(-0.0805797,-0.0052620,0.0282211),(-0.0805797,-0.0043337,0.0282501),(-0.0805797,-0.0043183,0.0281673),(-0.0805797,-0.0052620,0.0282211),(-0.0805797,-0.0043183,0.0281673),(-0.0805797,-0.0043337,0.0280842),(-0.0805797,-0.0052620,0.0282211),(-0.0805797,-0.0043337,0.0280842),(-0.0805797,-0.0043797,0.0280149),(-0.0805797,-0.0052620,0.0282211),(-0.0805797,-0.0043797,0.0280149),(-0.0805797,-0.0044480,0.0279673),(-0.0805797,-0.0052620,0.0282211),(-0.0805797,-0.0044480,0.0279673),(-0.0805797,-0.0045300,0.0279514),(-0.0805797,-0.0052620,0.0282211),(-0.0805797,-0.0045300,0.0279514),(-0.0805797,-0.0046301,0.0279487),(-0.0805797,-0.0052620,0.0282211),(-0.0805797,-0.0046301,0.0279487),(-0.0805797,-0.0047244,0.0279405),(-0.0805797,-0.0052620,0.0282211),(-0.0805797,-0.0047244,0.0279405),(-0.0805797,-0.0048130,0.0279270),(-0.0805797,-0.0052620,0.0282211),(-0.0805797,-0.0048130,0.0279270),(-0.0805797,-0.0048959,0.0279080),(-0.0805797,-0.0052620,0.0282211),(-0.0805797,-0.0048959,0.0279080),(-0.0805797,-0.0050446,0.0278537),(-0.0805797,-0.0052620,0.0282211),(-0.0805797,-0.0050446,0.0278537),(-0.0805797,-0.0051703,0.0277778),(-0.0805797,-0.0052620,0.0282211),(-0.0805797,-0.0051703,0.0277778),(-0.0805797,-0.0052698,0.0276873),(-0.0805797,-0.0052620,0.0282211),(-0.0805797,-0.0052698,0.0276873),(-0.0805797,-0.0053410,0.0275839),(-0.0805797,-0.0052620,0.0282211),(-0.0805797,-0.0053410,0.0275839),(-0.0805797,-0.0053836,0.0274677),(-0.0805797,-0.0055543,0.0266627),(-0.0805797,-0.0052620,0.0282211),(-0.0805797,-0.0053836,0.0274677),(-0.0805797,-0.0055543,0.0266627),(-0.0805797,-0.0053836,0.0274677),(-0.0805797,-0.0053978,0.0273386),(-0.0805797,-0.0055543,0.0266627),(-0.0805797,-0.0053978,0.0273386),(-0.0805797,-0.0053844,0.0272150),(-0.0805797,-0.0055543,0.0266627),(-0.0805797,-0.0053844,0.0272150),(-0.0805797,-0.0053441,0.0271015),(-0.0805797,-0.0055543,0.0266627),(-0.0805797,-0.0053441,0.0271015),(-0.0805797,-0.0052770,0.0269981),(-0.0805797,-0.0055543,0.0266627),(-0.0805797,-0.0052770,0.0269981),(-0.0805797,-0.0051830,0.0269047),(-0.0805797,-0.0055543,0.0266627),(-0.0805797,-0.0051830,0.0269047),(-0.0805797,-0.0050653,0.0268269),(-0.0805797,-0.0055543,0.0266627),(-0.0805797,-0.0050653,0.0268269),(-0.0805797,-0.0049279,0.0267713),(-0.0805797,-0.0055543,0.0266627),(-0.0805797,-0.0049279,0.0267713),(-0.0805797,-0.0048519,0.0267519),(-0.0805797,-0.0055543,0.0266627),(-0.0805797,-0.0048519,0.0267519),(-0.0805797,-0.0047710,0.0267380),(-0.0805797,-0.0055543,0.0266627),(-0.0805797,-0.0047710,0.0267380),(-0.0805797,-0.0046853,0.0267297),(-0.0805797,-0.0055543,0.0266627),(-0.0805797,-0.0046853,0.0267297),(-0.0805797,-0.0045946,0.0267269),(-0.0805797,-0.0035383,0.0267544),(-0.0805797,-0.0055543,0.0266627),(-0.0805797,-0.0045946,0.0267269),(-0.0805797,-0.0035383,0.0267544),(-0.0805797,-0.0045946,0.0267269),(-0.0805797,-0.0045030,0.0267296),(-0.0805797,-0.0035383,0.0267544),(-0.0805797,-0.0045030,0.0267296),(-0.0805797,-0.0044162,0.0267379),(-0.0805797,-0.0035383,0.0267544),(-0.0805797,-0.0044162,0.0267379),(-0.0805797,-0.0042570,0.0267708),(-0.0805797,-0.0035383,0.0267544),(-0.0805797,-0.0042570,0.0267708),(-0.0805797,-0.0041167,0.0268257),(-0.0805797,-0.0035383,0.0267544),(-0.0805797,-0.0041167,0.0268257),(-0.0805797,-0.0039955,0.0269026),(-0.0805797,-0.0035383,0.0267544),(-0.0805797,-0.0039955,0.0269026),(-0.0805797,-0.0038979,0.0269960),(-0.0805797,-0.0035383,0.0267544),(-0.0805797,-0.0038979,0.0269960),(-0.0805797,-0.0038281,0.0271018),(-0.0805797,-0.0034897,0.0267068),(-0.0805797,-0.0035383,0.0267544),(-0.0805797,-0.0038281,0.0271018),(-0.0805797,-0.0034897,0.0267068),(-0.0805797,-0.0038281,0.0271018),(-0.0805797,-0.0037862,0.0272199),(-0.0805797,-0.0034897,0.0267068),(-0.0805797,-0.0037862,0.0272199),(-0.0805797,-0.0037722,0.0273502),(-0.0805797,-0.0034897,0.0267068),(-0.0805797,-0.0037722,0.0273502),(-0.0805797,-0.0037722,0.0274169),(-0.0805797,-0.0034897,0.0267068),(-0.0805797,-0.0037722,0.0274169),(-0.0805797,-0.0037564,0.0274984),(-0.0805797,-0.0034897,0.0267068),(-0.0805797,-0.0037564,0.0274984),(-0.0805797,-0.0037087,0.0275672),(-0.0805797,-0.0034897,0.0267068),(-0.0805797,-0.0037087,0.0275672),(-0.0805797,-0.0036394,0.0276140),(-0.0805797,-0.0034897,0.0267068),(-0.0805797,-0.0036394,0.0276140),(-0.0805797,-0.0035585,0.0276296),(-0.0805797,-0.0034897,0.0267068),(-0.0805797,-0.0035585,0.0276296),(-0.0805797,-0.0034778,0.0276140),(-0.0805797,-0.0034897,0.0267068),(-0.0805797,-0.0034778,0.0276140),(-0.0805797,-0.0034092,0.0275672),(-0.0805797,-0.0034897,0.0267068),(-0.0805797,-0.0034092,0.0275672),(-0.0805797,-0.0033624,0.0274984),(-0.0805797,-0.0034897,0.0267068),(-0.0805797,-0.0033624,0.0274984),(-0.0805797,-0.0033468,0.0274169),(-0.0805797,-0.0034897,0.0267068),(-0.0805797,-0.0033468,0.0274169),(-0.0805797,-0.0033468,0.0273502),(-0.0805797,-0.0034897,0.0267068),(-0.0805797,-0.0033468,0.0273502),(-0.0805797,-0.0033468,0.0273079),(-0.0805797,-0.0034897,0.0267068),(-0.0805797,-0.0033468,0.0273079),(-0.0805797,-0.0033375,0.0272246),(-0.0805797,-0.0034897,0.0267068),(-0.0805797,-0.0033375,0.0272246),(-0.0805797,-0.0033097,0.0271484),(-0.0805797,-0.0034897,0.0267068),(-0.0805797,-0.0033097,0.0271484),(-0.0805797,-0.0032634,0.0270791),(-0.0805797,-0.0034897,0.0267068),(-0.0805797,-0.0032634,0.0270791),(-0.0805797,-0.0031986,0.0270169),(-0.0805797,-0.0034897,0.0267068),(-0.0805797,-0.0031986,0.0270169),(-0.0805797,-0.0031087,0.0269632),(-0.0805797,-0.0034897,0.0267068),(-0.0805797,-0.0031087,0.0269632),(-0.0805797,-0.0030060,0.0269248),(-0.0805797,-0.0034897,0.0267068),(-0.0805797,-0.0030060,0.0269248),(-0.0805797,-0.0028906,0.0269018),(-0.0805797,-0.0034897,0.0267068),(-0.0805797,-0.0028906,0.0269018),(-0.0805797,-0.0027626,0.0268941),(-0.0805797,-0.0034897,0.0267068),(-0.0805797,-0.0027626,0.0268941),(-0.0805797,-0.0026363,0.0269018),(-0.0805797,-0.0034897,0.0267068),(-0.0805797,-0.0026363,0.0269018),(-0.0805797,-0.0025250,0.0269251),(-0.0805797,-0.0026363,0.0278062),(-0.0805797,-0.0027626,0.0278149),(-0.0805797,-0.0028449,0.0278302),(-0.0805797,-0.0026363,0.0278062),(-0.0805797,-0.0028449,0.0278302),(-0.0805797,-0.0029139,0.0278762),(-0.0805797,-0.0025253,0.0277802),(-0.0805797,-0.0026363,0.0278062),(-0.0805797,-0.0029139,0.0278762),(-0.0805797,-0.0025253,0.0277802),(-0.0805797,-0.0029139,0.0278762),(-0.0805797,-0.0029608,0.0279448),(-0.0805797,-0.0025253,0.0277802),(-0.0805797,-0.0029608,0.0279448),(-0.0805797,-0.0029764,0.0280276),(-0.0805797,-0.0024294,0.0277369),(-0.0805797,-0.0025253,0.0277802),(-0.0805797,-0.0029764,0.0280276),(-0.0805797,-0.0024294,0.0277369),(-0.0805797,-0.0029764,0.0280276),(-0.0805797,-0.0029608,0.0281096),(-0.0805797,-0.0024294,0.0277369),(-0.0805797,-0.0029608,0.0281096),(-0.0805797,-0.0029139,0.0281779),(-0.0805797,-0.0023488,0.0276762),(-0.0805797,-0.0024294,0.0277369),(-0.0805797,-0.0029139,0.0281779),(-0.0805797,-0.0023488,0.0276762),(-0.0805797,-0.0029139,0.0281779),(-0.0805797,-0.0028449,0.0282239),(-0.0805797,-0.0022840,0.0276047),(-0.0805797,-0.0023488,0.0276762),(-0.0805797,-0.0028449,0.0282239),(-0.0805797,-0.0022840,0.0276047),(-0.0805797,-0.0028449,0.0282239),(-0.0805797,-0.0027626,0.0282392),(-0.0805797,-0.0022840,0.0276047),(-0.0805797,-0.0027626,0.0282392),(-0.0805797,-0.0026580,0.0282353),(-0.0805797,-0.0022840,0.0276047),(-0.0805797,-0.0026580,0.0282353),(-0.0805797,-0.0025580,0.0282233),(-0.0805797,-0.0022377,0.0275246),(-0.0805797,-0.0022840,0.0276047),(-0.0805797,-0.0025580,0.0282233),(-0.0805797,-0.0022377,0.0275246),(-0.0805797,-0.0025580,0.0282233),(-0.0805797,-0.0024626,0.0282034),(-0.0805797,-0.0022377,0.0275246),(-0.0805797,-0.0024626,0.0282034),(-0.0805797,-0.0023718,0.0281755),(-0.0805797,-0.0022099,0.0274359),(-0.0805797,-0.0022377,0.0275246),(-0.0805797,-0.0023718,0.0281755),(-0.0805797,-0.0022099,0.0274359),(-0.0805797,-0.0023718,0.0281755),(-0.0805797,-0.0022856,0.0281396),(-0.0805797,-0.0022099,0.0274359),(-0.0805797,-0.0022856,0.0281396),(-0.0805797,-0.0022040,0.0280958),(-0.0805797,-0.0022006,0.0273386),(-0.0805797,-0.0022099,0.0274359),(-0.0805797,-0.0022040,0.0280958),(-0.0805797,-0.0022006,0.0273386),(-0.0805797,-0.0022040,0.0280958),(-0.0805797,-0.0021270,0.0280440),(-0.0805797,-0.0022098,0.0272447),(-0.0805797,-0.0022006,0.0273386),(-0.0805797,-0.0021270,0.0280440),(-0.0805797,-0.0022098,0.0272447),(-0.0805797,-0.0021270,0.0280440),(-0.0805797,-0.0020546,0.0279842),(-0.0805797,-0.0022098,0.0272447),(-0.0805797,-0.0020546,0.0279842),(-0.0805797,-0.0019888,0.0279183),(-0.0805797,-0.0022374,0.0271600),(-0.0805797,-0.0022098,0.0272447),(-0.0805797,-0.0019888,0.0279183),(-0.0805797,-0.0022374,0.0271600),(-0.0805797,-0.0019888,0.0279183),(-0.0805797,-0.0019319,0.0278482),(-0.0805797,-0.0022374,0.0271600),(-0.0805797,-0.0019319,0.0278482),(-0.0805797,-0.0018837,0.0277738),(-0.0805797,-0.0022374,0.0271600),(-0.0805797,-0.0018837,0.0277738),(-0.0805797,-0.0018442,0.0276953),(-0.0805797,-0.0022834,0.0270844),(-0.0805797,-0.0022374,0.0271600),(-0.0805797,-0.0018442,0.0276953),(-0.0805797,-0.0022834,0.0270844),(-0.0805797,-0.0018442,0.0276953),(-0.0805797,-0.0018135,0.0276124),(-0.0805797,-0.0022834,0.0270844),(-0.0805797,-0.0018135,0.0276124),(-0.0805797,-0.0017916,0.0275254),(-0.0805797,-0.0023477,0.0270179),(-0.0805797,-0.0022834,0.0270844),(-0.0805797,-0.0017916,0.0275254),(-0.0805797,-0.0023477,0.0270179),(-0.0805797,-0.0017916,0.0275254),(-0.0805797,-0.0017785,0.0274341),(-0.0805797,-0.0023477,0.0270179),(-0.0805797,-0.0017785,0.0274341),(-0.0805797,-0.0017741,0.0273386),(-0.0805797,-0.0024288,0.0269638),(-0.0805797,-0.0023477,0.0270179),(-0.0805797,-0.0017741,0.0273386),(-0.0805797,-0.0024288,0.0269638),(-0.0805797,-0.0017741,0.0273386),(-0.0805797,-0.0017785,0.0272421),(-0.0805797,-0.0024288,0.0269638),(-0.0805797,-0.0017785,0.0272421),(-0.0805797,-0.0017917,0.0271506),(-0.0805797,-0.0025250,0.0269251),(-0.0805797,-0.0024288,0.0269638),(-0.0805797,-0.0017917,0.0271506),(-0.0805797,-0.0025250,0.0269251),(-0.0805797,-0.0017917,0.0271506),(-0.0805797,-0.0018137,0.0270641),(-0.0805797,-0.0034897,0.0267068),(-0.0805797,-0.0025250,0.0269251),(-0.0805797,-0.0018137,0.0270641),(-0.0805797,-0.0034897,0.0267068),(-0.0805797,-0.0018137,0.0270641),(-0.0805797,-0.0018445,0.0269825),(-0.0805797,-0.0034897,0.0267068),(-0.0805797,-0.0018445,0.0269825),(-0.0805797,-0.0018841,0.0269058),(-0.0805797,-0.0034897,0.0267068),(-0.0805797,-0.0018841,0.0269058),(-0.0805797,-0.0019325,0.0268342),(-0.0805797,-0.0034897,0.0267068),(-0.0805797,-0.0019325,0.0268342),(-0.0805797,-0.0019896,0.0267675),(-0.0805797,-0.0034897,0.0267068),(-0.0805797,-0.0019896,0.0267675),(-0.0805797,-0.0020556,0.0267057),(-0.0805797,-0.0034897,0.0267068),(-0.0805797,-0.0020556,0.0267057),(-0.0805797,-0.0021283,0.0266499),(-0.0805797,-0.0034897,0.0267068),(-0.0805797,-0.0021283,0.0266499),(-0.0805797,-0.0022054,0.0266015),(-0.0805797,-0.0034897,0.0267068),(-0.0805797,-0.0022054,0.0266015),(-0.0805797,-0.0022870,0.0265606),(-0.0805797,-0.0034897,0.0267068),(-0.0805797,-0.0022870,0.0265606),(-0.0805797,-0.0023731,0.0265271),(-0.0805797,-0.0034897,0.0267068),(-0.0805797,-0.0023731,0.0265271),(-0.0805797,-0.0024637,0.0265011),(-0.0805797,-0.0034897,0.0267068),(-0.0805797,-0.0024637,0.0265011),(-0.0805797,-0.0025589,0.0264825),(-0.0805797,-0.0034897,0.0267068),(-0.0805797,-0.0025589,0.0264825),(-0.0805797,-0.0026585,0.0264713),(-0.0805797,-0.0034897,0.0267068),(-0.0805797,-0.0026585,0.0264713),(-0.0805797,-0.0027626,0.0264676),(-0.0805797,-0.0034897,0.0267068),(-0.0805797,-0.0027626,0.0264676),(-0.0805797,-0.0028668,0.0264713),(-0.0805797,-0.0034897,0.0267068),(-0.0805797,-0.0028668,0.0264713),(-0.0805797,-0.0029672,0.0264825),(-0.0805797,-0.0034897,0.0267068),(-0.0805797,-0.0029672,0.0264825),(-0.0805797,-0.0030638,0.0265012),(-0.0805797,-0.0034897,0.0267068),(-0.0805797,-0.0030638,0.0265012),(-0.0805797,-0.0031566,0.0265274),(-0.0805797,-0.0034897,0.0267068),(-0.0805797,-0.0031566,0.0265274),(-0.0805797,-0.0032455,0.0265610),(-0.0805797,-0.0034897,0.0267068),(-0.0805797,-0.0032455,0.0265610),(-0.0805797,-0.0033307,0.0266021),(-0.0805797,-0.0034897,0.0267068),(-0.0805797,-0.0033307,0.0266021),(-0.0805797,-0.0034121,0.0266507)));
#2772=COMPLEX_TRIANGULATED_SURFACE_SET('surface set',#2771,810,(),(),(),((1,2,3),(4,5,6),(7,8,9),(10,11,12),(13,14,15),(16,17,18),(19,20,21),(22,23,24),(25,26,27),(28,29,30),(31,32,33),(34,35,36),(37,38,39),(40,41,42),(43,44,45),(46,47,48),(49,50,51),(52,53,54),(55,56,57),(58,59,60),(61,62,63),(64,65,66),(67,68,69),(70,71,72),(73,74,75),(76,77,78),(79,80,81),(82,83,84),(85,86,87),(88,89,90),(91,92,93),(94,95,96),(97,98,99),(100,101,102),(103,104,105),(106,107,108),(109,110,111),(112,113,114),(115,116,117),(118,119,120),(121,122,123),(124,125,126),(127,128,129),(130,131,132),(133,134,135),(136,137,138),(139,140,141),(142,143,144),(145,146,147),(148,149,150),(151,152,153),(154,155,156),(157,158,159),(160,161,162),(163,164,165),(166,167,168),(169,170,171),(172,173,174),(175,176,177),(178,179,180),(181,182,183),(184,185,186),(187,188,189),(190,191,192),(193,194,195),(196,197,198),(199,200,201),(202,203,204),(205,206,207),(208,209,210),(211,212,213),(214,215,216),(217,218,219),(220,221,222),(223,224,225),(226,227,228),(229,230,231),(232,233,234),(235,236,237),(238,239,240),(241,242,243),(244,245,246),(247,248,249),(250,251,252),(253,254,255),(256,257,258),(259,260,261),(262,263,264),(265,266,267),(268,269,270),(271,272,273),(274,275,276),(277,278,279),(280,281,282),(283,284,285),(286,287,288),(289,290,291),(292,293,294),(295,296,297),(298,299,300),(301,302,303),(304,305,306),(307,308,309),(310,311,312),(313,314,315),(316,317,318),(319,320,321),(322,323,324),(325,326,327),(328,329,330),(331,332,333),(334,335,336),(337,338,339),(340,341,342),(343,344,345),(346,347,348),(349,350,351),(352,353,354),(355,356,357),(358,359,360),(361,362,363),(364,365,366),(367,368,369),(370,371,372),(373,374,375),(376,377,378),(379,380,381),(382,383,384),(385,386,387),(388,389,390),(391,392,393),(394,395,396),(397,398,399),(400,401,402),(403,404,405),(406,407,408),(409,410,411),(412,413,414),(415,416,417),(418,419,420),(421,422,423),(424,425,426),(427,428,429),(430,431,432),(433,434,435),(436,437,438),(439,440,441),(442,443,444),(445,446,447),(448,449,450),(451,452,453),(454,455,456),(457,458,459),(460,461,462),(463,464,465),(466,467,468),(469,470,471),(472,473,474),(475,476,477),(478,479,480),(481,482,483),(484,485,486),(487,488,489),(490,491,492),(493,494,495),(496,497,498),(499,500,501),(502,503,504),(505,506,507),(508,509,510),(511,512,513),(514,515,516),(517,518,519),(520,521,522),(523,524,525),(526,527,528),(529,530,531),(532,533,534),(535,536,537),(538,539,540),(541,542,543),(544,545,546),(547,548,549),(550,551,552),(553,554,555),(556,557,558),(559,560,561),(562,563,564),(565,566,567),(568,569,570),(571,572,573),(574,575,576),(577,578,579),(580,581,582),(583,584,585),(586,587,588),(589,590,591),(592,593,594),(595,596,597),(598,599,600),(601,602,603),(604,605,606),(607,608,609),(610,611,612),(613,614,615),(616,617,618),(619,620,621),(622,623,624),(625,626,627),(628,629,630),(631,632,633),(634,635,636),(637,638,639),(640,641,642),(643,644,645),(646,647,648),(649,650,651),(652,653,654),(655,656,657),(658,659,660),(661,662,663),(664,665,666),(667,668,669),(670,671,672),(673,674,675),(676,677,678),(679,680,681),(682,683,684),(685,686,687),(688,689,690),(691,692,693),(694,695,696),(697,698,699),(700,701,702),(703,704,705),(706,707,708),(709,710,711),(712,713,714),(715,716,717),(718,719,720),(721,722,723),(724,725,726),(727,728,729),(730,731,732),(733,734,735),(736,737,738),(739,740,741),(742,743,744),(745,746,747),(748,749,750),(751,752,753),(754,755,756),(757,758,759),(760,761,762),(763,764,765),(766,767,768),(769,770,771),(772,773,774),(775,776,777),(778,779,780),(781,782,783),(784,785,786),(787,788,789),(790,791,792),(793,794,795),(796,797,798),(799,800,801),(802,803,804),(805,806,807),(808,809,810)));
#2773=TESSELLATED_GEOMETRIC_SET('linear dimension',(#2772));
#2774=COORDINATES_LIST('coordinates',8,((-0.0805797,-0.0017503,0.0409850),(-0.0805797,-0.0037982,0.0409850),(-0.0805797,-0.0017503,0.0109850),(-0.0805797,-0.0037982,0.0109850),(-0.0805797,-0.0037982,0.0409850),(-0.0805797,-0.0037982,0.0293800),(-0.0805797,-0.0037982,0.0225900),(-0.0805797,-0.0037982,0.0109850)));
#2775=TESSELLATED_CURVE_SET('curve set',#2774,((1,2),(3,4),(5,6),(7,8)));
#2776=TESSELLATED_GEOMETRIC_SET('linear dimension',(#2775));
#2777=TESSELLATED_ANNOTATION_OCCURRENCE('linear dimension',(#2770),#2773);
#2778=TESSELLATED_ANNOTATION_OCCURRENCE('linear dimension',(#2770),#2776);
#2779=DRAUGHTING_CALLOUT('linear dimension',(#2777,#2778));
#2780=DRAUGHTING_MODEL_ITEM_ASSOCIATION('','',#2736,#2766,#2779);
#2781=DRAUGHTING_MODEL_ITEM_ASSOCIATION('','',#2738,#2766,#2779);
#2782=DRAUGHTING_MODEL_ITEM_ASSOCIATION('','',#2740,#2766,#2779);
#2783=SHAPE_ASPECT('DISTANCE.F5R7raA16wibyoY_4',$,#2575,.T.);
#2784=GEOMETRIC_ITEM_SPECIFIC_USAGE('','',#2783,#20,#1483);
#2785=SHAPE_ASPECT('DISTANCE.F5R7raA16wibyoY_4',$,#2575,.T.);
#2786=GEOMETRIC_ITEM_SPECIFIC_USAGE('','',#2785,#20,#1482);
#2787=DIMENSIONAL_LOCATION('linear distance','DISTANCE.F5R7raA16wibyoY_4',#2783,#2785);
#2789=(
LENGTH_UNIT()
NAMED_UNIT(*)
SI_UNIT(.MILLI.,.METRE.)
);
#2790=PRECISION_QUALIFIER(3);
#2788=(
LENGTH_MEASURE_WITH_UNIT()
MEASURE_REPRESENTATION_ITEM()
MEASURE_WITH_UNIT(POSITIVE_LENGTH_MEASURE(30.),#2789)
QUALIFIED_REPRESENTATION_ITEM((#2790))
REPRESENTATION_ITEM('nominal value')
);
#2791=SHAPE_DIMENSION_REPRESENTATION('',(#2788),#2540);
#2792=DIMENSIONAL_CHARACTERISTIC_REPRESENTATION(#2787,#2791);
#2793=PRESENTATION_STYLE_ASSIGNMENT((NULL_STYLE(.NULL.)));
#2794=CARTESIAN_POINT('',(-0.0805797367272693,-0.0497786616906369,0.0259849940732757));
#2795=DIRECTION('',(-1.,0.,0.));
#2796=DIRECTION('',(0.,0.,-1.));
#2797=AXIS2_PLACEMENT_3D('',#2794,#2795,#2796);
#2798=PLANE('',#2797);
#2799=ANNOTATION_PLANE('',(#2793),#2798,(#2826));
#2800=CARTESIAN_POINT('',(0.,0.,0.));
#2801=DIRECTION('',(0.,0.,1.));
#2802=DIRECTION('',(1.,0.,0.));
#2803=AXIS2_PLACEMENT_3D('',#2800,#2801,#2802);
#2804=CARTESIAN_POINT('',(0.,0.,0.));
#2805=DIRECTION('',(0.,0.,1.));
#2806=DIRECTION('',(1.,0.,0.));
#2807=AXIS2_PLACEMENT_3D('',#2804,#2805,#2806);
#2808=SHAPE_REPRESENTATION('',(#2807,#1580),#2540);
#2809=REPRESENTATION_MAP(#2803,#2808);
#2810=MAPPED_ITEM('',#2809,#2803);
#2811=PRESENTATION_STYLE_ASSIGNMENT((NULL_STYLE(.NULL.)));
#2812=STYLED_ITEM('',(#2811),#2810);
#2813=DRAUGHTING_MODEL('',(#2799,#2803,#2810,#2812),#2540);
#2814=DRAUGHTING_PRE_DEFINED_CURVE_FONT('continuous');
#2815=COLOUR_RGB('',0.,0.,0.);
#2816=CURVE_STYLE('',#2814,POSITIVE_LENGTH_MEASURE(0.02),#2815);
#2817=PRESENTATION_STYLE_ASSIGNMENT((#2816));
#2818=COORDINATES_LIST('coordinates',810,((-0.0805797,-0.0506731,0.0383017),(-0.0805797,-0.0497787,0.0409850),(-0.0805797,-0.0488842,0.0383017),(-0.0805797,-0.0488842,0.0136683),(-0.0805797,-0.0497787,0.0109850),(-0.0805797,-0.0506731,0.0136683),(-0.0805797,-0.0489336,0.0235900),(-0.0805797,-0.0506237,0.0235900),(-0.0805797,-0.0507561,0.0235953),(-0.0805797,-0.0489336,0.0235900),(-0.0805797,-0.0507561,0.0235953),(-0.0805797,-0.0508824,0.0236114),(-0.0805797,-0.0489336,0.0235900),(-0.0805797,-0.0508824,0.0236114),(-0.0805797,-0.0510025,0.0236381),(-0.0805797,-0.0489336,0.0235900),(-0.0805797,-0.0510025,0.0236381),(-0.0805797,-0.0511164,0.0236754),(-0.0805797,-0.0489336,0.0235900),(-0.0805797,-0.0511164,0.0236754),(-0.0805797,-0.0512242,0.0237235),(-0.0805797,-0.0489336,0.0235900),(-0.0805797,-0.0512242,0.0237235),(-0.0805797,-0.0513258,0.0237823),(-0.0805797,-0.0489336,0.0235900),(-0.0805797,-0.0513258,0.0237823),(-0.0805797,-0.0514213,0.0238517),(-0.0805797,-0.0489336,0.0235900),(-0.0805797,-0.0514213,0.0238517),(-0.0805797,-0.0515106,0.0239318),(-0.0805797,-0.0489336,0.0235900),(-0.0805797,-0.0515106,0.0239318),(-0.0805797,-0.0515801,0.0240081),(-0.0805797,-0.0489336,0.0235900),(-0.0805797,-0.0515801,0.0240081),(-0.0805797,-0.0516403,0.0240876),(-0.0805797,-0.0489336,0.0235900),(-0.0805797,-0.0516403,0.0240876),(-0.0805797,-0.0516912,0.0241704),(-0.0805797,-0.0516912,0.0241704),(-0.0805797,-0.0517329,0.0242565),(-0.0805797,-0.0517653,0.0243458),(-0.0805797,-0.0516912,0.0241704),(-0.0805797,-0.0517653,0.0243458),(-0.0805797,-0.0517884,0.0244384),(-0.0805797,-0.0516912,0.0241704),(-0.0805797,-0.0517884,0.0244384),(-0.0805797,-0.0518023,0.0245343),(-0.0805797,-0.0516912,0.0241704),(-0.0805797,-0.0518023,0.0245343),(-0.0805797,-0.0518070,0.0246335),(-0.0805797,-0.0516912,0.0241704),(-0.0805797,-0.0518070,0.0246335),(-0.0805797,-0.0518022,0.0247310),(-0.0805797,-0.0516912,0.0241704),(-0.0805797,-0.0518022,0.0247310),(-0.0805797,-0.0517881,0.0248255),(-0.0805797,-0.0516912,0.0241704),(-0.0805797,-0.0517881,0.0248255),(-0.0805797,-0.0517645,0.0249171),(-0.0805797,-0.0516912,0.0241704),(-0.0805797,-0.0517645,0.0249171),(-0.0805797,-0.0517316,0.0250058),(-0.0805797,-0.0516912,0.0241704),(-0.0805797,-0.0517316,0.0250058),(-0.0805797,-0.0516891,0.0250915),(-0.0805797,-0.0516912,0.0241704),(-0.0805797,-0.0516891,0.0250915),(-0.0805797,-0.0516373,0.0251742),(-0.0805797,-0.0516912,0.0241704),(-0.0805797,-0.0516373,0.0251742),(-0.0805797,-0.0515760,0.0252541),(-0.0805797,-0.0516912,0.0241704),(-0.0805797,-0.0515760,0.0252541),(-0.0805797,-0.0515053,0.0253309),(-0.0805797,-0.0515053,0.0253309),(-0.0805797,-0.0512090,0.0250272),(-0.0805797,-0.0512849,0.0249357),(-0.0805797,-0.0515053,0.0253309),(-0.0805797,-0.0512849,0.0249357),(-0.0805797,-0.0513392,0.0248388),(-0.0805797,-0.0516912,0.0241704),(-0.0805797,-0.0515053,0.0253309),(-0.0805797,-0.0513392,0.0248388),(-0.0805797,-0.0516912,0.0241704),(-0.0805797,-0.0513392,0.0248388),(-0.0805797,-0.0513717,0.0247367),(-0.0805797,-0.0516912,0.0241704),(-0.0805797,-0.0513717,0.0247367),(-0.0805797,-0.0513826,0.0246293),(-0.0805797,-0.0516912,0.0241704),(-0.0805797,-0.0513826,0.0246293),(-0.0805797,-0.0513715,0.0245210),(-0.0805797,-0.0516912,0.0241704),(-0.0805797,-0.0513715,0.0245210),(-0.0805797,-0.0513381,0.0244184),(-0.0805797,-0.0516912,0.0241704),(-0.0805797,-0.0513381,0.0244184),(-0.0805797,-0.0512826,0.0243215),(-0.0805797,-0.0516912,0.0241704),(-0.0805797,-0.0512826,0.0243215),(-0.0805797,-0.0512048,0.0242303),(-0.0805797,-0.0516912,0.0241704),(-0.0805797,-0.0512048,0.0242303),(-0.0805797,-0.0510887,0.0241372),(-0.0805797,-0.0516912,0.0241704),(-0.0805797,-0.0510887,0.0241372),(-0.0805797,-0.0509531,0.0240707),(-0.0805797,-0.0516912,0.0241704),(-0.0805797,-0.0509531,0.0240707),(-0.0805797,-0.0508781,0.0240475),(-0.0805797,-0.0489336,0.0235900),(-0.0805797,-0.0516912,0.0241704),(-0.0805797,-0.0508781,0.0240475),(-0.0805797,-0.0489336,0.0235900),(-0.0805797,-0.0508781,0.0240475),(-0.0805797,-0.0507982,0.0240308),(-0.0805797,-0.0489336,0.0235900),(-0.0805797,-0.0507982,0.0240308),(-0.0805797,-0.0507134,0.0240209),(-0.0805797,-0.0489336,0.0235900),(-0.0805797,-0.0507134,0.0240209),(-0.0805797,-0.0506237,0.0240176),(-0.0805797,-0.0489336,0.0235900),(-0.0805797,-0.0506237,0.0240176),(-0.0805797,-0.0489336,0.0240176),(-0.0805797,-0.0489336,0.0235900),(-0.0805797,-0.0489336,0.0240176),(-0.0805797,-0.0488466,0.0240209),(-0.0805797,-0.0489336,0.0235900),(-0.0805797,-0.0488466,0.0240209),(-0.0805797,-0.0487638,0.0240308),(-0.0805797,-0.0489336,0.0235900),(-0.0805797,-0.0487638,0.0240308),(-0.0805797,-0.0486111,0.0240707),(-0.0805797,-0.0489336,0.0235900),(-0.0805797,-0.0486111,0.0240707),(-0.0805797,-0.0484754,0.0241372),(-0.0805797,-0.0489336,0.0235900),(-0.0805797,-0.0484754,0.0241372),(-0.0805797,-0.0483568,0.0242303),(-0.0805797,-0.0510926,0.0251212),(-0.0805797,-0.0512090,0.0250272),(-0.0805797,-0.0515053,0.0253309),(-0.0805797,-0.0509563,0.0251883),(-0.0805797,-0.0510926,0.0251212),(-0.0805797,-0.0515053,0.0253309),(-0.0805797,-0.0508000,0.0252286),(-0.0805797,-0.0509563,0.0251883),(-0.0805797,-0.0515053,0.0253309),(-0.0805797,-0.0507144,0.0252387),(-0.0805797,-0.0508000,0.0252286),(-0.0805797,-0.0515053,0.0253309),(-0.0805797,-0.0506237,0.0252420),(-0.0805797,-0.0507144,0.0252387),(-0.0805797,-0.0515053,0.0253309),(-0.0805797,-0.0489262,0.0252420),(-0.0805797,-0.0506237,0.0252420),(-0.0805797,-0.0515053,0.0253309),(-0.0805797,-0.0489262,0.0252420),(-0.0805797,-0.0515053,0.0253309),(-0.0805797,-0.0514173,0.0254106),(-0.0805797,-0.0488379,0.0252387),(-0.0805797,-0.0489262,0.0252420),(-0.0805797,-0.0514173,0.0254106),(-0.0805797,-0.0488379,0.0252387),(-0.0805797,-0.0514173,0.0254106),(-0.0805797,-0.0513231,0.0254796),(-0.0805797,-0.0488379,0.0252387),(-0.0805797,-0.0513231,0.0254796),(-0.0805797,-0.0512227,0.0255380),(-0.0805797,-0.0487545,0.0252287),(-0.0805797,-0.0488379,0.0252387),(-0.0805797,-0.0512227,0.0255380),(-0.0805797,-0.0487545,0.0252287),(-0.0805797,-0.0512227,0.0255380),(-0.0805797,-0.0511161,0.0255857),(-0.0805797,-0.0487545,0.0252287),(-0.0805797,-0.0511161,0.0255857),(-0.0805797,-0.0510034,0.0256229),(-0.0805797,-0.0487545,0.0252287),(-0.0805797,-0.0510034,0.0256229),(-0.0805797,-0.0508844,0.0256494),(-0.0805797,-0.0487545,0.0252287),(-0.0805797,-0.0508844,0.0256494),(-0.0805797,-0.0507593,0.0256654),(-0.0805797,-0.0486759,0.0252121),(-0.0805797,-0.0487545,0.0252287),(-0.0805797,-0.0507593,0.0256654),(-0.0805797,-0.0486759,0.0252121),(-0.0805797,-0.0507593,0.0256654),(-0.0805797,-0.0506280,0.0256707),(-0.0805797,-0.0486759,0.0252121),(-0.0805797,-0.0506280,0.0256707),(-0.0805797,-0.0489336,0.0256707),(-0.0805797,-0.0486023,0.0251889),(-0.0805797,-0.0486759,0.0252121),(-0.0805797,-0.0489336,0.0256707),(-0.0805797,-0.0484698,0.0251224),(-0.0805797,-0.0486023,0.0251889),(-0.0805797,-0.0489336,0.0256707),(-0.0805797,-0.0483568,0.0250293),(-0.0805797,-0.0484698,0.0251224),(-0.0805797,-0.0489336,0.0256707),(-0.0805797,-0.0483568,0.0250293),(-0.0805797,-0.0489336,0.0256707),(-0.0805797,-0.0489262,0.0256707),(-0.0805797,-0.0483568,0.0250293),(-0.0805797,-0.0489262,0.0256707),(-0.0805797,-0.0487957,0.0256654),(-0.0805797,-0.0482781,0.0249341),(-0.0805797,-0.0483568,0.0250293),(-0.0805797,-0.0487957,0.0256654),(-0.0805797,-0.0482781,0.0249341),(-0.0805797,-0.0487957,0.0256654),(-0.0805797,-0.0486714,0.0256494),(-0.0805797,-0.0482219,0.0248356),(-0.0805797,-0.0482781,0.0249341),(-0.0805797,-0.0486714,0.0256494),(-0.0805797,-0.0482219,0.0248356),(-0.0805797,-0.0486714,0.0256494),(-0.0805797,-0.0485533,0.0256229),(-0.0805797,-0.0482219,0.0248356),(-0.0805797,-0.0485533,0.0256229),(-0.0805797,-0.0484415,0.0255857),(-0.0805797,-0.0481881,0.0247340),(-0.0805797,-0.0482219,0.0248356),(-0.0805797,-0.0484415,0.0255857),(-0.0805797,-0.0481881,0.0247340),(-0.0805797,-0.0484415,0.0255857),(-0.0805797,-0.0483358,0.0255380),(-0.0805797,-0.0481881,0.0247340),(-0.0805797,-0.0483358,0.0255380),(-0.0805797,-0.0482364,0.0254796),(-0.0805797,-0.0481769,0.0246293),(-0.0805797,-0.0481881,0.0247340),(-0.0805797,-0.0482364,0.0254796),(-0.0805797,-0.0481769,0.0246293),(-0.0805797,-0.0482364,0.0254796),(-0.0805797,-0.0481432,0.0254106),(-0.0805797,-0.0481769,0.0246293),(-0.0805797,-0.0481432,0.0254106),(-0.0805797,-0.0480562,0.0253309),(-0.0805797,-0.0481881,0.0245202),(-0.0805797,-0.0481769,0.0246293),(-0.0805797,-0.0480562,0.0253309),(-0.0805797,-0.0481881,0.0245202),(-0.0805797,-0.0480562,0.0253309),(-0.0805797,-0.0479845,0.0252526),(-0.0805797,-0.0481881,0.0245202),(-0.0805797,-0.0479845,0.0252526),(-0.0805797,-0.0479224,0.0251716),(-0.0805797,-0.0482219,0.0244173),(-0.0805797,-0.0481881,0.0245202),(-0.0805797,-0.0479224,0.0251716),(-0.0805797,-0.0482219,0.0244173),(-0.0805797,-0.0479224,0.0251716),(-0.0805797,-0.0478698,0.0250879),(-0.0805797,-0.0482219,0.0244173),(-0.0805797,-0.0478698,0.0250879),(-0.0805797,-0.0478268,0.0250015),(-0.0805797,-0.0482781,0.0243207),(-0.0805797,-0.0482219,0.0244173),(-0.0805797,-0.0478268,0.0250015),(-0.0805797,-0.0482781,0.0243207),(-0.0805797,-0.0478268,0.0250015),(-0.0805797,-0.0477934,0.0249125),(-0.0805797,-0.0482781,0.0243207),(-0.0805797,-0.0477934,0.0249125),(-0.0805797,-0.0477695,0.0248208),(-0.0805797,-0.0483568,0.0242303),(-0.0805797,-0.0482781,0.0243207),(-0.0805797,-0.0477695,0.0248208),(-0.0805797,-0.0489336,0.0235900),(-0.0805797,-0.0483568,0.0242303),(-0.0805797,-0.0477695,0.0248208),(-0.0805797,-0.0489336,0.0235900),(-0.0805797,-0.0477695,0.0248208),(-0.0805797,-0.0477551,0.0247264),(-0.0805797,-0.0489336,0.0235900),(-0.0805797,-0.0477551,0.0247264),(-0.0805797,-0.0477504,0.0246293),(-0.0805797,-0.0489336,0.0235900),(-0.0805797,-0.0477504,0.0246293),(-0.0805797,-0.0477551,0.0245311),(-0.0805797,-0.0489336,0.0235900),(-0.0805797,-0.0477551,0.0245311),(-0.0805797,-0.0477695,0.0244359),(-0.0805797,-0.0489336,0.0235900),(-0.0805797,-0.0477695,0.0244359),(-0.0805797,-0.0477934,0.0243439),(-0.0805797,-0.0489336,0.0235900),(-0.0805797,-0.0477934,0.0243439),(-0.0805797,-0.0478268,0.0242549),(-0.0805797,-0.0489336,0.0235900),(-0.0805797,-0.0478268,0.0242549),(-0.0805797,-0.0478698,0.0241690),(-0.0805797,-0.0489336,0.0235900),(-0.0805797,-0.0478698,0.0241690),(-0.0805797,-0.0479224,0.0240861),(-0.0805797,-0.0489336,0.0235900),(-0.0805797,-0.0479224,0.0240861),(-0.0805797,-0.0479845,0.0240064),(-0.0805797,-0.0489336,0.0235900),(-0.0805797,-0.0479845,0.0240064),(-0.0805797,-0.0480562,0.0239297),(-0.0805797,-0.0489336,0.0235900),(-0.0805797,-0.0480562,0.0239297),(-0.0805797,-0.0481449,0.0238501),(-0.0805797,-0.0489336,0.0235900),(-0.0805797,-0.0481449,0.0238501),(-0.0805797,-0.0482396,0.0237811),(-0.0805797,-0.0489336,0.0235900),(-0.0805797,-0.0482396,0.0237811),(-0.0805797,-0.0483403,0.0237227),(-0.0805797,-0.0489336,0.0235900),(-0.0805797,-0.0483403,0.0237227),(-0.0805797,-0.0484470,0.0236749),(-0.0805797,-0.0489336,0.0235900),(-0.0805797,-0.0484470,0.0236749),(-0.0805797,-0.0485597,0.0236378),(-0.0805797,-0.0489336,0.0235900),(-0.0805797,-0.0485597,0.0236378),(-0.0805797,-0.0486783,0.0236112),(-0.0805797,-0.0489336,0.0235900),(-0.0805797,-0.0486783,0.0236112),(-0.0805797,-0.0488030,0.0235953),(-0.0805797,-0.0495188,0.0267544),(-0.0805797,-0.0495950,0.0266700),(-0.0805797,-0.0496882,0.0265861),(-0.0805797,-0.0495188,0.0267544),(-0.0805797,-0.0496882,0.0265861),(-0.0805797,-0.0497805,0.0265189),(-0.0805797,-0.0495188,0.0267544),(-0.0805797,-0.0497805,0.0265189),(-0.0805797,-0.0498781,0.0264606),(-0.0805797,-0.0495188,0.0267544),(-0.0805797,-0.0498781,0.0264606),(-0.0805797,-0.0499811,0.0264114),(-0.0805797,-0.0495188,0.0267544),(-0.0805797,-0.0499811,0.0264114),(-0.0805797,-0.0500893,0.0263710),(-0.0805797,-0.0495188,0.0267544),(-0.0805797,-0.0500893,0.0263710),(-0.0805797,-0.0502028,0.0263397),(-0.0805797,-0.0495188,0.0267544),(-0.0805797,-0.0502028,0.0263397),(-0.0805797,-0.0503216,0.0263172),(-0.0805797,-0.0495188,0.0267544),(-0.0805797,-0.0503216,0.0263172),(-0.0805797,-0.0504457,0.0263038),(-0.0805797,-0.0495188,0.0267544),(-0.0805797,-0.0504457,0.0263038),(-0.0805797,-0.0505751,0.0262993),(-0.0805797,-0.0495188,0.0267544),(-0.0805797,-0.0505751,0.0262993),(-0.0805797,-0.0507031,0.0263038),(-0.0805797,-0.0495188,0.0267544),(-0.0805797,-0.0507031,0.0263038),(-0.0805797,-0.0508259,0.0263174),(-0.0805797,-0.0495188,0.0267544),(-0.0805797,-0.0508259,0.0263174),(-0.0805797,-0.0509435,0.0263399),(-0.0805797,-0.0495188,0.0267544),(-0.0805797,-0.0509435,0.0263399),(-0.0805797,-0.0510558,0.0263716),(-0.0805797,-0.0495188,0.0267544),(-0.0805797,-0.0510558,0.0263716),(-0.0805797,-0.0511628,0.0264122),(-0.0805797,-0.0495188,0.0267544),(-0.0805797,-0.0511628,0.0264122),(-0.0805797,-0.0512646,0.0264618),(-0.0805797,-0.0495188,0.0267544),(-0.0805797,-0.0512646,0.0264618),(-0.0805797,-0.0513612,0.0265205),(-0.0805797,-0.0495188,0.0267544),(-0.0805797,-0.0513612,0.0265205),(-0.0805797,-0.0514524,0.0265882),(-0.0805797,-0.0495188,0.0267544),(-0.0805797,-0.0514524,0.0265882),(-0.0805797,-0.0515348,0.0266627),(-0.0805797,-0.0515348,0.0266627),(-0.0805797,-0.0516061,0.0267427),(-0.0805797,-0.0516665,0.0268282),(-0.0805797,-0.0515348,0.0266627),(-0.0805797,-0.0516665,0.0268282),(-0.0805797,-0.0517159,0.0269192),(-0.0805797,-0.0515348,0.0266627),(-0.0805797,-0.0517159,0.0269192),(-0.0805797,-0.0517544,0.0270158),(-0.0805797,-0.0515348,0.0266627),(-0.0805797,-0.0517544,0.0270158),(-0.0805797,-0.0517818,0.0271179),(-0.0805797,-0.0515348,0.0266627),(-0.0805797,-0.0517818,0.0271179),(-0.0805797,-0.0517983,0.0272255),(-0.0805797,-0.0515348,0.0266627),(-0.0805797,-0.0517983,0.0272255),(-0.0805797,-0.0518038,0.0273386),(-0.0805797,-0.0515348,0.0266627),(-0.0805797,-0.0518038,0.0273386),(-0.0805797,-0.0517981,0.0274563),(-0.0805797,-0.0515348,0.0266627),(-0.0805797,-0.0517981,0.0274563),(-0.0805797,-0.0517810,0.0275674),(-0.0805797,-0.0515348,0.0266627),(-0.0805797,-0.0517810,0.0275674),(-0.0805797,-0.0517524,0.0276720),(-0.0805797,-0.0515348,0.0266627),(-0.0805797,-0.0517524,0.0276720),(-0.0805797,-0.0517125,0.0277701),(-0.0805797,-0.0515348,0.0266627),(-0.0805797,-0.0517125,0.0277701),(-0.0805797,-0.0516612,0.0278617),(-0.0805797,-0.0515348,0.0266627),(-0.0805797,-0.0516612,0.0278617),(-0.0805797,-0.0515984,0.0279468),(-0.0805797,-0.0515348,0.0266627),(-0.0805797,-0.0515984,0.0279468),(-0.0805797,-0.0515242,0.0280254),(-0.0805797,-0.0515348,0.0266627),(-0.0805797,-0.0515242,0.0280254),(-0.0805797,-0.0514387,0.0280974),(-0.0805797,-0.0515348,0.0266627),(-0.0805797,-0.0514387,0.0280974),(-0.0805797,-0.0513436,0.0281637),(-0.0805797,-0.0515348,0.0266627),(-0.0805797,-0.0513436,0.0281637),(-0.0805797,-0.0512425,0.0282211),(-0.0805797,-0.0512425,0.0282211),(-0.0805797,-0.0511355,0.0282696),(-0.0805797,-0.0510225,0.0283094),(-0.0805797,-0.0512425,0.0282211),(-0.0805797,-0.0510225,0.0283094),(-0.0805797,-0.0509035,0.0283403),(-0.0805797,-0.0512425,0.0282211),(-0.0805797,-0.0509035,0.0283403),(-0.0805797,-0.0507785,0.0283623),(-0.0805797,-0.0512425,0.0282211),(-0.0805797,-0.0507785,0.0283623),(-0.0805797,-0.0506475,0.0283756),(-0.0805797,-0.0512425,0.0282211),(-0.0805797,-0.0506475,0.0283756),(-0.0805797,-0.0505105,0.0283800),(-0.0805797,-0.0512425,0.0282211),(-0.0805797,-0.0505105,0.0283800),(-0.0805797,-0.0504285,0.0283647),(-0.0805797,-0.0512425,0.0282211),(-0.0805797,-0.0504285,0.0283647),(-0.0805797,-0.0503602,0.0283186),(-0.0805797,-0.0512425,0.0282211),(-0.0805797,-0.0503602,0.0283186),(-0.0805797,-0.0503142,0.0282501),(-0.0805797,-0.0512425,0.0282211),(-0.0805797,-0.0503142,0.0282501),(-0.0805797,-0.0502988,0.0281673),(-0.0805797,-0.0512425,0.0282211),(-0.0805797,-0.0502988,0.0281673),(-0.0805797,-0.0503142,0.0280842),(-0.0805797,-0.0512425,0.0282211),(-0.0805797,-0.0503142,0.0280842),(-0.0805797,-0.0503602,0.0280149),(-0.0805797,-0.0512425,0.0282211),(-0.0805797,-0.0503602,0.0280149),(-0.0805797,-0.0504285,0.0279673),(-0.0805797,-0.0512425,0.0282211),(-0.0805797,-0.0504285,0.0279673),(-0.0805797,-0.0505105,0.0279514),(-0.0805797,-0.0512425,0.0282211),(-0.0805797,-0.0505105,0.0279514),(-0.0805797,-0.0506106,0.0279487),(-0.0805797,-0.0512425,0.0282211),(-0.0805797,-0.0506106,0.0279487),(-0.0805797,-0.0507049,0.0279405),(-0.0805797,-0.0512425,0.0282211),(-0.0805797,-0.0507049,0.0279405),(-0.0805797,-0.0507935,0.0279270),(-0.0805797,-0.0512425,0.0282211),(-0.0805797,-0.0507935,0.0279270),(-0.0805797,-0.0508764,0.0279080),(-0.0805797,-0.0512425,0.0282211),(-0.0805797,-0.0508764,0.0279080),(-0.0805797,-0.0510250,0.0278537),(-0.0805797,-0.0512425,0.0282211),(-0.0805797,-0.0510250,0.0278537),(-0.0805797,-0.0511508,0.0277778),(-0.0805797,-0.0512425,0.0282211),(-0.0805797,-0.0511508,0.0277778),(-0.0805797,-0.0512503,0.0276873),(-0.0805797,-0.0512425,0.0282211),(-0.0805797,-0.0512503,0.0276873),(-0.0805797,-0.0513214,0.0275839),(-0.0805797,-0.0512425,0.0282211),(-0.0805797,-0.0513214,0.0275839),(-0.0805797,-0.0513641,0.0274677),(-0.0805797,-0.0515348,0.0266627),(-0.0805797,-0.0512425,0.0282211),(-0.0805797,-0.0513641,0.0274677),(-0.0805797,-0.0515348,0.0266627),(-0.0805797,-0.0513641,0.0274677),(-0.0805797,-0.0513783,0.0273386),(-0.0805797,-0.0515348,0.0266627),(-0.0805797,-0.0513783,0.0273386),(-0.0805797,-0.0513649,0.0272150),(-0.0805797,-0.0515348,0.0266627),(-0.0805797,-0.0513649,0.0272150),(-0.0805797,-0.0513246,0.0271015),(-0.0805797,-0.0515348,0.0266627),(-0.0805797,-0.0513246,0.0271015),(-0.0805797,-0.0512575,0.0269981),(-0.0805797,-0.0515348,0.0266627),(-0.0805797,-0.0512575,0.0269981),(-0.0805797,-0.0511635,0.0269047),(-0.0805797,-0.0515348,0.0266627),(-0.0805797,-0.0511635,0.0269047),(-0.0805797,-0.0510458,0.0268269),(-0.0805797,-0.0515348,0.0266627),(-0.0805797,-0.0510458,0.0268269),(-0.0805797,-0.0509084,0.0267713),(-0.0805797,-0.0515348,0.0266627),(-0.0805797,-0.0509084,0.0267713),(-0.0805797,-0.0508324,0.0267519),(-0.0805797,-0.0515348,0.0266627),(-0.0805797,-0.0508324,0.0267519),(-0.0805797,-0.0507515,0.0267380),(-0.0805797,-0.0515348,0.0266627),(-0.0805797,-0.0507515,0.0267380),(-0.0805797,-0.0506657,0.0267297),(-0.0805797,-0.0515348,0.0266627),(-0.0805797,-0.0506657,0.0267297),(-0.0805797,-0.0505751,0.0267269),(-0.0805797,-0.0495188,0.0267544),(-0.0805797,-0.0515348,0.0266627),(-0.0805797,-0.0505751,0.0267269),(-0.0805797,-0.0495188,0.0267544),(-0.0805797,-0.0505751,0.0267269),(-0.0805797,-0.0504835,0.0267296),(-0.0805797,-0.0495188,0.0267544),(-0.0805797,-0.0504835,0.0267296),(-0.0805797,-0.0503967,0.0267379),(-0.0805797,-0.0495188,0.0267544),(-0.0805797,-0.0503967,0.0267379),(-0.0805797,-0.0502374,0.0267708),(-0.0805797,-0.0495188,0.0267544),(-0.0805797,-0.0502374,0.0267708),(-0.0805797,-0.0500972,0.0268257),(-0.0805797,-0.0495188,0.0267544),(-0.0805797,-0.0500972,0.0268257),(-0.0805797,-0.0499760,0.0269026),(-0.0805797,-0.0495188,0.0267544),(-0.0805797,-0.0499760,0.0269026),(-0.0805797,-0.0498783,0.0269960),(-0.0805797,-0.0495188,0.0267544),(-0.0805797,-0.0498783,0.0269960),(-0.0805797,-0.0498086,0.0271018),(-0.0805797,-0.0494702,0.0267068),(-0.0805797,-0.0495188,0.0267544),(-0.0805797,-0.0498086,0.0271018),(-0.0805797,-0.0494702,0.0267068),(-0.0805797,-0.0498086,0.0271018),(-0.0805797,-0.0497667,0.0272199),(-0.0805797,-0.0494702,0.0267068),(-0.0805797,-0.0497667,0.0272199),(-0.0805797,-0.0497527,0.0273502),(-0.0805797,-0.0494702,0.0267068),(-0.0805797,-0.0497527,0.0273502),(-0.0805797,-0.0497527,0.0274169),(-0.0805797,-0.0494702,0.0267068),(-0.0805797,-0.0497527,0.0274169),(-0.0805797,-0.0497369,0.0274984),(-0.0805797,-0.0494702,0.0267068),(-0.0805797,-0.0497369,0.0274984),(-0.0805797,-0.0496892,0.0275672),(-0.0805797,-0.0494702,0.0267068),(-0.0805797,-0.0496892,0.0275672),(-0.0805797,-0.0496199,0.0276140),(-0.0805797,-0.0494702,0.0267068),(-0.0805797,-0.0496199,0.0276140),(-0.0805797,-0.0495389,0.0276296),(-0.0805797,-0.0494702,0.0267068),(-0.0805797,-0.0495389,0.0276296),(-0.0805797,-0.0494583,0.0276140),(-0.0805797,-0.0494702,0.0267068),(-0.0805797,-0.0494583,0.0276140),(-0.0805797,-0.0493897,0.0275672),(-0.0805797,-0.0494702,0.0267068),(-0.0805797,-0.0493897,0.0275672),(-0.0805797,-0.0493429,0.0274984),(-0.0805797,-0.0494702,0.0267068),(-0.0805797,-0.0493429,0.0274984),(-0.0805797,-0.0493273,0.0274169),(-0.0805797,-0.0494702,0.0267068),(-0.0805797,-0.0493273,0.0274169),(-0.0805797,-0.0493273,0.0273502),(-0.0805797,-0.0494702,0.0267068),(-0.0805797,-0.0493273,0.0273502),(-0.0805797,-0.0493273,0.0273079),(-0.0805797,-0.0494702,0.0267068),(-0.0805797,-0.0493273,0.0273079),(-0.0805797,-0.0493180,0.0272246),(-0.0805797,-0.0494702,0.0267068),(-0.0805797,-0.0493180,0.0272246),(-0.0805797,-0.0492902,0.0271484),(-0.0805797,-0.0494702,0.0267068),(-0.0805797,-0.0492902,0.0271484),(-0.0805797,-0.0492439,0.0270791),(-0.0805797,-0.0494702,0.0267068),(-0.0805797,-0.0492439,0.0270791),(-0.0805797,-0.0491791,0.0270169),(-0.0805797,-0.0494702,0.0267068),(-0.0805797,-0.0491791,0.0270169),(-0.0805797,-0.0490892,0.0269632),(-0.0805797,-0.0494702,0.0267068),(-0.0805797,-0.0490892,0.0269632),(-0.0805797,-0.0489865,0.0269248),(-0.0805797,-0.0494702,0.0267068),(-0.0805797,-0.0489865,0.0269248),(-0.0805797,-0.0488711,0.0269018),(-0.0805797,-0.0494702,0.0267068),(-0.0805797,-0.0488711,0.0269018),(-0.0805797,-0.0487431,0.0268941),(-0.0805797,-0.0494702,0.0267068),(-0.0805797,-0.0487431,0.0268941),(-0.0805797,-0.0486167,0.0269018),(-0.0805797,-0.0494702,0.0267068),(-0.0805797,-0.0486167,0.0269018),(-0.0805797,-0.0485055,0.0269251),(-0.0805797,-0.0486168,0.0278062),(-0.0805797,-0.0487431,0.0278149),(-0.0805797,-0.0488254,0.0278302),(-0.0805797,-0.0486168,0.0278062),(-0.0805797,-0.0488254,0.0278302),(-0.0805797,-0.0488944,0.0278762),(-0.0805797,-0.0485058,0.0277802),(-0.0805797,-0.0486168,0.0278062),(-0.0805797,-0.0488944,0.0278762),(-0.0805797,-0.0485058,0.0277802),(-0.0805797,-0.0488944,0.0278762),(-0.0805797,-0.0489413,0.0279448),(-0.0805797,-0.0485058,0.0277802),(-0.0805797,-0.0489413,0.0279448),(-0.0805797,-0.0489569,0.0280276),(-0.0805797,-0.0484099,0.0277369),(-0.0805797,-0.0485058,0.0277802),(-0.0805797,-0.0489569,0.0280276),(-0.0805797,-0.0484099,0.0277369),(-0.0805797,-0.0489569,0.0280276),(-0.0805797,-0.0489413,0.0281096),(-0.0805797,-0.0484099,0.0277369),(-0.0805797,-0.0489413,0.0281096),(-0.0805797,-0.0488944,0.0281779),(-0.0805797,-0.0483293,0.0276762),(-0.0805797,-0.0484099,0.0277369),(-0.0805797,-0.0488944,0.0281779),(-0.0805797,-0.0483293,0.0276762),(-0.0805797,-0.0488944,0.0281779),(-0.0805797,-0.0488254,0.0282239),(-0.0805797,-0.0482645,0.0276047),(-0.0805797,-0.0483293,0.0276762),(-0.0805797,-0.0488254,0.0282239),(-0.0805797,-0.0482645,0.0276047),(-0.0805797,-0.0488254,0.0282239),(-0.0805797,-0.0487431,0.0282392),(-0.0805797,-0.0482645,0.0276047),(-0.0805797,-0.0487431,0.0282392),(-0.0805797,-0.0486385,0.0282353),(-0.0805797,-0.0482645,0.0276047),(-0.0805797,-0.0486385,0.0282353),(-0.0805797,-0.0485385,0.0282233),(-0.0805797,-0.0482181,0.0275246),(-0.0805797,-0.0482645,0.0276047),(-0.0805797,-0.0485385,0.0282233),(-0.0805797,-0.0482181,0.0275246),(-0.0805797,-0.0485385,0.0282233),(-0.0805797,-0.0484431,0.0282034),(-0.0805797,-0.0482181,0.0275246),(-0.0805797,-0.0484431,0.0282034),(-0.0805797,-0.0483523,0.0281755),(-0.0805797,-0.0481904,0.0274359),(-0.0805797,-0.0482181,0.0275246),(-0.0805797,-0.0483523,0.0281755),(-0.0805797,-0.0481904,0.0274359),(-0.0805797,-0.0483523,0.0281755),(-0.0805797,-0.0482661,0.0281396),(-0.0805797,-0.0481904,0.0274359),(-0.0805797,-0.0482661,0.0281396),(-0.0805797,-0.0481845,0.0280958),(-0.0805797,-0.0481811,0.0273386),(-0.0805797,-0.0481904,0.0274359),(-0.0805797,-0.0481845,0.0280958),(-0.0805797,-0.0481811,0.0273386),(-0.0805797,-0.0481845,0.0280958),(-0.0805797,-0.0481075,0.0280440),(-0.0805797,-0.0481903,0.0272447),(-0.0805797,-0.0481811,0.0273386),(-0.0805797,-0.0481075,0.0280440),(-0.0805797,-0.0481903,0.0272447),(-0.0805797,-0.0481075,0.0280440),(-0.0805797,-0.0480351,0.0279842),(-0.0805797,-0.0481903,0.0272447),(-0.0805797,-0.0480351,0.0279842),(-0.0805797,-0.0479693,0.0279183),(-0.0805797,-0.0482179,0.0271600),(-0.0805797,-0.0481903,0.0272447),(-0.0805797,-0.0479693,0.0279183),(-0.0805797,-0.0482179,0.0271600),(-0.0805797,-0.0479693,0.0279183),(-0.0805797,-0.0479124,0.0278482),(-0.0805797,-0.0482179,0.0271600),(-0.0805797,-0.0479124,0.0278482),(-0.0805797,-0.0478642,0.0277738),(-0.0805797,-0.0482179,0.0271600),(-0.0805797,-0.0478642,0.0277738),(-0.0805797,-0.0478247,0.0276953),(-0.0805797,-0.0482639,0.0270844),(-0.0805797,-0.0482179,0.0271600),(-0.0805797,-0.0478247,0.0276953),(-0.0805797,-0.0482639,0.0270844),(-0.0805797,-0.0478247,0.0276953),(-0.0805797,-0.0477940,0.0276124),(-0.0805797,-0.0482639,0.0270844),(-0.0805797,-0.0477940,0.0276124),(-0.0805797,-0.0477721,0.0275254),(-0.0805797,-0.0483282,0.0270179),(-0.0805797,-0.0482639,0.0270844),(-0.0805797,-0.0477721,0.0275254),(-0.0805797,-0.0483282,0.0270179),(-0.0805797,-0.0477721,0.0275254),(-0.0805797,-0.0477590,0.0274341),(-0.0805797,-0.0483282,0.0270179),(-0.0805797,-0.0477590,0.0274341),(-0.0805797,-0.0477546,0.0273386),(-0.0805797,-0.0484093,0.0269638),(-0.0805797,-0.0483282,0.0270179),(-0.0805797,-0.0477546,0.0273386),(-0.0805797,-0.0484093,0.0269638),(-0.0805797,-0.0477546,0.0273386),(-0.0805797,-0.0477590,0.0272421),(-0.0805797,-0.0484093,0.0269638),(-0.0805797,-0.0477590,0.0272421),(-0.0805797,-0.0477722,0.0271506),(-0.0805797,-0.0485055,0.0269251),(-0.0805797,-0.0484093,0.0269638),(-0.0805797,-0.0477722,0.0271506),(-0.0805797,-0.0485055,0.0269251),(-0.0805797,-0.0477722,0.0271506),(-0.0805797,-0.0477942,0.0270641),(-0.0805797,-0.0494702,0.0267068),(-0.0805797,-0.0485055,0.0269251),(-0.0805797,-0.0477942,0.0270641),(-0.0805797,-0.0494702,0.0267068),(-0.0805797,-0.0477942,0.0270641),(-0.0805797,-0.0478250,0.0269825),(-0.0805797,-0.0494702,0.0267068),(-0.0805797,-0.0478250,0.0269825),(-0.0805797,-0.0478646,0.0269058),(-0.0805797,-0.0494702,0.0267068),(-0.0805797,-0.0478646,0.0269058),(-0.0805797,-0.0479130,0.0268342),(-0.0805797,-0.0494702,0.0267068),(-0.0805797,-0.0479130,0.0268342),(-0.0805797,-0.0479701,0.0267675),(-0.0805797,-0.0494702,0.0267068),(-0.0805797,-0.0479701,0.0267675),(-0.0805797,-0.0480361,0.0267057),(-0.0805797,-0.0494702,0.0267068),(-0.0805797,-0.0480361,0.0267057),(-0.0805797,-0.0481087,0.0266499),(-0.0805797,-0.0494702,0.0267068),(-0.0805797,-0.0481087,0.0266499),(-0.0805797,-0.0481859,0.0266015),(-0.0805797,-0.0494702,0.0267068),(-0.0805797,-0.0481859,0.0266015),(-0.0805797,-0.0482675,0.0265606),(-0.0805797,-0.0494702,0.0267068),(-0.0805797,-0.0482675,0.0265606),(-0.0805797,-0.0483536,0.0265271),(-0.0805797,-0.0494702,0.0267068),(-0.0805797,-0.0483536,0.0265271),(-0.0805797,-0.0484442,0.0265011),(-0.0805797,-0.0494702,0.0267068),(-0.0805797,-0.0484442,0.0265011),(-0.0805797,-0.0485394,0.0264825),(-0.0805797,-0.0494702,0.0267068),(-0.0805797,-0.0485394,0.0264825),(-0.0805797,-0.0486390,0.0264713),(-0.0805797,-0.0494702,0.0267068),(-0.0805797,-0.0486390,0.0264713),(-0.0805797,-0.0487431,0.0264676),(-0.0805797,-0.0494702,0.0267068),(-0.0805797,-0.0487431,0.0264676),(-0.0805797,-0.0488473,0.0264713),(-0.0805797,-0.0494702,0.0267068),(-0.0805797,-0.0488473,0.0264713),(-0.0805797,-0.0489477,0.0264825),(-0.0805797,-0.0494702,0.0267068),(-0.0805797,-0.0489477,0.0264825),(-0.0805797,-0.0490443,0.0265012),(-0.0805797,-0.0494702,0.0267068),(-0.0805797,-0.0490443,0.0265012),(-0.0805797,-0.0491370,0.0265274),(-0.0805797,-0.0494702,0.0267068),(-0.0805797,-0.0491370,0.0265274),(-0.0805797,-0.0492260,0.0265610),(-0.0805797,-0.0494702,0.0267068),(-0.0805797,-0.0492260,0.0265610),(-0.0805797,-0.0493112,0.0266021),(-0.0805797,-0.0494702,0.0267068),(-0.0805797,-0.0493112,0.0266021),(-0.0805797,-0.0493926,0.0266507)));
#2819=COMPLEX_TRIANGULATED_SURFACE_SET('surface set',#2818,810,(),(),(),((1,2,3),(4,5,6),(7,8,9),(10,11,12),(13,14,15),(16,17,18),(19,20,21),(22,23,24),(25,26,27),(28,29,30),(31,32,33),(34,35,36),(37,38,39),(40,41,42),(43,44,45),(46,47,48),(49,50,51),(52,53,54),(55,56,57),(58,59,60),(61,62,63),(64,65,66),(67,68,69),(70,71,72),(73,74,75),(76,77,78),(79,80,81),(82,83,84),(85,86,87),(88,89,90),(91,92,93),(94,95,96),(97,98,99),(100,101,102),(103,104,105),(106,107,108),(109,110,111),(112,113,114),(115,116,117),(118,119,120),(121,122,123),(124,125,126),(127,128,129),(130,131,132),(133,134,135),(136,137,138),(139,140,141),(142,143,144),(145,146,147),(148,149,150),(151,152,153),(154,155,156),(157,158,159),(160,161,162),(163,164,165),(166,167,168),(169,170,171),(172,173,174),(175,176,177),(178,179,180),(181,182,183),(184,185,186),(187,188,189),(190,191,192),(193,194,195),(196,197,198),(199,200,201),(202,203,204),(205,206,207),(208,209,210),(211,212,213),(214,215,216),(217,218,219),(220,221,222),(223,224,225),(226,227,228),(229,230,231),(232,233,234),(235,236,237),(238,239,240),(241,242,243),(244,245,246),(247,248,249),(250,251,252),(253,254,255),(256,257,258),(259,260,261),(262,263,264),(265,266,267),(268,269,270),(271,272,273),(274,275,276),(277,278,279),(280,281,282),(283,284,285),(286,287,288),(289,290,291),(292,293,294),(295,296,297),(298,299,300),(301,302,303),(304,305,306),(307,308,309),(310,311,312),(313,314,315),(316,317,318),(319,320,321),(322,323,324),(325,326,327),(328,329,330),(331,332,333),(334,335,336),(337,338,339),(340,341,342),(343,344,345),(346,347,348),(349,350,351),(352,353,354),(355,356,357),(358,359,360),(361,362,363),(364,365,366),(367,368,369),(370,371,372),(373,374,375),(376,377,378),(379,380,381),(382,383,384),(385,386,387),(388,389,390),(391,392,393),(394,395,396),(397,398,399),(400,401,402),(403,404,405),(406,407,408),(409,410,411),(412,413,414),(415,416,417),(418,419,420),(421,422,423),(424,425,426),(427,428,429),(430,431,432),(433,434,435),(436,437,438),(439,440,441),(442,443,444),(445,446,447),(448,449,450),(451,452,453),(454,455,456),(457,458,459),(460,461,462),(463,464,465),(466,467,468),(469,470,471),(472,473,474),(475,476,477),(478,479,480),(481,482,483),(484,485,486),(487,488,489),(490,491,492),(493,494,495),(496,497,498),(499,500,501),(502,503,504),(505,506,507),(508,509,510),(511,512,513),(514,515,516),(517,518,519),(520,521,522),(523,524,525),(526,527,528),(529,530,531),(532,533,534),(535,536,537),(538,539,540),(541,542,543),(544,545,546),(547,548,549),(550,551,552),(553,554,555),(556,557,558),(559,560,561),(562,563,564),(565,566,567),(568,569,570),(571,572,573),(574,575,576),(577,578,579),(580,581,582),(583,584,585),(586,587,588),(589,590,591),(592,593,594),(595,596,597),(598,599,600),(601,602,603),(604,605,606),(607,608,609),(610,611,612),(613,614,615),(616,617,618),(619,620,621),(622,623,624),(625,626,627),(628,629,630),(631,632,633),(634,635,636),(637,638,639),(640,641,642),(643,644,645),(646,647,648),(649,650,651),(652,653,654),(655,656,657),(658,659,660),(661,662,663),(664,665,666),(667,668,669),(670,671,672),(673,674,675),(676,677,678),(679,680,681),(682,683,684),(685,686,687),(688,689,690),(691,692,693),(694,695,696),(697,698,699),(700,701,702),(703,704,705),(706,707,708),(709,710,711),(712,713,714),(715,716,717),(718,719,720),(721,722,723),(724,725,726),(727,728,729),(730,731,732),(733,734,735),(736,737,738),(739,740,741),(742,743,744),(745,746,747),(748,749,750),(751,752,753),(754,755,756),(757,758,759),(760,761,762),(763,764,765),(766,767,768),(769,770,771),(772,773,774),(775,776,777),(778,779,780),(781,782,783),(784,785,786),(787,788,789),(790,791,792),(793,794,795),(796,797,798),(799,800,801),(802,803,804),(805,806,807),(808,809,810)));
#2820=TESSELLATED_GEOMETRIC_SET('linear dimension',(#2819));
#2821=COORDINATES_LIST('coordinates',8,((-0.0805797,-0.0478362,0.0409850),(-0.0805797,-0.0497787,0.0409850),(-0.0805797,-0.0478362,0.0109850),(-0.0805797,-0.0497787,0.0109850),(-0.0805797,-0.0497787,0.0409850),(-0.0805797,-0.0497787,0.0293800),(-0.0805797,-0.0497787,0.0225900),(-0.0805797,-0.0497787,0.0109850)));
#2822=TESSELLATED_CURVE_SET('curve set',#2821,((1,2),(3,4),(5,6),(7,8)));
#2823=TESSELLATED_GEOMETRIC_SET('linear dimension',(#2822));
#2824=TESSELLATED_ANNOTATION_OCCURRENCE('linear dimension',(#2817),#2820);
#2825=TESSELLATED_ANNOTATION_OCCURRENCE('linear dimension',(#2817),#2823);
#2826=DRAUGHTING_CALLOUT('linear dimension',(#2824,#2825));
#2827=DRAUGHTING_MODEL_ITEM_ASSOCIATION('','',#2783,#2813,#2826);
#2828=DRAUGHTING_MODEL_ITEM_ASSOCIATION('','',#2785,#2813,#2826);
#2829=DRAUGHTING_MODEL_ITEM_ASSOCIATION('','',#2787,#2813,#2826);
ENDSEC;
END-ISO-10303-21;
