ISO-10303-21;
HEADER;
/*Generated by software containing ST-Developer
 * from STEP Tools, Inc. (www.steptools.com) 
 */
/*OPTION: using custom renumber hook */
/*description */
/*implementation_level */
FILE_DESCRIPTION(('STEP AP242 Edition 2','STEP AP242 Edition 2''CAx-IF Rec.Pracs.---Representation and Presentation of Product Manufa
cturing Information (PMI)---4.0---2014-10-13','STEP AP242 Edition 2''CAx-IF Rec.Pracs.---Representation and Presentation of Product Manufa
cturing Information (PMI)---4.0---2014-10-13''CAx-IF Rec.Pracs.---3D Tessellated Geometry---0.4---2014-09-14','STEP AP242 Edition 2''CAx-IF Rec.Pracs.---Representation and Presentation of Product Manufa
cturing Information (PMI)---4.0---2014-10-13''CAx-IF Rec.Pracs.---3D Tessellated Geometry---0.4---2014-09-14''2;1','STEP AP242 Edition 2''CAx-IF Rec.Pracs.---Representation and Presentation of Product Manufa
cturing Information (PMI)---4.0---2014-10-13''CAx-IF Rec.Pracs.---3D Tessellated Geometry---0.4---2014-09-14''2;1''CAx-IF Rec.Pracs.---User Defined Attributes---1.5---2016-08-15'),'2;1');
/*name */
/*time_stamp */
/*author */
/*organization */
/*preprocessor_version */
/*originating_system */
/*authorisation */
FILE_NAME('/vol/tmp/translate-4185301692549027588/Part Studio 3.step','2026-09-29T15:32:42',(''),(''),'ST-DEVELOPER v20','ONSHAPE BY PTC INC, 1.221','  ');
FILE_SCHEMA(('AP242_MANAGED_MODEL_BASED_3D_ENGINEERING_MIM_LF { 1 0 10303 442 3 1 4 }'));
ENDSEC;
DATA;
#10=SHAPE_REPRESENTATION_RELATIONSHIP('','',#1900,#18);
#11=SHAPE_REPRESENTATION_RELATIONSHIP('','',#1901,#19);
#12=SHAPE_REPRESENTATION_RELATIONSHIP('','',#1902,#20);
#13=SHAPE_REPRESENTATION_RELATIONSHIP('','',#1903,#21);
#14=SHAPE_REPRESENTATION_RELATIONSHIP('','',#1904,#22);
#15=SHAPE_REPRESENTATION_RELATIONSHIP('','',#1905,#23);
#16=SHAPE_REPRESENTATION_RELATIONSHIP('','',#1906,#24);
#17=SHAPE_REPRESENTATION_RELATIONSHIP('','',#1907,#25);
#18=ADVANCED_BREP_SHAPE_REPRESENTATION('',(#1884),#3048);
#19=ADVANCED_BREP_SHAPE_REPRESENTATION('',(#1885),#3049);
#20=ADVANCED_BREP_SHAPE_REPRESENTATION('',(#1886),#3050);
#21=ADVANCED_BREP_SHAPE_REPRESENTATION('',(#1887),#3051);
#22=ADVANCED_BREP_SHAPE_REPRESENTATION('',(#1888),#3052);
#23=ADVANCED_BREP_SHAPE_REPRESENTATION('',(#1889),#3053);
#24=ADVANCED_BREP_SHAPE_REPRESENTATION('',(#1890),#3054);
#25=ADVANCED_BREP_SHAPE_REPRESENTATION('',(#1891),#3055);
#26=CIRCLE('',#1917,0.002);
#27=CIRCLE('',#1918,0.002);
#28=CIRCLE('',#1920,0.002);
#29=CIRCLE('',#1921,0.002);
#30=CIRCLE('',#1930,0.0023);
#31=CIRCLE('',#1931,0.0023);
#32=CIRCLE('',#1940,0.002);
#33=CIRCLE('',#1941,0.002);
#34=CIRCLE('',#1944,0.004);
#35=CIRCLE('',#1945,0.004);
#36=CIRCLE('',#1948,0.004);
#37=CIRCLE('',#1949,0.004);
#38=CIRCLE('',#1951,0.002);
#39=CIRCLE('',#1952,0.002);
#40=CIRCLE('',#1954,0.004);
#41=CIRCLE('',#1955,0.004);
#42=CIRCLE('',#1958,0.004);
#43=CIRCLE('',#1959,0.004);
#44=CIRCLE('',#1974,0.0023);
#45=CIRCLE('',#1975,0.0023);
#46=CIRCLE('',#2006,0.0023);
#47=CIRCLE('',#2007,0.0023);
#48=CIRCLE('',#2014,0.004);
#49=CIRCLE('',#2015,0.004);
#50=CIRCLE('',#2018,0.004);
#51=CIRCLE('',#2019,0.004);
#52=CIRCLE('',#2022,0.004);
#53=CIRCLE('',#2023,0.004);
#54=CIRCLE('',#2029,0.001);
#55=CIRCLE('',#2030,0.001);
#56=CIRCLE('',#2032,0.004);
#57=CIRCLE('',#2033,0.004);
#58=CIRCLE('',#2036,0.001);
#59=CIRCLE('',#2037,0.001);
#60=CIRCLE('',#2046,0.0023);
#61=CIRCLE('',#2047,0.0023);
#62=CYLINDRICAL_SURFACE('',#1916,0.002);
#63=CYLINDRICAL_SURFACE('',#1919,0.002);
#64=CYLINDRICAL_SURFACE('',#1929,0.0023);
#65=CYLINDRICAL_SURFACE('',#1943,0.004);
#66=CYLINDRICAL_SURFACE('',#1947,0.004);
#67=CYLINDRICAL_SURFACE('',#1953,0.004);
#68=CYLINDRICAL_SURFACE('',#1957,0.004);
#69=CYLINDRICAL_SURFACE('',#1961,0.002);
#70=CYLINDRICAL_SURFACE('',#1962,0.002);
#71=CYLINDRICAL_SURFACE('',#1973,0.0023);
#72=CYLINDRICAL_SURFACE('',#2005,0.0023);
#73=CYLINDRICAL_SURFACE('',#2013,0.004);
#74=CYLINDRICAL_SURFACE('',#2017,0.004);
#75=CYLINDRICAL_SURFACE('',#2021,0.004);
#76=CYLINDRICAL_SURFACE('',#2028,0.001);
#77=CYLINDRICAL_SURFACE('',#2031,0.004);
#78=CYLINDRICAL_SURFACE('',#2035,0.001);
#79=CYLINDRICAL_SURFACE('',#2045,0.0023);
#80=ORIENTED_EDGE('',*,*,#552,.T.);
#81=ORIENTED_EDGE('',*,*,#553,.F.);
#82=ORIENTED_EDGE('',*,*,#554,.F.);
#83=ORIENTED_EDGE('',*,*,#555,.T.);
#84=ORIENTED_EDGE('',*,*,#554,.T.);
#85=ORIENTED_EDGE('',*,*,#556,.F.);
#86=ORIENTED_EDGE('',*,*,#557,.F.);
#87=ORIENTED_EDGE('',*,*,#558,.T.);
#88=ORIENTED_EDGE('',*,*,#557,.T.);
#89=ORIENTED_EDGE('',*,*,#559,.T.);
#90=ORIENTED_EDGE('',*,*,#560,.F.);
#91=ORIENTED_EDGE('',*,*,#561,.F.);
#92=ORIENTED_EDGE('',*,*,#562,.F.);
#93=ORIENTED_EDGE('',*,*,#563,.F.);
#94=ORIENTED_EDGE('',*,*,#564,.T.);
#95=ORIENTED_EDGE('',*,*,#565,.T.);
#96=ORIENTED_EDGE('',*,*,#566,.T.);
#97=ORIENTED_EDGE('',*,*,#567,.F.);
#98=ORIENTED_EDGE('',*,*,#568,.F.);
#99=ORIENTED_EDGE('',*,*,#563,.T.);
#100=ORIENTED_EDGE('',*,*,#569,.T.);
#101=ORIENTED_EDGE('',*,*,#570,.F.);
#102=ORIENTED_EDGE('',*,*,#571,.F.);
#103=ORIENTED_EDGE('',*,*,#567,.T.);
#104=ORIENTED_EDGE('',*,*,#572,.F.);
#105=ORIENTED_EDGE('',*,*,#565,.F.);
#106=ORIENTED_EDGE('',*,*,#573,.T.);
#107=ORIENTED_EDGE('',*,*,#570,.T.);
#108=ORIENTED_EDGE('',*,*,#574,.T.);
#109=ORIENTED_EDGE('',*,*,#575,.F.);
#110=ORIENTED_EDGE('',*,*,#576,.T.);
#111=ORIENTED_EDGE('',*,*,#577,.F.);
#112=ORIENTED_EDGE('',*,*,#560,.T.);
#113=ORIENTED_EDGE('',*,*,#578,.T.);
#114=ORIENTED_EDGE('',*,*,#552,.F.);
#115=ORIENTED_EDGE('',*,*,#579,.F.);
#116=ORIENTED_EDGE('',*,*,#576,.F.);
#117=ORIENTED_EDGE('',*,*,#574,.F.);
#118=ORIENTED_EDGE('',*,*,#564,.F.);
#119=ORIENTED_EDGE('',*,*,#568,.T.);
#120=ORIENTED_EDGE('',*,*,#571,.T.);
#121=ORIENTED_EDGE('',*,*,#573,.F.);
#122=ORIENTED_EDGE('',*,*,#555,.F.);
#123=ORIENTED_EDGE('',*,*,#558,.F.);
#124=ORIENTED_EDGE('',*,*,#561,.T.);
#125=ORIENTED_EDGE('',*,*,#579,.T.);
#126=ORIENTED_EDGE('',*,*,#577,.T.);
#127=ORIENTED_EDGE('',*,*,#575,.T.);
#128=ORIENTED_EDGE('',*,*,#562,.T.);
#129=ORIENTED_EDGE('',*,*,#572,.T.);
#130=ORIENTED_EDGE('',*,*,#569,.F.);
#131=ORIENTED_EDGE('',*,*,#566,.F.);
#132=ORIENTED_EDGE('',*,*,#553,.T.);
#133=ORIENTED_EDGE('',*,*,#578,.F.);
#134=ORIENTED_EDGE('',*,*,#559,.F.);
#135=ORIENTED_EDGE('',*,*,#556,.T.);
#136=ORIENTED_EDGE('',*,*,#580,.F.);
#137=ORIENTED_EDGE('',*,*,#581,.F.);
#138=ORIENTED_EDGE('',*,*,#582,.T.);
#139=ORIENTED_EDGE('',*,*,#583,.T.);
#140=ORIENTED_EDGE('',*,*,#584,.T.);
#141=ORIENTED_EDGE('',*,*,#585,.F.);
#142=ORIENTED_EDGE('',*,*,#586,.F.);
#143=ORIENTED_EDGE('',*,*,#581,.T.);
#144=ORIENTED_EDGE('',*,*,#587,.T.);
#145=ORIENTED_EDGE('',*,*,#588,.F.);
#146=ORIENTED_EDGE('',*,*,#589,.F.);
#147=ORIENTED_EDGE('',*,*,#585,.T.);
#148=ORIENTED_EDGE('',*,*,#590,.T.);
#149=ORIENTED_EDGE('',*,*,#591,.F.);
#150=ORIENTED_EDGE('',*,*,#592,.F.);
#151=ORIENTED_EDGE('',*,*,#583,.F.);
#152=ORIENTED_EDGE('',*,*,#593,.T.);
#153=ORIENTED_EDGE('',*,*,#588,.T.);
#154=ORIENTED_EDGE('',*,*,#590,.F.);
#155=ORIENTED_EDGE('',*,*,#582,.F.);
#156=ORIENTED_EDGE('',*,*,#586,.T.);
#157=ORIENTED_EDGE('',*,*,#589,.T.);
#158=ORIENTED_EDGE('',*,*,#593,.F.);
#159=ORIENTED_EDGE('',*,*,#591,.T.);
#160=ORIENTED_EDGE('',*,*,#580,.T.);
#161=ORIENTED_EDGE('',*,*,#592,.T.);
#162=ORIENTED_EDGE('',*,*,#587,.F.);
#163=ORIENTED_EDGE('',*,*,#584,.F.);
#164=ORIENTED_EDGE('',*,*,#594,.T.);
#165=ORIENTED_EDGE('',*,*,#595,.F.);
#166=ORIENTED_EDGE('',*,*,#596,.F.);
#167=ORIENTED_EDGE('',*,*,#597,.T.);
#168=ORIENTED_EDGE('',*,*,#598,.T.);
#169=ORIENTED_EDGE('',*,*,#599,.F.);
#170=ORIENTED_EDGE('',*,*,#597,.F.);
#171=ORIENTED_EDGE('',*,*,#600,.T.);
#172=ORIENTED_EDGE('',*,*,#601,.T.);
#173=ORIENTED_EDGE('',*,*,#602,.F.);
#174=ORIENTED_EDGE('',*,*,#598,.F.);
#175=ORIENTED_EDGE('',*,*,#603,.T.);
#176=ORIENTED_EDGE('',*,*,#604,.F.);
#177=ORIENTED_EDGE('',*,*,#605,.T.);
#178=ORIENTED_EDGE('',*,*,#606,.T.);
#179=ORIENTED_EDGE('',*,*,#607,.F.);
#180=ORIENTED_EDGE('',*,*,#608,.T.);
#181=ORIENTED_EDGE('',*,*,#609,.T.);
#182=ORIENTED_EDGE('',*,*,#610,.T.);
#183=ORIENTED_EDGE('',*,*,#601,.F.);
#184=ORIENTED_EDGE('',*,*,#611,.F.);
#185=ORIENTED_EDGE('',*,*,#595,.T.);
#186=ORIENTED_EDGE('',*,*,#612,.T.);
#187=ORIENTED_EDGE('',*,*,#613,.T.);
#188=ORIENTED_EDGE('',*,*,#614,.F.);
#189=ORIENTED_EDGE('',*,*,#615,.F.);
#190=ORIENTED_EDGE('',*,*,#616,.F.);
#191=ORIENTED_EDGE('',*,*,#612,.F.);
#192=ORIENTED_EDGE('',*,*,#617,.T.);
#193=ORIENTED_EDGE('',*,*,#618,.T.);
#194=ORIENTED_EDGE('',*,*,#619,.F.);
#195=ORIENTED_EDGE('',*,*,#618,.F.);
#196=ORIENTED_EDGE('',*,*,#620,.T.);
#197=ORIENTED_EDGE('',*,*,#621,.T.);
#198=ORIENTED_EDGE('',*,*,#622,.F.);
#199=ORIENTED_EDGE('',*,*,#621,.F.);
#200=ORIENTED_EDGE('',*,*,#623,.T.);
#201=ORIENTED_EDGE('',*,*,#624,.T.);
#202=ORIENTED_EDGE('',*,*,#625,.F.);
#203=ORIENTED_EDGE('',*,*,#624,.F.);
#204=ORIENTED_EDGE('',*,*,#626,.T.);
#205=ORIENTED_EDGE('',*,*,#627,.T.);
#206=ORIENTED_EDGE('',*,*,#628,.F.);
#207=ORIENTED_EDGE('',*,*,#629,.T.);
#208=ORIENTED_EDGE('',*,*,#630,.T.);
#209=ORIENTED_EDGE('',*,*,#631,.F.);
#210=ORIENTED_EDGE('',*,*,#632,.F.);
#211=ORIENTED_EDGE('',*,*,#633,.F.);
#212=ORIENTED_EDGE('',*,*,#634,.F.);
#213=ORIENTED_EDGE('',*,*,#627,.F.);
#214=ORIENTED_EDGE('',*,*,#635,.T.);
#215=ORIENTED_EDGE('',*,*,#636,.T.);
#216=ORIENTED_EDGE('',*,*,#637,.T.);
#217=ORIENTED_EDGE('',*,*,#638,.T.);
#218=ORIENTED_EDGE('',*,*,#636,.F.);
#219=ORIENTED_EDGE('',*,*,#639,.F.);
#220=ORIENTED_EDGE('',*,*,#640,.F.);
#221=ORIENTED_EDGE('',*,*,#637,.F.);
#222=ORIENTED_EDGE('',*,*,#641,.T.);
#223=ORIENTED_EDGE('',*,*,#614,.T.);
#224=ORIENTED_EDGE('',*,*,#596,.T.);
#225=ORIENTED_EDGE('',*,*,#611,.T.);
#226=ORIENTED_EDGE('',*,*,#603,.F.);
#227=ORIENTED_EDGE('',*,*,#600,.F.);
#228=ORIENTED_EDGE('',*,*,#615,.T.);
#229=ORIENTED_EDGE('',*,*,#641,.F.);
#230=ORIENTED_EDGE('',*,*,#639,.T.);
#231=ORIENTED_EDGE('',*,*,#635,.F.);
#232=ORIENTED_EDGE('',*,*,#626,.F.);
#233=ORIENTED_EDGE('',*,*,#623,.F.);
#234=ORIENTED_EDGE('',*,*,#620,.F.);
#235=ORIENTED_EDGE('',*,*,#617,.F.);
#236=ORIENTED_EDGE('',*,*,#633,.T.);
#237=ORIENTED_EDGE('',*,*,#609,.F.);
#238=ORIENTED_EDGE('',*,*,#632,.T.);
#239=ORIENTED_EDGE('',*,*,#608,.F.);
#240=ORIENTED_EDGE('',*,*,#628,.T.);
#241=ORIENTED_EDGE('',*,*,#642,.F.);
#242=ORIENTED_EDGE('',*,*,#605,.F.);
#243=ORIENTED_EDGE('',*,*,#643,.T.);
#244=ORIENTED_EDGE('',*,*,#631,.T.);
#245=ORIENTED_EDGE('',*,*,#644,.F.);
#246=ORIENTED_EDGE('',*,*,#606,.F.);
#247=ORIENTED_EDGE('',*,*,#642,.T.);
#248=ORIENTED_EDGE('',*,*,#645,.F.);
#249=ORIENTED_EDGE('',*,*,#607,.T.);
#250=ORIENTED_EDGE('',*,*,#644,.T.);
#251=ORIENTED_EDGE('',*,*,#630,.F.);
#252=ORIENTED_EDGE('',*,*,#643,.F.);
#253=ORIENTED_EDGE('',*,*,#604,.T.);
#254=ORIENTED_EDGE('',*,*,#645,.T.);
#255=ORIENTED_EDGE('',*,*,#629,.F.);
#256=ORIENTED_EDGE('',*,*,#594,.F.);
#257=ORIENTED_EDGE('',*,*,#599,.T.);
#258=ORIENTED_EDGE('',*,*,#602,.T.);
#259=ORIENTED_EDGE('',*,*,#610,.F.);
#260=ORIENTED_EDGE('',*,*,#613,.F.);
#261=ORIENTED_EDGE('',*,*,#616,.T.);
#262=ORIENTED_EDGE('',*,*,#619,.T.);
#263=ORIENTED_EDGE('',*,*,#622,.T.);
#264=ORIENTED_EDGE('',*,*,#625,.T.);
#265=ORIENTED_EDGE('',*,*,#634,.T.);
#266=ORIENTED_EDGE('',*,*,#638,.F.);
#267=ORIENTED_EDGE('',*,*,#640,.T.);
#268=ORIENTED_EDGE('',*,*,#646,.F.);
#269=ORIENTED_EDGE('',*,*,#647,.F.);
#270=ORIENTED_EDGE('',*,*,#648,.T.);
#271=ORIENTED_EDGE('',*,*,#649,.T.);
#272=ORIENTED_EDGE('',*,*,#650,.T.);
#273=ORIENTED_EDGE('',*,*,#651,.F.);
#274=ORIENTED_EDGE('',*,*,#652,.F.);
#275=ORIENTED_EDGE('',*,*,#647,.T.);
#276=ORIENTED_EDGE('',*,*,#653,.T.);
#277=ORIENTED_EDGE('',*,*,#654,.F.);
#278=ORIENTED_EDGE('',*,*,#655,.F.);
#279=ORIENTED_EDGE('',*,*,#651,.T.);
#280=ORIENTED_EDGE('',*,*,#656,.F.);
#281=ORIENTED_EDGE('',*,*,#649,.F.);
#282=ORIENTED_EDGE('',*,*,#657,.T.);
#283=ORIENTED_EDGE('',*,*,#654,.T.);
#284=ORIENTED_EDGE('',*,*,#658,.T.);
#285=ORIENTED_EDGE('',*,*,#659,.F.);
#286=ORIENTED_EDGE('',*,*,#648,.F.);
#287=ORIENTED_EDGE('',*,*,#652,.T.);
#288=ORIENTED_EDGE('',*,*,#655,.T.);
#289=ORIENTED_EDGE('',*,*,#657,.F.);
#290=ORIENTED_EDGE('',*,*,#658,.F.);
#291=ORIENTED_EDGE('',*,*,#646,.T.);
#292=ORIENTED_EDGE('',*,*,#656,.T.);
#293=ORIENTED_EDGE('',*,*,#653,.F.);
#294=ORIENTED_EDGE('',*,*,#650,.F.);
#295=ORIENTED_EDGE('',*,*,#659,.T.);
#296=ORIENTED_EDGE('',*,*,#660,.F.);
#297=ORIENTED_EDGE('',*,*,#661,.T.);
#298=ORIENTED_EDGE('',*,*,#662,.T.);
#299=ORIENTED_EDGE('',*,*,#663,.F.);
#300=ORIENTED_EDGE('',*,*,#664,.F.);
#301=ORIENTED_EDGE('',*,*,#665,.T.);
#302=ORIENTED_EDGE('',*,*,#666,.T.);
#303=ORIENTED_EDGE('',*,*,#667,.F.);
#304=ORIENTED_EDGE('',*,*,#668,.F.);
#305=ORIENTED_EDGE('',*,*,#669,.T.);
#306=ORIENTED_EDGE('',*,*,#670,.T.);
#307=ORIENTED_EDGE('',*,*,#671,.F.);
#308=ORIENTED_EDGE('',*,*,#672,.F.);
#309=ORIENTED_EDGE('',*,*,#673,.T.);
#310=ORIENTED_EDGE('',*,*,#674,.T.);
#311=ORIENTED_EDGE('',*,*,#675,.F.);
#312=ORIENTED_EDGE('',*,*,#676,.F.);
#313=ORIENTED_EDGE('',*,*,#677,.T.);
#314=ORIENTED_EDGE('',*,*,#678,.T.);
#315=ORIENTED_EDGE('',*,*,#679,.F.);
#316=ORIENTED_EDGE('',*,*,#680,.T.);
#317=ORIENTED_EDGE('',*,*,#681,.T.);
#318=ORIENTED_EDGE('',*,*,#682,.F.);
#319=ORIENTED_EDGE('',*,*,#678,.F.);
#320=ORIENTED_EDGE('',*,*,#683,.T.);
#321=ORIENTED_EDGE('',*,*,#684,.T.);
#322=ORIENTED_EDGE('',*,*,#685,.F.);
#323=ORIENTED_EDGE('',*,*,#674,.F.);
#324=ORIENTED_EDGE('',*,*,#686,.T.);
#325=ORIENTED_EDGE('',*,*,#687,.T.);
#326=ORIENTED_EDGE('',*,*,#688,.F.);
#327=ORIENTED_EDGE('',*,*,#670,.F.);
#328=ORIENTED_EDGE('',*,*,#689,.T.);
#329=ORIENTED_EDGE('',*,*,#690,.T.);
#330=ORIENTED_EDGE('',*,*,#691,.F.);
#331=ORIENTED_EDGE('',*,*,#666,.F.);
#332=ORIENTED_EDGE('',*,*,#692,.T.);
#333=ORIENTED_EDGE('',*,*,#693,.T.);
#334=ORIENTED_EDGE('',*,*,#694,.F.);
#335=ORIENTED_EDGE('',*,*,#662,.F.);
#336=ORIENTED_EDGE('',*,*,#695,.F.);
#337=ORIENTED_EDGE('',*,*,#663,.T.);
#338=ORIENTED_EDGE('',*,*,#694,.T.);
#339=ORIENTED_EDGE('',*,*,#696,.F.);
#340=ORIENTED_EDGE('',*,*,#661,.F.);
#341=ORIENTED_EDGE('',*,*,#697,.T.);
#342=ORIENTED_EDGE('',*,*,#698,.T.);
#343=ORIENTED_EDGE('',*,*,#692,.F.);
#344=ORIENTED_EDGE('',*,*,#698,.F.);
#345=ORIENTED_EDGE('',*,*,#699,.T.);
#346=ORIENTED_EDGE('',*,*,#696,.T.);
#347=ORIENTED_EDGE('',*,*,#693,.F.);
#348=ORIENTED_EDGE('',*,*,#700,.F.);
#349=ORIENTED_EDGE('',*,*,#679,.T.);
#350=ORIENTED_EDGE('',*,*,#682,.T.);
#351=ORIENTED_EDGE('',*,*,#701,.F.);
#352=ORIENTED_EDGE('',*,*,#677,.F.);
#353=ORIENTED_EDGE('',*,*,#702,.T.);
#354=ORIENTED_EDGE('',*,*,#703,.T.);
#355=ORIENTED_EDGE('',*,*,#680,.F.);
#356=ORIENTED_EDGE('',*,*,#703,.F.);
#357=ORIENTED_EDGE('',*,*,#704,.T.);
#358=ORIENTED_EDGE('',*,*,#701,.T.);
#359=ORIENTED_EDGE('',*,*,#681,.F.);
#360=ORIENTED_EDGE('',*,*,#705,.F.);
#361=ORIENTED_EDGE('',*,*,#675,.T.);
#362=ORIENTED_EDGE('',*,*,#685,.T.);
#363=ORIENTED_EDGE('',*,*,#706,.F.);
#364=ORIENTED_EDGE('',*,*,#673,.F.);
#365=ORIENTED_EDGE('',*,*,#707,.T.);
#366=ORIENTED_EDGE('',*,*,#708,.T.);
#367=ORIENTED_EDGE('',*,*,#683,.F.);
#368=ORIENTED_EDGE('',*,*,#708,.F.);
#369=ORIENTED_EDGE('',*,*,#709,.T.);
#370=ORIENTED_EDGE('',*,*,#706,.T.);
#371=ORIENTED_EDGE('',*,*,#684,.F.);
#372=ORIENTED_EDGE('',*,*,#710,.F.);
#373=ORIENTED_EDGE('',*,*,#671,.T.);
#374=ORIENTED_EDGE('',*,*,#688,.T.);
#375=ORIENTED_EDGE('',*,*,#711,.F.);
#376=ORIENTED_EDGE('',*,*,#669,.F.);
#377=ORIENTED_EDGE('',*,*,#712,.T.);
#378=ORIENTED_EDGE('',*,*,#713,.T.);
#379=ORIENTED_EDGE('',*,*,#686,.F.);
#380=ORIENTED_EDGE('',*,*,#713,.F.);
#381=ORIENTED_EDGE('',*,*,#714,.T.);
#382=ORIENTED_EDGE('',*,*,#711,.T.);
#383=ORIENTED_EDGE('',*,*,#687,.F.);
#384=ORIENTED_EDGE('',*,*,#715,.F.);
#385=ORIENTED_EDGE('',*,*,#667,.T.);
#386=ORIENTED_EDGE('',*,*,#691,.T.);
#387=ORIENTED_EDGE('',*,*,#716,.F.);
#388=ORIENTED_EDGE('',*,*,#665,.F.);
#389=ORIENTED_EDGE('',*,*,#717,.T.);
#390=ORIENTED_EDGE('',*,*,#718,.T.);
#391=ORIENTED_EDGE('',*,*,#689,.F.);
#392=ORIENTED_EDGE('',*,*,#718,.F.);
#393=ORIENTED_EDGE('',*,*,#719,.T.);
#394=ORIENTED_EDGE('',*,*,#716,.T.);
#395=ORIENTED_EDGE('',*,*,#690,.F.);
#396=ORIENTED_EDGE('',*,*,#697,.F.);
#397=ORIENTED_EDGE('',*,*,#660,.T.);
#398=ORIENTED_EDGE('',*,*,#695,.T.);
#399=ORIENTED_EDGE('',*,*,#699,.F.);
#400=ORIENTED_EDGE('',*,*,#702,.F.);
#401=ORIENTED_EDGE('',*,*,#676,.T.);
#402=ORIENTED_EDGE('',*,*,#700,.T.);
#403=ORIENTED_EDGE('',*,*,#704,.F.);
#404=ORIENTED_EDGE('',*,*,#707,.F.);
#405=ORIENTED_EDGE('',*,*,#672,.T.);
#406=ORIENTED_EDGE('',*,*,#705,.T.);
#407=ORIENTED_EDGE('',*,*,#709,.F.);
#408=ORIENTED_EDGE('',*,*,#712,.F.);
#409=ORIENTED_EDGE('',*,*,#668,.T.);
#410=ORIENTED_EDGE('',*,*,#710,.T.);
#411=ORIENTED_EDGE('',*,*,#714,.F.);
#412=ORIENTED_EDGE('',*,*,#717,.F.);
#413=ORIENTED_EDGE('',*,*,#664,.T.);
#414=ORIENTED_EDGE('',*,*,#715,.T.);
#415=ORIENTED_EDGE('',*,*,#719,.F.);
#416=ORIENTED_EDGE('',*,*,#720,.F.);
#417=ORIENTED_EDGE('',*,*,#721,.F.);
#418=ORIENTED_EDGE('',*,*,#722,.T.);
#419=ORIENTED_EDGE('',*,*,#723,.T.);
#420=ORIENTED_EDGE('',*,*,#724,.T.);
#421=ORIENTED_EDGE('',*,*,#725,.F.);
#422=ORIENTED_EDGE('',*,*,#726,.F.);
#423=ORIENTED_EDGE('',*,*,#721,.T.);
#424=ORIENTED_EDGE('',*,*,#727,.T.);
#425=ORIENTED_EDGE('',*,*,#728,.F.);
#426=ORIENTED_EDGE('',*,*,#729,.F.);
#427=ORIENTED_EDGE('',*,*,#725,.T.);
#428=ORIENTED_EDGE('',*,*,#730,.T.);
#429=ORIENTED_EDGE('',*,*,#731,.F.);
#430=ORIENTED_EDGE('',*,*,#732,.F.);
#431=ORIENTED_EDGE('',*,*,#723,.F.);
#432=ORIENTED_EDGE('',*,*,#733,.T.);
#433=ORIENTED_EDGE('',*,*,#728,.T.);
#434=ORIENTED_EDGE('',*,*,#730,.F.);
#435=ORIENTED_EDGE('',*,*,#722,.F.);
#436=ORIENTED_EDGE('',*,*,#726,.T.);
#437=ORIENTED_EDGE('',*,*,#729,.T.);
#438=ORIENTED_EDGE('',*,*,#733,.F.);
#439=ORIENTED_EDGE('',*,*,#731,.T.);
#440=ORIENTED_EDGE('',*,*,#720,.T.);
#441=ORIENTED_EDGE('',*,*,#732,.T.);
#442=ORIENTED_EDGE('',*,*,#727,.F.);
#443=ORIENTED_EDGE('',*,*,#724,.F.);
#444=ORIENTED_EDGE('',*,*,#734,.T.);
#445=ORIENTED_EDGE('',*,*,#735,.F.);
#446=ORIENTED_EDGE('',*,*,#736,.F.);
#447=ORIENTED_EDGE('',*,*,#737,.T.);
#448=ORIENTED_EDGE('',*,*,#738,.T.);
#449=ORIENTED_EDGE('',*,*,#739,.F.);
#450=ORIENTED_EDGE('',*,*,#740,.F.);
#451=ORIENTED_EDGE('',*,*,#735,.T.);
#452=ORIENTED_EDGE('',*,*,#741,.F.);
#453=ORIENTED_EDGE('',*,*,#742,.F.);
#454=ORIENTED_EDGE('',*,*,#743,.T.);
#455=ORIENTED_EDGE('',*,*,#739,.T.);
#456=ORIENTED_EDGE('',*,*,#744,.T.);
#457=ORIENTED_EDGE('',*,*,#745,.F.);
#458=ORIENTED_EDGE('',*,*,#746,.F.);
#459=ORIENTED_EDGE('',*,*,#742,.T.);
#460=ORIENTED_EDGE('',*,*,#747,.F.);
#461=ORIENTED_EDGE('',*,*,#748,.F.);
#462=ORIENTED_EDGE('',*,*,#749,.T.);
#463=ORIENTED_EDGE('',*,*,#745,.T.);
#464=ORIENTED_EDGE('',*,*,#750,.T.);
#465=ORIENTED_EDGE('',*,*,#751,.F.);
#466=ORIENTED_EDGE('',*,*,#752,.F.);
#467=ORIENTED_EDGE('',*,*,#748,.T.);
#468=ORIENTED_EDGE('',*,*,#753,.T.);
#469=ORIENTED_EDGE('',*,*,#754,.F.);
#470=ORIENTED_EDGE('',*,*,#755,.F.);
#471=ORIENTED_EDGE('',*,*,#751,.T.);
#472=ORIENTED_EDGE('',*,*,#756,.F.);
#473=ORIENTED_EDGE('',*,*,#757,.F.);
#474=ORIENTED_EDGE('',*,*,#758,.T.);
#475=ORIENTED_EDGE('',*,*,#759,.T.);
#476=ORIENTED_EDGE('',*,*,#760,.T.);
#477=ORIENTED_EDGE('',*,*,#761,.F.);
#478=ORIENTED_EDGE('',*,*,#762,.F.);
#479=ORIENTED_EDGE('',*,*,#757,.T.);
#480=ORIENTED_EDGE('',*,*,#763,.T.);
#481=ORIENTED_EDGE('',*,*,#764,.F.);
#482=ORIENTED_EDGE('',*,*,#765,.F.);
#483=ORIENTED_EDGE('',*,*,#761,.T.);
#484=ORIENTED_EDGE('',*,*,#766,.T.);
#485=ORIENTED_EDGE('',*,*,#767,.F.);
#486=ORIENTED_EDGE('',*,*,#768,.T.);
#487=ORIENTED_EDGE('',*,*,#737,.F.);
#488=ORIENTED_EDGE('',*,*,#769,.F.);
#489=ORIENTED_EDGE('',*,*,#754,.T.);
#490=ORIENTED_EDGE('',*,*,#770,.F.);
#491=ORIENTED_EDGE('',*,*,#759,.F.);
#492=ORIENTED_EDGE('',*,*,#771,.T.);
#493=ORIENTED_EDGE('',*,*,#764,.T.);
#494=ORIENTED_EDGE('',*,*,#772,.T.);
#495=ORIENTED_EDGE('',*,*,#773,.F.);
#496=ORIENTED_EDGE('',*,*,#758,.F.);
#497=ORIENTED_EDGE('',*,*,#762,.T.);
#498=ORIENTED_EDGE('',*,*,#765,.T.);
#499=ORIENTED_EDGE('',*,*,#771,.F.);
#500=ORIENTED_EDGE('',*,*,#736,.T.);
#501=ORIENTED_EDGE('',*,*,#740,.T.);
#502=ORIENTED_EDGE('',*,*,#743,.F.);
#503=ORIENTED_EDGE('',*,*,#746,.T.);
#504=ORIENTED_EDGE('',*,*,#749,.F.);
#505=ORIENTED_EDGE('',*,*,#752,.T.);
#506=ORIENTED_EDGE('',*,*,#755,.T.);
#507=ORIENTED_EDGE('',*,*,#769,.T.);
#508=ORIENTED_EDGE('',*,*,#766,.F.);
#509=ORIENTED_EDGE('',*,*,#772,.F.);
#510=ORIENTED_EDGE('',*,*,#756,.T.);
#511=ORIENTED_EDGE('',*,*,#770,.T.);
#512=ORIENTED_EDGE('',*,*,#763,.F.);
#513=ORIENTED_EDGE('',*,*,#760,.F.);
#514=ORIENTED_EDGE('',*,*,#734,.F.);
#515=ORIENTED_EDGE('',*,*,#768,.F.);
#516=ORIENTED_EDGE('',*,*,#753,.F.);
#517=ORIENTED_EDGE('',*,*,#750,.F.);
#518=ORIENTED_EDGE('',*,*,#747,.T.);
#519=ORIENTED_EDGE('',*,*,#744,.F.);
#520=ORIENTED_EDGE('',*,*,#741,.T.);
#521=ORIENTED_EDGE('',*,*,#738,.F.);
#522=ORIENTED_EDGE('',*,*,#767,.T.);
#523=ORIENTED_EDGE('',*,*,#773,.T.);
#524=ORIENTED_EDGE('',*,*,#774,.T.);
#525=ORIENTED_EDGE('',*,*,#775,.F.);
#526=ORIENTED_EDGE('',*,*,#776,.F.);
#527=ORIENTED_EDGE('',*,*,#777,.T.);
#528=ORIENTED_EDGE('',*,*,#778,.T.);
#529=ORIENTED_EDGE('',*,*,#779,.F.);
#530=ORIENTED_EDGE('',*,*,#780,.F.);
#531=ORIENTED_EDGE('',*,*,#775,.T.);
#532=ORIENTED_EDGE('',*,*,#781,.F.);
#533=ORIENTED_EDGE('',*,*,#782,.F.);
#534=ORIENTED_EDGE('',*,*,#783,.T.);
#535=ORIENTED_EDGE('',*,*,#779,.T.);
#536=ORIENTED_EDGE('',*,*,#784,.F.);
#537=ORIENTED_EDGE('',*,*,#777,.F.);
#538=ORIENTED_EDGE('',*,*,#785,.T.);
#539=ORIENTED_EDGE('',*,*,#782,.T.);
#540=ORIENTED_EDGE('',*,*,#786,.T.);
#541=ORIENTED_EDGE('',*,*,#787,.F.);
#542=ORIENTED_EDGE('',*,*,#776,.T.);
#543=ORIENTED_EDGE('',*,*,#780,.T.);
#544=ORIENTED_EDGE('',*,*,#783,.F.);
#545=ORIENTED_EDGE('',*,*,#785,.F.);
#546=ORIENTED_EDGE('',*,*,#786,.F.);
#547=ORIENTED_EDGE('',*,*,#774,.F.);
#548=ORIENTED_EDGE('',*,*,#784,.T.);
#549=ORIENTED_EDGE('',*,*,#781,.T.);
#550=ORIENTED_EDGE('',*,*,#778,.F.);
#551=ORIENTED_EDGE('',*,*,#787,.T.);
#552=EDGE_CURVE('',#788,#789,#952,.T.);
#553=EDGE_CURVE('',#790,#789,#953,.F.);
#554=EDGE_CURVE('',#791,#790,#954,.T.);
#555=EDGE_CURVE('',#791,#788,#955,.F.);
#556=EDGE_CURVE('',#792,#790,#956,.T.);
#557=EDGE_CURVE('',#793,#792,#957,.T.);
#558=EDGE_CURVE('',#793,#791,#958,.T.);
#559=EDGE_CURVE('',#792,#794,#959,.F.);
#560=EDGE_CURVE('',#795,#794,#960,.T.);
#561=EDGE_CURVE('',#793,#795,#961,.F.);
#562=EDGE_CURVE('',#796,#797,#962,.T.);
#563=EDGE_CURVE('',#798,#796,#963,.T.);
#564=EDGE_CURVE('',#798,#799,#964,.T.);
#565=EDGE_CURVE('',#799,#797,#965,.T.);
#566=EDGE_CURVE('',#796,#800,#966,.F.);
#567=EDGE_CURVE('',#801,#800,#967,.T.);
#568=EDGE_CURVE('',#798,#801,#968,.F.);
#569=EDGE_CURVE('',#800,#802,#969,.T.);
#570=EDGE_CURVE('',#803,#802,#970,.T.);
#571=EDGE_CURVE('',#801,#803,#971,.T.);
#572=EDGE_CURVE('',#797,#802,#972,.F.);
#573=EDGE_CURVE('',#799,#803,#973,.F.);
#574=EDGE_CURVE('',#804,#804,#26,.T.);
#575=EDGE_CURVE('',#805,#805,#27,.T.);
#576=EDGE_CURVE('',#806,#806,#28,.T.);
#577=EDGE_CURVE('',#807,#807,#29,.T.);
#578=EDGE_CURVE('',#794,#789,#974,.T.);
#579=EDGE_CURVE('',#795,#788,#975,.T.);
#580=EDGE_CURVE('',#808,#809,#976,.T.);
#581=EDGE_CURVE('',#810,#808,#977,.T.);
#582=EDGE_CURVE('',#810,#811,#978,.T.);
#583=EDGE_CURVE('',#811,#809,#979,.T.);
#584=EDGE_CURVE('',#808,#812,#980,.T.);
#585=EDGE_CURVE('',#813,#812,#981,.T.);
#586=EDGE_CURVE('',#810,#813,#982,.T.);
#587=EDGE_CURVE('',#812,#814,#983,.T.);
#588=EDGE_CURVE('',#815,#814,#984,.T.);
#589=EDGE_CURVE('',#813,#815,#985,.T.);
#590=EDGE_CURVE('',#816,#816,#30,.T.);
#591=EDGE_CURVE('',#817,#817,#31,.T.);
#592=EDGE_CURVE('',#809,#814,#986,.T.);
#593=EDGE_CURVE('',#811,#815,#987,.T.);
#594=EDGE_CURVE('',#818,#819,#988,.T.);
#595=EDGE_CURVE('',#820,#819,#989,.T.);
#596=EDGE_CURVE('',#821,#820,#990,.T.);
#597=EDGE_CURVE('',#821,#818,#991,.T.);
#598=EDGE_CURVE('',#822,#823,#992,.T.);
#599=EDGE_CURVE('',#818,#823,#993,.T.);
#600=EDGE_CURVE('',#821,#822,#994,.T.);
#601=EDGE_CURVE('',#824,#825,#995,.T.);
#602=EDGE_CURVE('',#823,#825,#996,.T.);
#603=EDGE_CURVE('',#822,#824,#997,.T.);
#604=EDGE_CURVE('',#826,#827,#998,.T.);
#605=EDGE_CURVE('',#826,#828,#999,.T.);
#606=EDGE_CURVE('',#828,#829,#1000,.T.);
#607=EDGE_CURVE('',#827,#829,#1001,.T.);
#608=EDGE_CURVE('',#830,#830,#32,.T.);
#609=EDGE_CURVE('',#831,#831,#33,.T.);
#610=EDGE_CURVE('',#819,#825,#1002,.T.);
#611=EDGE_CURVE('',#820,#824,#1003,.T.);
#612=EDGE_CURVE('',#832,#833,#1004,.T.);
#613=EDGE_CURVE('',#833,#834,#1005,.T.);
#614=EDGE_CURVE('',#835,#834,#1006,.T.);
#615=EDGE_CURVE('',#832,#835,#1007,.T.);
#616=EDGE_CURVE('',#833,#836,#34,.T.);
#617=EDGE_CURVE('',#832,#837,#35,.T.);
#618=EDGE_CURVE('',#837,#836,#1008,.T.);
#619=EDGE_CURVE('',#836,#838,#1009,.T.);
#620=EDGE_CURVE('',#837,#839,#1010,.T.);
#621=EDGE_CURVE('',#839,#838,#1011,.T.);
#622=EDGE_CURVE('',#838,#840,#36,.T.);
#623=EDGE_CURVE('',#839,#841,#37,.T.);
#624=EDGE_CURVE('',#841,#840,#1012,.T.);
#625=EDGE_CURVE('',#840,#842,#1013,.T.);
#626=EDGE_CURVE('',#841,#843,#1014,.T.);
#627=EDGE_CURVE('',#843,#842,#1015,.T.);
#628=EDGE_CURVE('',#844,#845,#1016,.T.);
#629=EDGE_CURVE('',#844,#846,#1017,.T.);
#630=EDGE_CURVE('',#846,#847,#1018,.T.);
#631=EDGE_CURVE('',#845,#847,#1019,.T.);
#632=EDGE_CURVE('',#848,#848,#38,.T.);
#633=EDGE_CURVE('',#849,#849,#39,.T.);
#634=EDGE_CURVE('',#842,#850,#40,.T.);
#635=EDGE_CURVE('',#843,#851,#41,.T.);
#636=EDGE_CURVE('',#851,#850,#1020,.T.);
#637=EDGE_CURVE('',#852,#853,#1021,.T.);
#638=EDGE_CURVE('',#853,#850,#1022,.T.);
#639=EDGE_CURVE('',#852,#851,#1023,.T.);
#640=EDGE_CURVE('',#853,#834,#42,.T.);
#641=EDGE_CURVE('',#852,#835,#43,.T.);
#642=EDGE_CURVE('',#828,#845,#1024,.T.);
#643=EDGE_CURVE('',#826,#844,#1025,.T.);
#644=EDGE_CURVE('',#829,#847,#1026,.T.);
#645=EDGE_CURVE('',#827,#846,#1027,.T.);
#646=EDGE_CURVE('',#854,#855,#1028,.T.);
#647=EDGE_CURVE('',#856,#854,#1029,.T.);
#648=EDGE_CURVE('',#856,#857,#1030,.T.);
#649=EDGE_CURVE('',#857,#855,#1031,.T.);
#650=EDGE_CURVE('',#854,#858,#1032,.T.);
#651=EDGE_CURVE('',#859,#858,#1033,.T.);
#652=EDGE_CURVE('',#856,#859,#1034,.T.);
#653=EDGE_CURVE('',#858,#860,#1035,.T.);
#654=EDGE_CURVE('',#861,#860,#1036,.T.);
#655=EDGE_CURVE('',#859,#861,#1037,.T.);
#656=EDGE_CURVE('',#855,#860,#1038,.T.);
#657=EDGE_CURVE('',#857,#861,#1039,.T.);
#658=EDGE_CURVE('',#862,#862,#44,.T.);
#659=EDGE_CURVE('',#863,#863,#45,.T.);
#660=EDGE_CURVE('',#864,#865,#1040,.T.);
#661=EDGE_CURVE('',#864,#866,#1041,.T.);
#662=EDGE_CURVE('',#866,#867,#1042,.T.);
#663=EDGE_CURVE('',#865,#867,#1043,.T.);
#664=EDGE_CURVE('',#868,#869,#1044,.T.);
#665=EDGE_CURVE('',#868,#870,#1045,.T.);
#666=EDGE_CURVE('',#870,#871,#1046,.T.);
#667=EDGE_CURVE('',#869,#871,#1047,.T.);
#668=EDGE_CURVE('',#872,#873,#1048,.T.);
#669=EDGE_CURVE('',#872,#874,#1049,.T.);
#670=EDGE_CURVE('',#874,#875,#1050,.T.);
#671=EDGE_CURVE('',#873,#875,#1051,.T.);
#672=EDGE_CURVE('',#876,#877,#1052,.T.);
#673=EDGE_CURVE('',#876,#878,#1053,.T.);
#674=EDGE_CURVE('',#878,#879,#1054,.T.);
#675=EDGE_CURVE('',#877,#879,#1055,.T.);
#676=EDGE_CURVE('',#880,#881,#1056,.T.);
#677=EDGE_CURVE('',#880,#882,#1057,.T.);
#678=EDGE_CURVE('',#882,#883,#1058,.T.);
#679=EDGE_CURVE('',#881,#883,#1059,.T.);
#680=EDGE_CURVE('',#882,#884,#1060,.T.);
#681=EDGE_CURVE('',#884,#885,#1061,.T.);
#682=EDGE_CURVE('',#883,#885,#1062,.T.);
#683=EDGE_CURVE('',#878,#886,#1063,.T.);
#684=EDGE_CURVE('',#886,#887,#1064,.T.);
#685=EDGE_CURVE('',#879,#887,#1065,.T.);
#686=EDGE_CURVE('',#874,#888,#1066,.T.);
#687=EDGE_CURVE('',#888,#889,#1067,.T.);
#688=EDGE_CURVE('',#875,#889,#1068,.T.);
#689=EDGE_CURVE('',#870,#890,#1069,.T.);
#690=EDGE_CURVE('',#890,#891,#1070,.T.);
#691=EDGE_CURVE('',#871,#891,#1071,.T.);
#692=EDGE_CURVE('',#866,#892,#1072,.T.);
#693=EDGE_CURVE('',#892,#893,#1073,.T.);
#694=EDGE_CURVE('',#867,#893,#1074,.T.);
#695=EDGE_CURVE('',#865,#894,#1075,.T.);
#696=EDGE_CURVE('',#894,#893,#1076,.T.);
#697=EDGE_CURVE('',#864,#895,#1077,.T.);
#698=EDGE_CURVE('',#895,#892,#1078,.T.);
#699=EDGE_CURVE('',#895,#894,#1079,.T.);
#700=EDGE_CURVE('',#881,#896,#1080,.T.);
#701=EDGE_CURVE('',#896,#885,#1081,.T.);
#702=EDGE_CURVE('',#880,#897,#1082,.T.);
#703=EDGE_CURVE('',#897,#884,#1083,.T.);
#704=EDGE_CURVE('',#897,#896,#1084,.T.);
#705=EDGE_CURVE('',#877,#898,#1085,.T.);
#706=EDGE_CURVE('',#898,#887,#1086,.T.);
#707=EDGE_CURVE('',#876,#899,#1087,.T.);
#708=EDGE_CURVE('',#899,#886,#1088,.T.);
#709=EDGE_CURVE('',#899,#898,#1089,.T.);
#710=EDGE_CURVE('',#873,#900,#1090,.T.);
#711=EDGE_CURVE('',#900,#889,#1091,.T.);
#712=EDGE_CURVE('',#872,#901,#1092,.T.);
#713=EDGE_CURVE('',#901,#888,#1093,.T.);
#714=EDGE_CURVE('',#901,#900,#1094,.T.);
#715=EDGE_CURVE('',#869,#902,#1095,.T.);
#716=EDGE_CURVE('',#902,#891,#1096,.T.);
#717=EDGE_CURVE('',#868,#903,#1097,.T.);
#718=EDGE_CURVE('',#903,#890,#1098,.T.);
#719=EDGE_CURVE('',#903,#902,#1099,.T.);
#720=EDGE_CURVE('',#904,#905,#1100,.T.);
#721=EDGE_CURVE('',#906,#904,#1101,.T.);
#722=EDGE_CURVE('',#906,#907,#1102,.T.);
#723=EDGE_CURVE('',#907,#905,#1103,.T.);
#724=EDGE_CURVE('',#904,#908,#1104,.T.);
#725=EDGE_CURVE('',#909,#908,#1105,.T.);
#726=EDGE_CURVE('',#906,#909,#1106,.T.);
#727=EDGE_CURVE('',#908,#910,#1107,.T.);
#728=EDGE_CURVE('',#911,#910,#1108,.T.);
#729=EDGE_CURVE('',#909,#911,#1109,.T.);
#730=EDGE_CURVE('',#912,#912,#46,.T.);
#731=EDGE_CURVE('',#913,#913,#47,.T.);
#732=EDGE_CURVE('',#905,#910,#1110,.T.);
#733=EDGE_CURVE('',#907,#911,#1111,.T.);
#734=EDGE_CURVE('',#914,#915,#1112,.T.);
#735=EDGE_CURVE('',#916,#915,#1113,.T.);
#736=EDGE_CURVE('',#917,#916,#1114,.T.);
#737=EDGE_CURVE('',#917,#914,#1115,.T.);
#738=EDGE_CURVE('',#915,#918,#48,.T.);
#739=EDGE_CURVE('',#919,#918,#1116,.T.);
#740=EDGE_CURVE('',#916,#919,#49,.T.);
#741=EDGE_CURVE('',#920,#918,#1117,.T.);
#742=EDGE_CURVE('',#921,#920,#1118,.T.);
#743=EDGE_CURVE('',#921,#919,#1119,.T.);
#744=EDGE_CURVE('',#920,#922,#50,.T.);
#745=EDGE_CURVE('',#923,#922,#1120,.T.);
#746=EDGE_CURVE('',#921,#923,#51,.T.);
#747=EDGE_CURVE('',#924,#922,#1121,.T.);
#748=EDGE_CURVE('',#925,#924,#1122,.T.);
#749=EDGE_CURVE('',#925,#923,#1123,.T.);
#750=EDGE_CURVE('',#924,#926,#52,.T.);
#751=EDGE_CURVE('',#927,#926,#1124,.T.);
#752=EDGE_CURVE('',#925,#927,#53,.T.);
#753=EDGE_CURVE('',#926,#928,#1125,.T.);
#754=EDGE_CURVE('',#929,#928,#1126,.T.);
#755=EDGE_CURVE('',#927,#929,#1127,.T.);
#756=EDGE_CURVE('',#930,#931,#1128,.T.);
#757=EDGE_CURVE('',#932,#930,#1129,.T.);
#758=EDGE_CURVE('',#932,#933,#1130,.T.);
#759=EDGE_CURVE('',#933,#931,#1131,.T.);
#760=EDGE_CURVE('',#930,#934,#1132,.T.);
#761=EDGE_CURVE('',#935,#934,#1133,.T.);
#762=EDGE_CURVE('',#932,#935,#1134,.T.);
#763=EDGE_CURVE('',#934,#936,#1135,.T.);
#764=EDGE_CURVE('',#937,#936,#1136,.T.);
#765=EDGE_CURVE('',#935,#937,#1137,.T.);
#766=EDGE_CURVE('',#938,#938,#54,.T.);
#767=EDGE_CURVE('',#939,#939,#55,.T.);
#768=EDGE_CURVE('',#928,#914,#56,.T.);
#769=EDGE_CURVE('',#929,#917,#57,.T.);
#770=EDGE_CURVE('',#931,#936,#1138,.T.);
#771=EDGE_CURVE('',#933,#937,#1139,.T.);
#772=EDGE_CURVE('',#940,#940,#58,.T.);
#773=EDGE_CURVE('',#941,#941,#59,.T.);
#774=EDGE_CURVE('',#942,#943,#1140,.T.);
#775=EDGE_CURVE('',#944,#943,#1141,.T.);
#776=EDGE_CURVE('',#945,#944,#1142,.T.);
#777=EDGE_CURVE('',#945,#942,#1143,.T.);
#778=EDGE_CURVE('',#943,#946,#1144,.T.);
#779=EDGE_CURVE('',#947,#946,#1145,.T.);
#780=EDGE_CURVE('',#944,#947,#1146,.T.);
#781=EDGE_CURVE('',#948,#946,#1147,.T.);
#782=EDGE_CURVE('',#949,#948,#1148,.T.);
#783=EDGE_CURVE('',#949,#947,#1149,.T.);
#784=EDGE_CURVE('',#942,#948,#1150,.T.);
#785=EDGE_CURVE('',#945,#949,#1151,.T.);
#786=EDGE_CURVE('',#950,#950,#60,.T.);
#787=EDGE_CURVE('',#951,#951,#61,.T.);
#788=VERTEX_POINT('',#2537);
#789=VERTEX_POINT('',#2538);
#790=VERTEX_POINT('',#2540);
#791=VERTEX_POINT('',#2542);
#792=VERTEX_POINT('',#2546);
#793=VERTEX_POINT('',#2548);
#794=VERTEX_POINT('',#2552);
#795=VERTEX_POINT('',#2554);
#796=VERTEX_POINT('',#2558);
#797=VERTEX_POINT('',#2559);
#798=VERTEX_POINT('',#2561);
#799=VERTEX_POINT('',#2563);
#800=VERTEX_POINT('',#2567);
#801=VERTEX_POINT('',#2569);
#802=VERTEX_POINT('',#2573);
#803=VERTEX_POINT('',#2575);
#804=VERTEX_POINT('',#2582);
#805=VERTEX_POINT('',#2584);
#806=VERTEX_POINT('',#2587);
#807=VERTEX_POINT('',#2589);
#808=VERTEX_POINT('',#2598);
#809=VERTEX_POINT('',#2599);
#810=VERTEX_POINT('',#2601);
#811=VERTEX_POINT('',#2603);
#812=VERTEX_POINT('',#2607);
#813=VERTEX_POINT('',#2609);
#814=VERTEX_POINT('',#2613);
#815=VERTEX_POINT('',#2615);
#816=VERTEX_POINT('',#2619);
#817=VERTEX_POINT('',#2621);
#818=VERTEX_POINT('',#2630);
#819=VERTEX_POINT('',#2631);
#820=VERTEX_POINT('',#2633);
#821=VERTEX_POINT('',#2635);
#822=VERTEX_POINT('',#2639);
#823=VERTEX_POINT('',#2640);
#824=VERTEX_POINT('',#2645);
#825=VERTEX_POINT('',#2646);
#826=VERTEX_POINT('',#2651);
#827=VERTEX_POINT('',#2652);
#828=VERTEX_POINT('',#2654);
#829=VERTEX_POINT('',#2656);
#830=VERTEX_POINT('',#2659);
#831=VERTEX_POINT('',#2661);
#832=VERTEX_POINT('',#2666);
#833=VERTEX_POINT('',#2667);
#834=VERTEX_POINT('',#2669);
#835=VERTEX_POINT('',#2671);
#836=VERTEX_POINT('',#2675);
#837=VERTEX_POINT('',#2677);
#838=VERTEX_POINT('',#2681);
#839=VERTEX_POINT('',#2683);
#840=VERTEX_POINT('',#2687);
#841=VERTEX_POINT('',#2689);
#842=VERTEX_POINT('',#2693);
#843=VERTEX_POINT('',#2695);
#844=VERTEX_POINT('',#2698);
#845=VERTEX_POINT('',#2699);
#846=VERTEX_POINT('',#2701);
#847=VERTEX_POINT('',#2703);
#848=VERTEX_POINT('',#2706);
#849=VERTEX_POINT('',#2708);
#850=VERTEX_POINT('',#2711);
#851=VERTEX_POINT('',#2713);
#852=VERTEX_POINT('',#2717);
#853=VERTEX_POINT('',#2718);
#854=VERTEX_POINT('',#2739);
#855=VERTEX_POINT('',#2740);
#856=VERTEX_POINT('',#2742);
#857=VERTEX_POINT('',#2744);
#858=VERTEX_POINT('',#2748);
#859=VERTEX_POINT('',#2750);
#860=VERTEX_POINT('',#2754);
#861=VERTEX_POINT('',#2756);
#862=VERTEX_POINT('',#2763);
#863=VERTEX_POINT('',#2765);
#864=VERTEX_POINT('',#2771);
#865=VERTEX_POINT('',#2772);
#866=VERTEX_POINT('',#2774);
#867=VERTEX_POINT('',#2776);
#868=VERTEX_POINT('',#2780);
#869=VERTEX_POINT('',#2781);
#870=VERTEX_POINT('',#2783);
#871=VERTEX_POINT('',#2785);
#872=VERTEX_POINT('',#2789);
#873=VERTEX_POINT('',#2790);
#874=VERTEX_POINT('',#2792);
#875=VERTEX_POINT('',#2794);
#876=VERTEX_POINT('',#2798);
#877=VERTEX_POINT('',#2799);
#878=VERTEX_POINT('',#2801);
#879=VERTEX_POINT('',#2803);
#880=VERTEX_POINT('',#2807);
#881=VERTEX_POINT('',#2808);
#882=VERTEX_POINT('',#2810);
#883=VERTEX_POINT('',#2812);
#884=VERTEX_POINT('',#2816);
#885=VERTEX_POINT('',#2818);
#886=VERTEX_POINT('',#2821);
#887=VERTEX_POINT('',#2823);
#888=VERTEX_POINT('',#2826);
#889=VERTEX_POINT('',#2828);
#890=VERTEX_POINT('',#2831);
#891=VERTEX_POINT('',#2833);
#892=VERTEX_POINT('',#2836);
#893=VERTEX_POINT('',#2838);
#894=VERTEX_POINT('',#2842);
#895=VERTEX_POINT('',#2846);
#896=VERTEX_POINT('',#2852);
#897=VERTEX_POINT('',#2856);
#898=VERTEX_POINT('',#2862);
#899=VERTEX_POINT('',#2866);
#900=VERTEX_POINT('',#2872);
#901=VERTEX_POINT('',#2876);
#902=VERTEX_POINT('',#2882);
#903=VERTEX_POINT('',#2886);
#904=VERTEX_POINT('',#2894);
#905=VERTEX_POINT('',#2895);
#906=VERTEX_POINT('',#2897);
#907=VERTEX_POINT('',#2899);
#908=VERTEX_POINT('',#2903);
#909=VERTEX_POINT('',#2905);
#910=VERTEX_POINT('',#2909);
#911=VERTEX_POINT('',#2911);
#912=VERTEX_POINT('',#2915);
#913=VERTEX_POINT('',#2917);
#914=VERTEX_POINT('',#2926);
#915=VERTEX_POINT('',#2927);
#916=VERTEX_POINT('',#2929);
#917=VERTEX_POINT('',#2931);
#918=VERTEX_POINT('',#2935);
#919=VERTEX_POINT('',#2937);
#920=VERTEX_POINT('',#2941);
#921=VERTEX_POINT('',#2943);
#922=VERTEX_POINT('',#2947);
#923=VERTEX_POINT('',#2949);
#924=VERTEX_POINT('',#2953);
#925=VERTEX_POINT('',#2955);
#926=VERTEX_POINT('',#2959);
#927=VERTEX_POINT('',#2961);
#928=VERTEX_POINT('',#2965);
#929=VERTEX_POINT('',#2967);
#930=VERTEX_POINT('',#2971);
#931=VERTEX_POINT('',#2972);
#932=VERTEX_POINT('',#2974);
#933=VERTEX_POINT('',#2976);
#934=VERTEX_POINT('',#2980);
#935=VERTEX_POINT('',#2982);
#936=VERTEX_POINT('',#2986);
#937=VERTEX_POINT('',#2988);
#938=VERTEX_POINT('',#2992);
#939=VERTEX_POINT('',#2994);
#940=VERTEX_POINT('',#3003);
#941=VERTEX_POINT('',#3005);
#942=VERTEX_POINT('',#3011);
#943=VERTEX_POINT('',#3012);
#944=VERTEX_POINT('',#3014);
#945=VERTEX_POINT('',#3016);
#946=VERTEX_POINT('',#3020);
#947=VERTEX_POINT('',#3022);
#948=VERTEX_POINT('',#3026);
#949=VERTEX_POINT('',#3028);
#950=VERTEX_POINT('',#3035);
#951=VERTEX_POINT('',#3037);
#952=LINE('',#2536,#1152);
#953=LINE('',#2539,#1153);
#954=LINE('',#2541,#1154);
#955=LINE('',#2543,#1155);
#956=LINE('',#2545,#1156);
#957=LINE('',#2547,#1157);
#958=LINE('',#2549,#1158);
#959=LINE('',#2551,#1159);
#960=LINE('',#2553,#1160);
#961=LINE('',#2555,#1161);
#962=LINE('',#2557,#1162);
#963=LINE('',#2560,#1163);
#964=LINE('',#2562,#1164);
#965=LINE('',#2564,#1165);
#966=LINE('',#2566,#1166);
#967=LINE('',#2568,#1167);
#968=LINE('',#2570,#1168);
#969=LINE('',#2572,#1169);
#970=LINE('',#2574,#1170);
#971=LINE('',#2576,#1171);
#972=LINE('',#2578,#1172);
#973=LINE('',#2579,#1173);
#974=LINE('',#2591,#1174);
#975=LINE('',#2592,#1175);
#976=LINE('',#2597,#1176);
#977=LINE('',#2600,#1177);
#978=LINE('',#2602,#1178);
#979=LINE('',#2604,#1179);
#980=LINE('',#2606,#1180);
#981=LINE('',#2608,#1181);
#982=LINE('',#2610,#1182);
#983=LINE('',#2612,#1183);
#984=LINE('',#2614,#1184);
#985=LINE('',#2616,#1185);
#986=LINE('',#2623,#1186);
#987=LINE('',#2624,#1187);
#988=LINE('',#2629,#1188);
#989=LINE('',#2632,#1189);
#990=LINE('',#2634,#1190);
#991=LINE('',#2636,#1191);
#992=LINE('',#2638,#1192);
#993=LINE('',#2641,#1193);
#994=LINE('',#2642,#1194);
#995=LINE('',#2644,#1195);
#996=LINE('',#2647,#1196);
#997=LINE('',#2648,#1197);
#998=LINE('',#2650,#1198);
#999=LINE('',#2653,#1199);
#1000=LINE('',#2655,#1200);
#1001=LINE('',#2657,#1201);
#1002=LINE('',#2662,#1202);
#1003=LINE('',#2663,#1203);
#1004=LINE('',#2665,#1204);
#1005=LINE('',#2668,#1205);
#1006=LINE('',#2670,#1206);
#1007=LINE('',#2672,#1207);
#1008=LINE('',#2678,#1208);
#1009=LINE('',#2680,#1209);
#1010=LINE('',#2682,#1210);
#1011=LINE('',#2684,#1211);
#1012=LINE('',#2690,#1212);
#1013=LINE('',#2692,#1213);
#1014=LINE('',#2694,#1214);
#1015=LINE('',#2696,#1215);
#1016=LINE('',#2697,#1216);
#1017=LINE('',#2700,#1217);
#1018=LINE('',#2702,#1218);
#1019=LINE('',#2704,#1219);
#1020=LINE('',#2714,#1220);
#1021=LINE('',#2716,#1221);
#1022=LINE('',#2719,#1222);
#1023=LINE('',#2720,#1223);
#1024=LINE('',#2728,#1224);
#1025=LINE('',#2729,#1225);
#1026=LINE('',#2731,#1226);
#1027=LINE('',#2733,#1227);
#1028=LINE('',#2738,#1228);
#1029=LINE('',#2741,#1229);
#1030=LINE('',#2743,#1230);
#1031=LINE('',#2745,#1231);
#1032=LINE('',#2747,#1232);
#1033=LINE('',#2749,#1233);
#1034=LINE('',#2751,#1234);
#1035=LINE('',#2753,#1235);
#1036=LINE('',#2755,#1236);
#1037=LINE('',#2757,#1237);
#1038=LINE('',#2759,#1238);
#1039=LINE('',#2760,#1239);
#1040=LINE('',#2770,#1240);
#1041=LINE('',#2773,#1241);
#1042=LINE('',#2775,#1242);
#1043=LINE('',#2777,#1243);
#1044=LINE('',#2779,#1244);
#1045=LINE('',#2782,#1245);
#1046=LINE('',#2784,#1246);
#1047=LINE('',#2786,#1247);
#1048=LINE('',#2788,#1248);
#1049=LINE('',#2791,#1249);
#1050=LINE('',#2793,#1250);
#1051=LINE('',#2795,#1251);
#1052=LINE('',#2797,#1252);
#1053=LINE('',#2800,#1253);
#1054=LINE('',#2802,#1254);
#1055=LINE('',#2804,#1255);
#1056=LINE('',#2806,#1256);
#1057=LINE('',#2809,#1257);
#1058=LINE('',#2811,#1258);
#1059=LINE('',#2813,#1259);
#1060=LINE('',#2815,#1260);
#1061=LINE('',#2817,#1261);
#1062=LINE('',#2819,#1262);
#1063=LINE('',#2820,#1263);
#1064=LINE('',#2822,#1264);
#1065=LINE('',#2824,#1265);
#1066=LINE('',#2825,#1266);
#1067=LINE('',#2827,#1267);
#1068=LINE('',#2829,#1268);
#1069=LINE('',#2830,#1269);
#1070=LINE('',#2832,#1270);
#1071=LINE('',#2834,#1271);
#1072=LINE('',#2835,#1272);
#1073=LINE('',#2837,#1273);
#1074=LINE('',#2839,#1274);
#1075=LINE('',#2841,#1275);
#1076=LINE('',#2843,#1276);
#1077=LINE('',#2845,#1277);
#1078=LINE('',#2847,#1278);
#1079=LINE('',#2849,#1279);
#1080=LINE('',#2851,#1280);
#1081=LINE('',#2853,#1281);
#1082=LINE('',#2855,#1282);
#1083=LINE('',#2857,#1283);
#1084=LINE('',#2859,#1284);
#1085=LINE('',#2861,#1285);
#1086=LINE('',#2863,#1286);
#1087=LINE('',#2865,#1287);
#1088=LINE('',#2867,#1288);
#1089=LINE('',#2869,#1289);
#1090=LINE('',#2871,#1290);
#1091=LINE('',#2873,#1291);
#1092=LINE('',#2875,#1292);
#1093=LINE('',#2877,#1293);
#1094=LINE('',#2879,#1294);
#1095=LINE('',#2881,#1295);
#1096=LINE('',#2883,#1296);
#1097=LINE('',#2885,#1297);
#1098=LINE('',#2887,#1298);
#1099=LINE('',#2889,#1299);
#1100=LINE('',#2893,#1300);
#1101=LINE('',#2896,#1301);
#1102=LINE('',#2898,#1302);
#1103=LINE('',#2900,#1303);
#1104=LINE('',#2902,#1304);
#1105=LINE('',#2904,#1305);
#1106=LINE('',#2906,#1306);
#1107=LINE('',#2908,#1307);
#1108=LINE('',#2910,#1308);
#1109=LINE('',#2912,#1309);
#1110=LINE('',#2919,#1310);
#1111=LINE('',#2920,#1311);
#1112=LINE('',#2925,#1312);
#1113=LINE('',#2928,#1313);
#1114=LINE('',#2930,#1314);
#1115=LINE('',#2932,#1315);
#1116=LINE('',#2936,#1316);
#1117=LINE('',#2940,#1317);
#1118=LINE('',#2942,#1318);
#1119=LINE('',#2944,#1319);
#1120=LINE('',#2948,#1320);
#1121=LINE('',#2952,#1321);
#1122=LINE('',#2954,#1322);
#1123=LINE('',#2956,#1323);
#1124=LINE('',#2960,#1324);
#1125=LINE('',#2964,#1325);
#1126=LINE('',#2966,#1326);
#1127=LINE('',#2968,#1327);
#1128=LINE('',#2970,#1328);
#1129=LINE('',#2973,#1329);
#1130=LINE('',#2975,#1330);
#1131=LINE('',#2977,#1331);
#1132=LINE('',#2979,#1332);
#1133=LINE('',#2981,#1333);
#1134=LINE('',#2983,#1334);
#1135=LINE('',#2985,#1335);
#1136=LINE('',#2987,#1336);
#1137=LINE('',#2989,#1337);
#1138=LINE('',#2999,#1338);
#1139=LINE('',#3000,#1339);
#1140=LINE('',#3010,#1340);
#1141=LINE('',#3013,#1341);
#1142=LINE('',#3015,#1342);
#1143=LINE('',#3017,#1343);
#1144=LINE('',#3019,#1344);
#1145=LINE('',#3021,#1345);
#1146=LINE('',#3023,#1346);
#1147=LINE('',#3025,#1347);
#1148=LINE('',#3027,#1348);
#1149=LINE('',#3029,#1349);
#1150=LINE('',#3031,#1350);
#1151=LINE('',#3032,#1351);
#1152=VECTOR('',#2054,1.);
#1153=VECTOR('',#2055,1.);
#1154=VECTOR('',#2056,1.);
#1155=VECTOR('',#2057,1.);
#1156=VECTOR('',#2060,1.);
#1157=VECTOR('',#2061,1.);
#1158=VECTOR('',#2062,1.);
#1159=VECTOR('',#2065,1.);
#1160=VECTOR('',#2066,1.);
#1161=VECTOR('',#2067,1.);
#1162=VECTOR('',#2070,1.);
#1163=VECTOR('',#2071,1.);
#1164=VECTOR('',#2072,1.);
#1165=VECTOR('',#2073,1.);
#1166=VECTOR('',#2076,1.);
#1167=VECTOR('',#2077,1.);
#1168=VECTOR('',#2078,1.);
#1169=VECTOR('',#2081,1.);
#1170=VECTOR('',#2082,1.);
#1171=VECTOR('',#2083,1.);
#1172=VECTOR('',#2086,1.);
#1173=VECTOR('',#2087,1.);
#1174=VECTOR('',#2102,1.);
#1175=VECTOR('',#2103,1.);
#1176=VECTOR('',#2112,1.);
#1177=VECTOR('',#2113,1.);
#1178=VECTOR('',#2114,1.);
#1179=VECTOR('',#2115,1.);
#1180=VECTOR('',#2118,1.);
#1181=VECTOR('',#2119,1.);
#1182=VECTOR('',#2120,1.);
#1183=VECTOR('',#2123,1.);
#1184=VECTOR('',#2124,1.);
#1185=VECTOR('',#2125,1.);
#1186=VECTOR('',#2134,1.);
#1187=VECTOR('',#2135,1.);
#1188=VECTOR('',#2144,1.);
#1189=VECTOR('',#2145,1.);
#1190=VECTOR('',#2146,1.);
#1191=VECTOR('',#2147,1.);
#1192=VECTOR('',#2150,1.);
#1193=VECTOR('',#2151,1.);
#1194=VECTOR('',#2152,1.);
#1195=VECTOR('',#2155,1.);
#1196=VECTOR('',#2156,1.);
#1197=VECTOR('',#2157,1.);
#1198=VECTOR('',#2160,1.);
#1199=VECTOR('',#2161,1.);
#1200=VECTOR('',#2162,1.);
#1201=VECTOR('',#2163,1.);
#1202=VECTOR('',#2168,1.);
#1203=VECTOR('',#2169,1.);
#1204=VECTOR('',#2172,1.);
#1205=VECTOR('',#2173,1.);
#1206=VECTOR('',#2174,1.);
#1207=VECTOR('',#2175,1.);
#1208=VECTOR('',#2182,1.);
#1209=VECTOR('',#2185,1.);
#1210=VECTOR('',#2186,1.);
#1211=VECTOR('',#2187,1.);
#1212=VECTOR('',#2194,1.);
#1213=VECTOR('',#2197,1.);
#1214=VECTOR('',#2198,1.);
#1215=VECTOR('',#2199,1.);
#1216=VECTOR('',#2200,1.);
#1217=VECTOR('',#2201,1.);
#1218=VECTOR('',#2202,1.);
#1219=VECTOR('',#2203,1.);
#1220=VECTOR('',#2214,1.);
#1221=VECTOR('',#2217,1.);
#1222=VECTOR('',#2218,1.);
#1223=VECTOR('',#2219,1.);
#1224=VECTOR('',#2234,1.);
#1225=VECTOR('',#2235,1.);
#1226=VECTOR('',#2238,1.);
#1227=VECTOR('',#2241,1.);
#1228=VECTOR('',#2250,1.);
#1229=VECTOR('',#2251,1.);
#1230=VECTOR('',#2252,1.);
#1231=VECTOR('',#2253,1.);
#1232=VECTOR('',#2256,1.);
#1233=VECTOR('',#2257,1.);
#1234=VECTOR('',#2258,1.);
#1235=VECTOR('',#2261,1.);
#1236=VECTOR('',#2262,1.);
#1237=VECTOR('',#2263,1.);
#1238=VECTOR('',#2266,1.);
#1239=VECTOR('',#2267,1.);
#1240=VECTOR('',#2282,1.);
#1241=VECTOR('',#2283,1.);
#1242=VECTOR('',#2284,1.);
#1243=VECTOR('',#2285,1.);
#1244=VECTOR('',#2288,1.);
#1245=VECTOR('',#2289,1.);
#1246=VECTOR('',#2290,1.);
#1247=VECTOR('',#2291,1.);
#1248=VECTOR('',#2294,1.);
#1249=VECTOR('',#2295,1.);
#1250=VECTOR('',#2296,1.);
#1251=VECTOR('',#2297,1.);
#1252=VECTOR('',#2300,1.);
#1253=VECTOR('',#2301,1.);
#1254=VECTOR('',#2302,1.);
#1255=VECTOR('',#2303,1.);
#1256=VECTOR('',#2306,1.);
#1257=VECTOR('',#2307,1.);
#1258=VECTOR('',#2308,1.);
#1259=VECTOR('',#2309,1.);
#1260=VECTOR('',#2312,1.);
#1261=VECTOR('',#2313,1.);
#1262=VECTOR('',#2314,1.);
#1263=VECTOR('',#2315,1.);
#1264=VECTOR('',#2316,1.);
#1265=VECTOR('',#2317,1.);
#1266=VECTOR('',#2318,1.);
#1267=VECTOR('',#2319,1.);
#1268=VECTOR('',#2320,1.);
#1269=VECTOR('',#2321,1.);
#1270=VECTOR('',#2322,1.);
#1271=VECTOR('',#2323,1.);
#1272=VECTOR('',#2324,1.);
#1273=VECTOR('',#2325,1.);
#1274=VECTOR('',#2326,1.);
#1275=VECTOR('',#2329,1.);
#1276=VECTOR('',#2330,1.);
#1277=VECTOR('',#2333,1.);
#1278=VECTOR('',#2334,1.);
#1279=VECTOR('',#2337,1.);
#1280=VECTOR('',#2340,1.);
#1281=VECTOR('',#2341,1.);
#1282=VECTOR('',#2344,1.);
#1283=VECTOR('',#2345,1.);
#1284=VECTOR('',#2348,1.);
#1285=VECTOR('',#2351,1.);
#1286=VECTOR('',#2352,1.);
#1287=VECTOR('',#2355,1.);
#1288=VECTOR('',#2356,1.);
#1289=VECTOR('',#2359,1.);
#1290=VECTOR('',#2362,1.);
#1291=VECTOR('',#2363,1.);
#1292=VECTOR('',#2366,1.);
#1293=VECTOR('',#2367,1.);
#1294=VECTOR('',#2370,1.);
#1295=VECTOR('',#2373,1.);
#1296=VECTOR('',#2374,1.);
#1297=VECTOR('',#2377,1.);
#1298=VECTOR('',#2378,1.);
#1299=VECTOR('',#2381,1.);
#1300=VECTOR('',#2388,1.);
#1301=VECTOR('',#2389,1.);
#1302=VECTOR('',#2390,1.);
#1303=VECTOR('',#2391,1.);
#1304=VECTOR('',#2394,1.);
#1305=VECTOR('',#2395,1.);
#1306=VECTOR('',#2396,1.);
#1307=VECTOR('',#2399,1.);
#1308=VECTOR('',#2400,1.);
#1309=VECTOR('',#2401,1.);
#1310=VECTOR('',#2410,1.);
#1311=VECTOR('',#2411,1.);
#1312=VECTOR('',#2420,1.);
#1313=VECTOR('',#2421,1.);
#1314=VECTOR('',#2422,1.);
#1315=VECTOR('',#2423,1.);
#1316=VECTOR('',#2428,1.);
#1317=VECTOR('',#2433,1.);
#1318=VECTOR('',#2434,1.);
#1319=VECTOR('',#2435,1.);
#1320=VECTOR('',#2440,1.);
#1321=VECTOR('',#2445,1.);
#1322=VECTOR('',#2446,1.);
#1323=VECTOR('',#2447,1.);
#1324=VECTOR('',#2452,1.);
#1325=VECTOR('',#2457,1.);
#1326=VECTOR('',#2458,1.);
#1327=VECTOR('',#2459,1.);
#1328=VECTOR('',#2462,1.);
#1329=VECTOR('',#2463,1.);
#1330=VECTOR('',#2464,1.);
#1331=VECTOR('',#2465,1.);
#1332=VECTOR('',#2468,1.);
#1333=VECTOR('',#2469,1.);
#1334=VECTOR('',#2470,1.);
#1335=VECTOR('',#2473,1.);
#1336=VECTOR('',#2474,1.);
#1337=VECTOR('',#2475,1.);
#1338=VECTOR('',#2490,1.);
#1339=VECTOR('',#2491,1.);
#1340=VECTOR('',#2506,1.);
#1341=VECTOR('',#2507,1.);
#1342=VECTOR('',#2508,1.);
#1343=VECTOR('',#2509,1.);
#1344=VECTOR('',#2512,1.);
#1345=VECTOR('',#2513,1.);
#1346=VECTOR('',#2514,1.);
#1347=VECTOR('',#2517,1.);
#1348=VECTOR('',#2518,1.);
#1349=VECTOR('',#2519,1.);
#1350=VECTOR('',#2522,1.);
#1351=VECTOR('',#2523,1.);
#1352=EDGE_LOOP('',(#80,#81,#82,#83));
#1353=EDGE_LOOP('',(#84,#85,#86,#87));
#1354=EDGE_LOOP('',(#88,#89,#90,#91));
#1355=EDGE_LOOP('',(#92,#93,#94,#95));
#1356=EDGE_LOOP('',(#96,#97,#98,#99));
#1357=EDGE_LOOP('',(#100,#101,#102,#103));
#1358=EDGE_LOOP('',(#104,#105,#106,#107));
#1359=EDGE_LOOP('',(#108));
#1360=EDGE_LOOP('',(#109));
#1361=EDGE_LOOP('',(#110));
#1362=EDGE_LOOP('',(#111));
#1363=EDGE_LOOP('',(#112,#113,#114,#115));
#1364=EDGE_LOOP('',(#116));
#1365=EDGE_LOOP('',(#117));
#1366=EDGE_LOOP('',(#118,#119,#120,#121));
#1367=EDGE_LOOP('',(#122,#123,#124,#125));
#1368=EDGE_LOOP('',(#126));
#1369=EDGE_LOOP('',(#127));
#1370=EDGE_LOOP('',(#128,#129,#130,#131));
#1371=EDGE_LOOP('',(#132,#133,#134,#135));
#1372=EDGE_LOOP('',(#136,#137,#138,#139));
#1373=EDGE_LOOP('',(#140,#141,#142,#143));
#1374=EDGE_LOOP('',(#144,#145,#146,#147));
#1375=EDGE_LOOP('',(#148));
#1376=EDGE_LOOP('',(#149));
#1377=EDGE_LOOP('',(#150,#151,#152,#153));
#1378=EDGE_LOOP('',(#154));
#1379=EDGE_LOOP('',(#155,#156,#157,#158));
#1380=EDGE_LOOP('',(#159));
#1381=EDGE_LOOP('',(#160,#161,#162,#163));
#1382=EDGE_LOOP('',(#164,#165,#166,#167));
#1383=EDGE_LOOP('',(#168,#169,#170,#171));
#1384=EDGE_LOOP('',(#172,#173,#174,#175));
#1385=EDGE_LOOP('',(#176,#177,#178,#179));
#1386=EDGE_LOOP('',(#180));
#1387=EDGE_LOOP('',(#181));
#1388=EDGE_LOOP('',(#182,#183,#184,#185));
#1389=EDGE_LOOP('',(#186,#187,#188,#189));
#1390=EDGE_LOOP('',(#190,#191,#192,#193));
#1391=EDGE_LOOP('',(#194,#195,#196,#197));
#1392=EDGE_LOOP('',(#198,#199,#200,#201));
#1393=EDGE_LOOP('',(#202,#203,#204,#205));
#1394=EDGE_LOOP('',(#206,#207,#208,#209));
#1395=EDGE_LOOP('',(#210));
#1396=EDGE_LOOP('',(#211));
#1397=EDGE_LOOP('',(#212,#213,#214,#215));
#1398=EDGE_LOOP('',(#216,#217,#218,#219));
#1399=EDGE_LOOP('',(#220,#221,#222,#223));
#1400=EDGE_LOOP('',(#224,#225,#226,#227));
#1401=EDGE_LOOP('',(#228,#229,#230,#231,#232,#233,#234,#235));
#1402=EDGE_LOOP('',(#236));
#1403=EDGE_LOOP('',(#237));
#1404=EDGE_LOOP('',(#238));
#1405=EDGE_LOOP('',(#239));
#1406=EDGE_LOOP('',(#240,#241,#242,#243));
#1407=EDGE_LOOP('',(#244,#245,#246,#247));
#1408=EDGE_LOOP('',(#248,#249,#250,#251));
#1409=EDGE_LOOP('',(#252,#253,#254,#255));
#1410=EDGE_LOOP('',(#256,#257,#258,#259));
#1411=EDGE_LOOP('',(#260,#261,#262,#263,#264,#265,#266,#267));
#1412=EDGE_LOOP('',(#268,#269,#270,#271));
#1413=EDGE_LOOP('',(#272,#273,#274,#275));
#1414=EDGE_LOOP('',(#276,#277,#278,#279));
#1415=EDGE_LOOP('',(#280,#281,#282,#283));
#1416=EDGE_LOOP('',(#284));
#1417=EDGE_LOOP('',(#285));
#1418=EDGE_LOOP('',(#286,#287,#288,#289));
#1419=EDGE_LOOP('',(#290));
#1420=EDGE_LOOP('',(#291,#292,#293,#294));
#1421=EDGE_LOOP('',(#295));
#1422=EDGE_LOOP('',(#296,#297,#298,#299));
#1423=EDGE_LOOP('',(#300,#301,#302,#303));
#1424=EDGE_LOOP('',(#304,#305,#306,#307));
#1425=EDGE_LOOP('',(#308,#309,#310,#311));
#1426=EDGE_LOOP('',(#312,#313,#314,#315));
#1427=EDGE_LOOP('',(#316,#317,#318,#319));
#1428=EDGE_LOOP('',(#320,#321,#322,#323));
#1429=EDGE_LOOP('',(#324,#325,#326,#327));
#1430=EDGE_LOOP('',(#328,#329,#330,#331));
#1431=EDGE_LOOP('',(#332,#333,#334,#335));
#1432=EDGE_LOOP('',(#336,#337,#338,#339));
#1433=EDGE_LOOP('',(#340,#341,#342,#343));
#1434=EDGE_LOOP('',(#344,#345,#346,#347));
#1435=EDGE_LOOP('',(#348,#349,#350,#351));
#1436=EDGE_LOOP('',(#352,#353,#354,#355));
#1437=EDGE_LOOP('',(#356,#357,#358,#359));
#1438=EDGE_LOOP('',(#360,#361,#362,#363));
#1439=EDGE_LOOP('',(#364,#365,#366,#367));
#1440=EDGE_LOOP('',(#368,#369,#370,#371));
#1441=EDGE_LOOP('',(#372,#373,#374,#375));
#1442=EDGE_LOOP('',(#376,#377,#378,#379));
#1443=EDGE_LOOP('',(#380,#381,#382,#383));
#1444=EDGE_LOOP('',(#384,#385,#386,#387));
#1445=EDGE_LOOP('',(#388,#389,#390,#391));
#1446=EDGE_LOOP('',(#392,#393,#394,#395));
#1447=EDGE_LOOP('',(#396,#397,#398,#399));
#1448=EDGE_LOOP('',(#400,#401,#402,#403));
#1449=EDGE_LOOP('',(#404,#405,#406,#407));
#1450=EDGE_LOOP('',(#408,#409,#410,#411));
#1451=EDGE_LOOP('',(#412,#413,#414,#415));
#1452=EDGE_LOOP('',(#416,#417,#418,#419));
#1453=EDGE_LOOP('',(#420,#421,#422,#423));
#1454=EDGE_LOOP('',(#424,#425,#426,#427));
#1455=EDGE_LOOP('',(#428));
#1456=EDGE_LOOP('',(#429));
#1457=EDGE_LOOP('',(#430,#431,#432,#433));
#1458=EDGE_LOOP('',(#434));
#1459=EDGE_LOOP('',(#435,#436,#437,#438));
#1460=EDGE_LOOP('',(#439));
#1461=EDGE_LOOP('',(#440,#441,#442,#443));
#1462=EDGE_LOOP('',(#444,#445,#446,#447));
#1463=EDGE_LOOP('',(#448,#449,#450,#451));
#1464=EDGE_LOOP('',(#452,#453,#454,#455));
#1465=EDGE_LOOP('',(#456,#457,#458,#459));
#1466=EDGE_LOOP('',(#460,#461,#462,#463));
#1467=EDGE_LOOP('',(#464,#465,#466,#467));
#1468=EDGE_LOOP('',(#468,#469,#470,#471));
#1469=EDGE_LOOP('',(#472,#473,#474,#475));
#1470=EDGE_LOOP('',(#476,#477,#478,#479));
#1471=EDGE_LOOP('',(#480,#481,#482,#483));
#1472=EDGE_LOOP('',(#484));
#1473=EDGE_LOOP('',(#485));
#1474=EDGE_LOOP('',(#486,#487,#488,#489));
#1475=EDGE_LOOP('',(#490,#491,#492,#493));
#1476=EDGE_LOOP('',(#494));
#1477=EDGE_LOOP('',(#495));
#1478=EDGE_LOOP('',(#496,#497,#498,#499));
#1479=EDGE_LOOP('',(#500,#501,#502,#503,#504,#505,#506,#507));
#1480=EDGE_LOOP('',(#508));
#1481=EDGE_LOOP('',(#509));
#1482=EDGE_LOOP('',(#510,#511,#512,#513));
#1483=EDGE_LOOP('',(#514,#515,#516,#517,#518,#519,#520,#521));
#1484=EDGE_LOOP('',(#522));
#1485=EDGE_LOOP('',(#523));
#1486=EDGE_LOOP('',(#524,#525,#526,#527));
#1487=EDGE_LOOP('',(#528,#529,#530,#531));
#1488=EDGE_LOOP('',(#532,#533,#534,#535));
#1489=EDGE_LOOP('',(#536,#537,#538,#539));
#1490=EDGE_LOOP('',(#540));
#1491=EDGE_LOOP('',(#541));
#1492=EDGE_LOOP('',(#542,#543,#544,#545));
#1493=EDGE_LOOP('',(#546));
#1494=EDGE_LOOP('',(#547,#548,#549,#550));
#1495=EDGE_LOOP('',(#551));
#1496=FACE_BOUND('',#1352,.T.);
#1497=FACE_BOUND('',#1353,.T.);
#1498=FACE_BOUND('',#1354,.T.);
#1499=FACE_BOUND('',#1355,.T.);
#1500=FACE_BOUND('',#1356,.T.);
#1501=FACE_BOUND('',#1357,.T.);
#1502=FACE_BOUND('',#1358,.T.);
#1503=FACE_BOUND('',#1359,.T.);
#1504=FACE_BOUND('',#1360,.T.);
#1505=FACE_BOUND('',#1361,.T.);
#1506=FACE_BOUND('',#1362,.T.);
#1507=FACE_BOUND('',#1363,.T.);
#1508=FACE_BOUND('',#1364,.T.);
#1509=FACE_BOUND('',#1365,.T.);
#1510=FACE_BOUND('',#1366,.T.);
#1511=FACE_BOUND('',#1367,.T.);
#1512=FACE_BOUND('',#1368,.T.);
#1513=FACE_BOUND('',#1369,.T.);
#1514=FACE_BOUND('',#1370,.T.);
#1515=FACE_BOUND('',#1371,.T.);
#1516=FACE_BOUND('',#1372,.T.);
#1517=FACE_BOUND('',#1373,.T.);
#1518=FACE_BOUND('',#1374,.T.);
#1519=FACE_BOUND('',#1375,.T.);
#1520=FACE_BOUND('',#1376,.T.);
#1521=FACE_BOUND('',#1377,.T.);
#1522=FACE_BOUND('',#1378,.T.);
#1523=FACE_BOUND('',#1379,.T.);
#1524=FACE_BOUND('',#1380,.T.);
#1525=FACE_BOUND('',#1381,.T.);
#1526=FACE_BOUND('',#1382,.T.);
#1527=FACE_BOUND('',#1383,.T.);
#1528=FACE_BOUND('',#1384,.T.);
#1529=FACE_BOUND('',#1385,.T.);
#1530=FACE_BOUND('',#1386,.T.);
#1531=FACE_BOUND('',#1387,.T.);
#1532=FACE_BOUND('',#1388,.T.);
#1533=FACE_BOUND('',#1389,.T.);
#1534=FACE_BOUND('',#1390,.T.);
#1535=FACE_BOUND('',#1391,.T.);
#1536=FACE_BOUND('',#1392,.T.);
#1537=FACE_BOUND('',#1393,.T.);
#1538=FACE_BOUND('',#1394,.T.);
#1539=FACE_BOUND('',#1395,.T.);
#1540=FACE_BOUND('',#1396,.T.);
#1541=FACE_BOUND('',#1397,.T.);
#1542=FACE_BOUND('',#1398,.T.);
#1543=FACE_BOUND('',#1399,.T.);
#1544=FACE_BOUND('',#1400,.T.);
#1545=FACE_BOUND('',#1401,.T.);
#1546=FACE_BOUND('',#1402,.T.);
#1547=FACE_BOUND('',#1403,.T.);
#1548=FACE_BOUND('',#1404,.T.);
#1549=FACE_BOUND('',#1405,.T.);
#1550=FACE_BOUND('',#1406,.T.);
#1551=FACE_BOUND('',#1407,.T.);
#1552=FACE_BOUND('',#1408,.T.);
#1553=FACE_BOUND('',#1409,.T.);
#1554=FACE_BOUND('',#1410,.T.);
#1555=FACE_BOUND('',#1411,.T.);
#1556=FACE_BOUND('',#1412,.T.);
#1557=FACE_BOUND('',#1413,.T.);
#1558=FACE_BOUND('',#1414,.T.);
#1559=FACE_BOUND('',#1415,.T.);
#1560=FACE_BOUND('',#1416,.T.);
#1561=FACE_BOUND('',#1417,.T.);
#1562=FACE_BOUND('',#1418,.T.);
#1563=FACE_BOUND('',#1419,.T.);
#1564=FACE_BOUND('',#1420,.T.);
#1565=FACE_BOUND('',#1421,.T.);
#1566=FACE_BOUND('',#1422,.T.);
#1567=FACE_BOUND('',#1423,.T.);
#1568=FACE_BOUND('',#1424,.T.);
#1569=FACE_BOUND('',#1425,.T.);
#1570=FACE_BOUND('',#1426,.T.);
#1571=FACE_BOUND('',#1427,.T.);
#1572=FACE_BOUND('',#1428,.T.);
#1573=FACE_BOUND('',#1429,.T.);
#1574=FACE_BOUND('',#1430,.T.);
#1575=FACE_BOUND('',#1431,.T.);
#1576=FACE_BOUND('',#1432,.T.);
#1577=FACE_BOUND('',#1433,.T.);
#1578=FACE_BOUND('',#1434,.T.);
#1579=FACE_BOUND('',#1435,.T.);
#1580=FACE_BOUND('',#1436,.T.);
#1581=FACE_BOUND('',#1437,.T.);
#1582=FACE_BOUND('',#1438,.T.);
#1583=FACE_BOUND('',#1439,.T.);
#1584=FACE_BOUND('',#1440,.T.);
#1585=FACE_BOUND('',#1441,.T.);
#1586=FACE_BOUND('',#1442,.T.);
#1587=FACE_BOUND('',#1443,.T.);
#1588=FACE_BOUND('',#1444,.T.);
#1589=FACE_BOUND('',#1445,.T.);
#1590=FACE_BOUND('',#1446,.T.);
#1591=FACE_BOUND('',#1447,.T.);
#1592=FACE_BOUND('',#1448,.T.);
#1593=FACE_BOUND('',#1449,.T.);
#1594=FACE_BOUND('',#1450,.T.);
#1595=FACE_BOUND('',#1451,.T.);
#1596=FACE_BOUND('',#1452,.T.);
#1597=FACE_BOUND('',#1453,.T.);
#1598=FACE_BOUND('',#1454,.T.);
#1599=FACE_BOUND('',#1455,.T.);
#1600=FACE_BOUND('',#1456,.T.);
#1601=FACE_BOUND('',#1457,.T.);
#1602=FACE_BOUND('',#1458,.T.);
#1603=FACE_BOUND('',#1459,.T.);
#1604=FACE_BOUND('',#1460,.T.);
#1605=FACE_BOUND('',#1461,.T.);
#1606=FACE_BOUND('',#1462,.T.);
#1607=FACE_BOUND('',#1463,.T.);
#1608=FACE_BOUND('',#1464,.T.);
#1609=FACE_BOUND('',#1465,.T.);
#1610=FACE_BOUND('',#1466,.T.);
#1611=FACE_BOUND('',#1467,.T.);
#1612=FACE_BOUND('',#1468,.T.);
#1613=FACE_BOUND('',#1469,.T.);
#1614=FACE_BOUND('',#1470,.T.);
#1615=FACE_BOUND('',#1471,.T.);
#1616=FACE_BOUND('',#1472,.T.);
#1617=FACE_BOUND('',#1473,.T.);
#1618=FACE_BOUND('',#1474,.T.);
#1619=FACE_BOUND('',#1475,.T.);
#1620=FACE_BOUND('',#1476,.T.);
#1621=FACE_BOUND('',#1477,.T.);
#1622=FACE_BOUND('',#1478,.T.);
#1623=FACE_BOUND('',#1479,.T.);
#1624=FACE_BOUND('',#1480,.T.);
#1625=FACE_BOUND('',#1481,.T.);
#1626=FACE_BOUND('',#1482,.T.);
#1627=FACE_BOUND('',#1483,.T.);
#1628=FACE_BOUND('',#1484,.T.);
#1629=FACE_BOUND('',#1485,.T.);
#1630=FACE_BOUND('',#1486,.T.);
#1631=FACE_BOUND('',#1487,.T.);
#1632=FACE_BOUND('',#1488,.T.);
#1633=FACE_BOUND('',#1489,.T.);
#1634=FACE_BOUND('',#1490,.T.);
#1635=FACE_BOUND('',#1491,.T.);
#1636=FACE_BOUND('',#1492,.T.);
#1637=FACE_BOUND('',#1493,.T.);
#1638=FACE_BOUND('',#1494,.T.);
#1639=FACE_BOUND('',#1495,.T.);
#1640=PLANE('',#1909);
#1641=PLANE('',#1910);
#1642=PLANE('',#1911);
#1643=PLANE('',#1912);
#1644=PLANE('',#1913);
#1645=PLANE('',#1914);
#1646=PLANE('',#1915);
#1647=PLANE('',#1922);
#1648=PLANE('',#1923);
#1649=PLANE('',#1924);
#1650=PLANE('',#1926);
#1651=PLANE('',#1927);
#1652=PLANE('',#1928);
#1653=PLANE('',#1932);
#1654=PLANE('',#1933);
#1655=PLANE('',#1934);
#1656=PLANE('',#1936);
#1657=PLANE('',#1937);
#1658=PLANE('',#1938);
#1659=PLANE('',#1939);
#1660=PLANE('',#1942);
#1661=PLANE('',#1946);
#1662=PLANE('',#1950);
#1663=PLANE('',#1956);
#1664=PLANE('',#1960);
#1665=PLANE('',#1963);
#1666=PLANE('',#1964);
#1667=PLANE('',#1965);
#1668=PLANE('',#1966);
#1669=PLANE('',#1967);
#1670=PLANE('',#1969);
#1671=PLANE('',#1970);
#1672=PLANE('',#1971);
#1673=PLANE('',#1972);
#1674=PLANE('',#1976);
#1675=PLANE('',#1977);
#1676=PLANE('',#1979);
#1677=PLANE('',#1980);
#1678=PLANE('',#1981);
#1679=PLANE('',#1982);
#1680=PLANE('',#1983);
#1681=PLANE('',#1984);
#1682=PLANE('',#1985);
#1683=PLANE('',#1986);
#1684=PLANE('',#1987);
#1685=PLANE('',#1988);
#1686=PLANE('',#1989);
#1687=PLANE('',#1990);
#1688=PLANE('',#1991);
#1689=PLANE('',#1992);
#1690=PLANE('',#1993);
#1691=PLANE('',#1994);
#1692=PLANE('',#1995);
#1693=PLANE('',#1996);
#1694=PLANE('',#1997);
#1695=PLANE('',#1998);
#1696=PLANE('',#1999);
#1697=PLANE('',#2000);
#1698=PLANE('',#2002);
#1699=PLANE('',#2003);
#1700=PLANE('',#2004);
#1701=PLANE('',#2008);
#1702=PLANE('',#2009);
#1703=PLANE('',#2010);
#1704=PLANE('',#2012);
#1705=PLANE('',#2016);
#1706=PLANE('',#2020);
#1707=PLANE('',#2024);
#1708=PLANE('',#2025);
#1709=PLANE('',#2026);
#1710=PLANE('',#2027);
#1711=PLANE('',#2034);
#1712=PLANE('',#2038);
#1713=PLANE('',#2039);
#1714=PLANE('',#2041);
#1715=PLANE('',#2042);
#1716=PLANE('',#2043);
#1717=PLANE('',#2044);
#1718=PLANE('',#2048);
#1719=PLANE('',#2049);
#1720=ADVANCED_FACE('Face appearance 1',(#1496),#1640,.T.);
#1721=ADVANCED_FACE('Face appearance 1',(#1497),#1641,.T.);
#1722=ADVANCED_FACE('Face appearance 1',(#1498),#1642,.F.);
#1723=ADVANCED_FACE('Face appearance 1',(#1499),#1643,.T.);
#1724=ADVANCED_FACE('Face appearance 1',(#1500),#1644,.F.);
#1725=ADVANCED_FACE('Face appearance 1',(#1501),#1645,.F.);
#1726=ADVANCED_FACE('Face appearance 1',(#1502),#1646,.T.);
#1727=ADVANCED_FACE('Face appearance 1',(#1503,#1504),#62,.F.);
#1728=ADVANCED_FACE('Face appearance 1',(#1505,#1506),#63,.F.);
#1729=ADVANCED_FACE('Face appearance 1',(#1507),#1647,.F.);
#1730=ADVANCED_FACE('Face appearance 1',(#1508,#1509,#1510,#1511),#1648,.T.);
#1731=ADVANCED_FACE('Face appearance 1',(#1512,#1513,#1514,#1515),#1649,.F.);
#1732=ADVANCED_FACE('',(#1516),#1650,.T.);
#1733=ADVANCED_FACE('',(#1517),#1651,.F.);
#1734=ADVANCED_FACE('',(#1518),#1652,.F.);
#1735=ADVANCED_FACE('',(#1519,#1520),#64,.F.);
#1736=ADVANCED_FACE('',(#1521),#1653,.T.);
#1737=ADVANCED_FACE('',(#1522,#1523),#1654,.T.);
#1738=ADVANCED_FACE('',(#1524,#1525),#1655,.F.);
#1739=ADVANCED_FACE('',(#1526),#1656,.F.);
#1740=ADVANCED_FACE('',(#1527),#1657,.T.);
#1741=ADVANCED_FACE('',(#1528),#1658,.T.);
#1742=ADVANCED_FACE('',(#1529,#1530,#1531,#1532),#1659,.F.);
#1743=ADVANCED_FACE('',(#1533),#1660,.F.);
#1744=ADVANCED_FACE('',(#1534),#65,.T.);
#1745=ADVANCED_FACE('',(#1535),#1661,.T.);
#1746=ADVANCED_FACE('',(#1536),#66,.T.);
#1747=ADVANCED_FACE('',(#1537,#1538,#1539,#1540),#1662,.T.);
#1748=ADVANCED_FACE('',(#1541),#67,.T.);
#1749=ADVANCED_FACE('',(#1542),#1663,.F.);
#1750=ADVANCED_FACE('',(#1543),#68,.T.);
#1751=ADVANCED_FACE('',(#1544,#1545),#1664,.F.);
#1752=ADVANCED_FACE('',(#1546,#1547),#69,.F.);
#1753=ADVANCED_FACE('',(#1548,#1549),#70,.F.);
#1754=ADVANCED_FACE('',(#1550),#1665,.F.);
#1755=ADVANCED_FACE('',(#1551),#1666,.F.);
#1756=ADVANCED_FACE('',(#1552),#1667,.T.);
#1757=ADVANCED_FACE('',(#1553),#1668,.T.);
#1758=ADVANCED_FACE('',(#1554,#1555),#1669,.T.);
#1759=ADVANCED_FACE('',(#1556),#1670,.T.);
#1760=ADVANCED_FACE('',(#1557),#1671,.F.);
#1761=ADVANCED_FACE('',(#1558),#1672,.F.);
#1762=ADVANCED_FACE('',(#1559),#1673,.T.);
#1763=ADVANCED_FACE('',(#1560,#1561),#71,.F.);
#1764=ADVANCED_FACE('',(#1562,#1563),#1674,.T.);
#1765=ADVANCED_FACE('',(#1564,#1565),#1675,.F.);
#1766=ADVANCED_FACE('',(#1566),#1676,.F.);
#1767=ADVANCED_FACE('',(#1567),#1677,.F.);
#1768=ADVANCED_FACE('',(#1568),#1678,.F.);
#1769=ADVANCED_FACE('',(#1569),#1679,.F.);
#1770=ADVANCED_FACE('',(#1570),#1680,.F.);
#1771=ADVANCED_FACE('',(#1571,#1572,#1573,#1574,#1575),#1681,.F.);
#1772=ADVANCED_FACE('',(#1576),#1682,.F.);
#1773=ADVANCED_FACE('',(#1577),#1683,.T.);
#1774=ADVANCED_FACE('',(#1578),#1684,.T.);
#1775=ADVANCED_FACE('',(#1579),#1685,.F.);
#1776=ADVANCED_FACE('',(#1580),#1686,.T.);
#1777=ADVANCED_FACE('',(#1581),#1687,.T.);
#1778=ADVANCED_FACE('',(#1582),#1688,.F.);
#1779=ADVANCED_FACE('',(#1583),#1689,.T.);
#1780=ADVANCED_FACE('',(#1584),#1690,.T.);
#1781=ADVANCED_FACE('',(#1585),#1691,.F.);
#1782=ADVANCED_FACE('',(#1586),#1692,.T.);
#1783=ADVANCED_FACE('',(#1587),#1693,.T.);
#1784=ADVANCED_FACE('',(#1588),#1694,.F.);
#1785=ADVANCED_FACE('',(#1589),#1695,.T.);
#1786=ADVANCED_FACE('',(#1590),#1696,.T.);
#1787=ADVANCED_FACE('',(#1591,#1592,#1593,#1594,#1595),#1697,.T.);
#1788=ADVANCED_FACE('',(#1596),#1698,.T.);
#1789=ADVANCED_FACE('',(#1597),#1699,.F.);
#1790=ADVANCED_FACE('',(#1598),#1700,.F.);
#1791=ADVANCED_FACE('',(#1599,#1600),#72,.F.);
#1792=ADVANCED_FACE('',(#1601),#1701,.T.);
#1793=ADVANCED_FACE('',(#1602,#1603),#1702,.T.);
#1794=ADVANCED_FACE('',(#1604,#1605),#1703,.F.);
#1795=ADVANCED_FACE('',(#1606),#1704,.F.);
#1796=ADVANCED_FACE('',(#1607),#73,.T.);
#1797=ADVANCED_FACE('',(#1608),#1705,.T.);
#1798=ADVANCED_FACE('',(#1609),#74,.T.);
#1799=ADVANCED_FACE('',(#1610),#1706,.T.);
#1800=ADVANCED_FACE('',(#1611),#75,.T.);
#1801=ADVANCED_FACE('',(#1612),#1707,.F.);
#1802=ADVANCED_FACE('',(#1613),#1708,.T.);
#1803=ADVANCED_FACE('',(#1614),#1709,.F.);
#1804=ADVANCED_FACE('',(#1615),#1710,.F.);
#1805=ADVANCED_FACE('',(#1616,#1617),#76,.F.);
#1806=ADVANCED_FACE('',(#1618),#77,.T.);
#1807=ADVANCED_FACE('',(#1619),#1711,.T.);
#1808=ADVANCED_FACE('',(#1620,#1621),#78,.F.);
#1809=ADVANCED_FACE('',(#1622,#1623,#1624,#1625),#1712,.T.);
#1810=ADVANCED_FACE('',(#1626,#1627,#1628,#1629),#1713,.F.);
#1811=ADVANCED_FACE('',(#1630),#1714,.F.);
#1812=ADVANCED_FACE('',(#1631),#1715,.F.);
#1813=ADVANCED_FACE('',(#1632),#1716,.T.);
#1814=ADVANCED_FACE('',(#1633),#1717,.T.);
#1815=ADVANCED_FACE('',(#1634,#1635),#79,.F.);
#1816=ADVANCED_FACE('',(#1636,#1637),#1718,.T.);
#1817=ADVANCED_FACE('',(#1638,#1639),#1719,.F.);
#1818=CLOSED_SHELL('',(#1720,#1721,#1722,#1723,#1724,#1725,#1726,#1727,#1728,#1729,#1730,#1731));
#1819=CLOSED_SHELL('',(#1732,#1733,#1734,#1735,#1736,#1737,#1738));
#1820=CLOSED_SHELL('',(#1739,#1740,#1741,#1742,#1743,#1744,#1745,#1746,#1747,#1748,#1749,#1750,#1751,#1752,#1753,#1754,#1755,#1756,#1757,#1758));
#1821=CLOSED_SHELL('',(#1759,#1760,#1761,#1762,#1763,#1764,#1765));
#1822=CLOSED_SHELL('',(#1766,#1767,#1768,#1769,#1770,#1771,#1772,#1773,#1774,#1775,#1776,#1777,#1778,#1779,#1780,#1781,#1782,#1783,#1784,#1785,#1786,#1787));
#1823=CLOSED_SHELL('',(#1788,#1789,#1790,#1791,#1792,#1793,#1794));
#1824=CLOSED_SHELL('',(#1795,#1796,#1797,#1798,#1799,#1800,#1801,#1802,#1803,#1804,#1805,#1806,#1807,#1808,#1809,#1810));
#1825=CLOSED_SHELL('',(#1811,#1812,#1813,#1814,#1815,#1816,#1817));
#1826=STYLED_ITEM('',(#1834),#1884);
#1827=STYLED_ITEM('',(#1835),#1885);
#1828=STYLED_ITEM('',(#1836),#1886);
#1829=STYLED_ITEM('',(#1837),#1887);
#1830=STYLED_ITEM('',(#1838),#1888);
#1831=STYLED_ITEM('',(#1839),#1889);
#1832=STYLED_ITEM('',(#1840),#1890);
#1833=STYLED_ITEM('',(#1841),#1891);
#1834=PRESENTATION_STYLE_ASSIGNMENT((#1842));
#1835=PRESENTATION_STYLE_ASSIGNMENT((#1843));
#1836=PRESENTATION_STYLE_ASSIGNMENT((#1844));
#1837=PRESENTATION_STYLE_ASSIGNMENT((#1845));
#1838=PRESENTATION_STYLE_ASSIGNMENT((#1846));
#1839=PRESENTATION_STYLE_ASSIGNMENT((#1847));
#1840=PRESENTATION_STYLE_ASSIGNMENT((#1848));
#1841=PRESENTATION_STYLE_ASSIGNMENT((#1849));
#1842=SURFACE_STYLE_USAGE(.BOTH.,#1850);
#1843=SURFACE_STYLE_USAGE(.BOTH.,#1851);
#1844=SURFACE_STYLE_USAGE(.BOTH.,#1852);
#1845=SURFACE_STYLE_USAGE(.BOTH.,#1853);
#1846=SURFACE_STYLE_USAGE(.BOTH.,#1854);
#1847=SURFACE_STYLE_USAGE(.BOTH.,#1855);
#1848=SURFACE_STYLE_USAGE(.BOTH.,#1856);
#1849=SURFACE_STYLE_USAGE(.BOTH.,#1857);
#1850=SURFACE_SIDE_STYLE('',(#1858));
#1851=SURFACE_SIDE_STYLE('',(#1859));
#1852=SURFACE_SIDE_STYLE('',(#1860));
#1853=SURFACE_SIDE_STYLE('',(#1861));
#1854=SURFACE_SIDE_STYLE('',(#1862));
#1855=SURFACE_SIDE_STYLE('',(#1863));
#1856=SURFACE_SIDE_STYLE('',(#1864));
#1857=SURFACE_SIDE_STYLE('',(#1865));
#1858=SURFACE_STYLE_FILL_AREA(#1866);
#1859=SURFACE_STYLE_FILL_AREA(#1867);
#1860=SURFACE_STYLE_FILL_AREA(#1868);
#1861=SURFACE_STYLE_FILL_AREA(#1869);
#1862=SURFACE_STYLE_FILL_AREA(#1870);
#1863=SURFACE_STYLE_FILL_AREA(#1871);
#1864=SURFACE_STYLE_FILL_AREA(#1872);
#1865=SURFACE_STYLE_FILL_AREA(#1873);
#1866=FILL_AREA_STYLE('',(#1874));
#1867=FILL_AREA_STYLE('',(#1875));
#1868=FILL_AREA_STYLE('',(#1876));
#1869=FILL_AREA_STYLE('',(#1877));
#1870=FILL_AREA_STYLE('',(#1878));
#1871=FILL_AREA_STYLE('',(#1879));
#1872=FILL_AREA_STYLE('',(#1880));
#1873=FILL_AREA_STYLE('',(#1881));
#1874=FILL_AREA_STYLE_COLOUR('',#1882);
#1875=FILL_AREA_STYLE_COLOUR('',#1882);
#1876=FILL_AREA_STYLE_COLOUR('',#1882);
#1877=FILL_AREA_STYLE_COLOUR('',#1882);
#1878=FILL_AREA_STYLE_COLOUR('',#1882);
#1879=FILL_AREA_STYLE_COLOUR('',#1882);
#1880=FILL_AREA_STYLE_COLOUR('',#1883);
#1881=FILL_AREA_STYLE_COLOUR('',#1882);
#1882=COLOUR_RGB('',0.972549019607843,0.529411764705882,0.00392156862745098);
#1883=COLOUR_RGB('',0.647058823529412,0.647058823529412,0.647058823529412);
#1884=MANIFOLD_SOLID_BREP('Part 2',#1818);
#1885=MANIFOLD_SOLID_BREP('Part 5',#1819);
#1886=MANIFOLD_SOLID_BREP('Part 1',#1820);
#1887=MANIFOLD_SOLID_BREP('Part 6',#1821);
#1888=MANIFOLD_SOLID_BREP('Part 7',#1822);
#1889=MANIFOLD_SOLID_BREP('Part 3',#1823);
#1890=MANIFOLD_SOLID_BREP('Part 8',#1824);
#1891=MANIFOLD_SOLID_BREP('Part 4',#1825);
#1892=SHAPE_DEFINITION_REPRESENTATION(#3088,#1900);
#1893=SHAPE_DEFINITION_REPRESENTATION(#3089,#1901);
#1894=SHAPE_DEFINITION_REPRESENTATION(#3090,#1902);
#1895=SHAPE_DEFINITION_REPRESENTATION(#3091,#1903);
#1896=SHAPE_DEFINITION_REPRESENTATION(#3092,#1904);
#1897=SHAPE_DEFINITION_REPRESENTATION(#3093,#1905);
#1898=SHAPE_DEFINITION_REPRESENTATION(#3094,#1906);
#1899=SHAPE_DEFINITION_REPRESENTATION(#3095,#1907);
#1900=SHAPE_REPRESENTATION('Part 2',(#1908),#3048);
#1901=SHAPE_REPRESENTATION('Part 5',(#1925),#3049);
#1902=SHAPE_REPRESENTATION('Part 1',(#1935),#3050);
#1903=SHAPE_REPRESENTATION('Part 6',(#1968),#3051);
#1904=SHAPE_REPRESENTATION('Part 7',(#1978),#3052);
#1905=SHAPE_REPRESENTATION('Part 3',(#2001),#3053);
#1906=SHAPE_REPRESENTATION('Part 8',(#2011),#3054);
#1907=SHAPE_REPRESENTATION('Part 4',(#2040),#3055);
#1908=AXIS2_PLACEMENT_3D('',#2534,#2050,#2051);
#1909=AXIS2_PLACEMENT_3D('',#2535,#2052,#2053);
#1910=AXIS2_PLACEMENT_3D('',#2544,#2058,#2059);
#1911=AXIS2_PLACEMENT_3D('',#2550,#2063,#2064);
#1912=AXIS2_PLACEMENT_3D('',#2556,#2068,#2069);
#1913=AXIS2_PLACEMENT_3D('',#2565,#2074,#2075);
#1914=AXIS2_PLACEMENT_3D('',#2571,#2079,#2080);
#1915=AXIS2_PLACEMENT_3D('',#2577,#2084,#2085);
#1916=AXIS2_PLACEMENT_3D('',#2580,#2088,#2089);
#1917=AXIS2_PLACEMENT_3D('',#2581,#2090,#2091);
#1918=AXIS2_PLACEMENT_3D('',#2583,#2092,#2093);
#1919=AXIS2_PLACEMENT_3D('',#2585,#2094,#2095);
#1920=AXIS2_PLACEMENT_3D('',#2586,#2096,#2097);
#1921=AXIS2_PLACEMENT_3D('',#2588,#2098,#2099);
#1922=AXIS2_PLACEMENT_3D('',#2590,#2100,#2101);
#1923=AXIS2_PLACEMENT_3D('',#2593,#2104,#2105);
#1924=AXIS2_PLACEMENT_3D('',#2594,#2106,#2107);
#1925=AXIS2_PLACEMENT_3D('',#2595,#2108,#2109);
#1926=AXIS2_PLACEMENT_3D('',#2596,#2110,#2111);
#1927=AXIS2_PLACEMENT_3D('',#2605,#2116,#2117);
#1928=AXIS2_PLACEMENT_3D('',#2611,#2121,#2122);
#1929=AXIS2_PLACEMENT_3D('',#2617,#2126,#2127);
#1930=AXIS2_PLACEMENT_3D('',#2618,#2128,#2129);
#1931=AXIS2_PLACEMENT_3D('',#2620,#2130,#2131);
#1932=AXIS2_PLACEMENT_3D('',#2622,#2132,#2133);
#1933=AXIS2_PLACEMENT_3D('',#2625,#2136,#2137);
#1934=AXIS2_PLACEMENT_3D('',#2626,#2138,#2139);
#1935=AXIS2_PLACEMENT_3D('',#2627,#2140,#2141);
#1936=AXIS2_PLACEMENT_3D('',#2628,#2142,#2143);
#1937=AXIS2_PLACEMENT_3D('',#2637,#2148,#2149);
#1938=AXIS2_PLACEMENT_3D('',#2643,#2153,#2154);
#1939=AXIS2_PLACEMENT_3D('',#2649,#2158,#2159);
#1940=AXIS2_PLACEMENT_3D('',#2658,#2164,#2165);
#1941=AXIS2_PLACEMENT_3D('',#2660,#2166,#2167);
#1942=AXIS2_PLACEMENT_3D('',#2664,#2170,#2171);
#1943=AXIS2_PLACEMENT_3D('',#2673,#2176,#2177);
#1944=AXIS2_PLACEMENT_3D('',#2674,#2178,#2179);
#1945=AXIS2_PLACEMENT_3D('',#2676,#2180,#2181);
#1946=AXIS2_PLACEMENT_3D('',#2679,#2183,#2184);
#1947=AXIS2_PLACEMENT_3D('',#2685,#2188,#2189);
#1948=AXIS2_PLACEMENT_3D('',#2686,#2190,#2191);
#1949=AXIS2_PLACEMENT_3D('',#2688,#2192,#2193);
#1950=AXIS2_PLACEMENT_3D('',#2691,#2195,#2196);
#1951=AXIS2_PLACEMENT_3D('',#2705,#2204,#2205);
#1952=AXIS2_PLACEMENT_3D('',#2707,#2206,#2207);
#1953=AXIS2_PLACEMENT_3D('',#2709,#2208,#2209);
#1954=AXIS2_PLACEMENT_3D('',#2710,#2210,#2211);
#1955=AXIS2_PLACEMENT_3D('',#2712,#2212,#2213);
#1956=AXIS2_PLACEMENT_3D('',#2715,#2215,#2216);
#1957=AXIS2_PLACEMENT_3D('',#2721,#2220,#2221);
#1958=AXIS2_PLACEMENT_3D('',#2722,#2222,#2223);
#1959=AXIS2_PLACEMENT_3D('',#2723,#2224,#2225);
#1960=AXIS2_PLACEMENT_3D('',#2724,#2226,#2227);
#1961=AXIS2_PLACEMENT_3D('',#2725,#2228,#2229);
#1962=AXIS2_PLACEMENT_3D('',#2726,#2230,#2231);
#1963=AXIS2_PLACEMENT_3D('',#2727,#2232,#2233);
#1964=AXIS2_PLACEMENT_3D('',#2730,#2236,#2237);
#1965=AXIS2_PLACEMENT_3D('',#2732,#2239,#2240);
#1966=AXIS2_PLACEMENT_3D('',#2734,#2242,#2243);
#1967=AXIS2_PLACEMENT_3D('',#2735,#2244,#2245);
#1968=AXIS2_PLACEMENT_3D('',#2736,#2246,#2247);
#1969=AXIS2_PLACEMENT_3D('',#2737,#2248,#2249);
#1970=AXIS2_PLACEMENT_3D('',#2746,#2254,#2255);
#1971=AXIS2_PLACEMENT_3D('',#2752,#2259,#2260);
#1972=AXIS2_PLACEMENT_3D('',#2758,#2264,#2265);
#1973=AXIS2_PLACEMENT_3D('',#2761,#2268,#2269);
#1974=AXIS2_PLACEMENT_3D('',#2762,#2270,#2271);
#1975=AXIS2_PLACEMENT_3D('',#2764,#2272,#2273);
#1976=AXIS2_PLACEMENT_3D('',#2766,#2274,#2275);
#1977=AXIS2_PLACEMENT_3D('',#2767,#2276,#2277);
#1978=AXIS2_PLACEMENT_3D('',#2768,#2278,#2279);
#1979=AXIS2_PLACEMENT_3D('',#2769,#2280,#2281);
#1980=AXIS2_PLACEMENT_3D('',#2778,#2286,#2287);
#1981=AXIS2_PLACEMENT_3D('',#2787,#2292,#2293);
#1982=AXIS2_PLACEMENT_3D('',#2796,#2298,#2299);
#1983=AXIS2_PLACEMENT_3D('',#2805,#2304,#2305);
#1984=AXIS2_PLACEMENT_3D('',#2814,#2310,#2311);
#1985=AXIS2_PLACEMENT_3D('',#2840,#2327,#2328);
#1986=AXIS2_PLACEMENT_3D('',#2844,#2331,#2332);
#1987=AXIS2_PLACEMENT_3D('',#2848,#2335,#2336);
#1988=AXIS2_PLACEMENT_3D('',#2850,#2338,#2339);
#1989=AXIS2_PLACEMENT_3D('',#2854,#2342,#2343);
#1990=AXIS2_PLACEMENT_3D('',#2858,#2346,#2347);
#1991=AXIS2_PLACEMENT_3D('',#2860,#2349,#2350);
#1992=AXIS2_PLACEMENT_3D('',#2864,#2353,#2354);
#1993=AXIS2_PLACEMENT_3D('',#2868,#2357,#2358);
#1994=AXIS2_PLACEMENT_3D('',#2870,#2360,#2361);
#1995=AXIS2_PLACEMENT_3D('',#2874,#2364,#2365);
#1996=AXIS2_PLACEMENT_3D('',#2878,#2368,#2369);
#1997=AXIS2_PLACEMENT_3D('',#2880,#2371,#2372);
#1998=AXIS2_PLACEMENT_3D('',#2884,#2375,#2376);
#1999=AXIS2_PLACEMENT_3D('',#2888,#2379,#2380);
#2000=AXIS2_PLACEMENT_3D('',#2890,#2382,#2383);
#2001=AXIS2_PLACEMENT_3D('',#2891,#2384,#2385);
#2002=AXIS2_PLACEMENT_3D('',#2892,#2386,#2387);
#2003=AXIS2_PLACEMENT_3D('',#2901,#2392,#2393);
#2004=AXIS2_PLACEMENT_3D('',#2907,#2397,#2398);
#2005=AXIS2_PLACEMENT_3D('',#2913,#2402,#2403);
#2006=AXIS2_PLACEMENT_3D('',#2914,#2404,#2405);
#2007=AXIS2_PLACEMENT_3D('',#2916,#2406,#2407);
#2008=AXIS2_PLACEMENT_3D('',#2918,#2408,#2409);
#2009=AXIS2_PLACEMENT_3D('',#2921,#2412,#2413);
#2010=AXIS2_PLACEMENT_3D('',#2922,#2414,#2415);
#2011=AXIS2_PLACEMENT_3D('',#2923,#2416,#2417);
#2012=AXIS2_PLACEMENT_3D('',#2924,#2418,#2419);
#2013=AXIS2_PLACEMENT_3D('',#2933,#2424,#2425);
#2014=AXIS2_PLACEMENT_3D('',#2934,#2426,#2427);
#2015=AXIS2_PLACEMENT_3D('',#2938,#2429,#2430);
#2016=AXIS2_PLACEMENT_3D('',#2939,#2431,#2432);
#2017=AXIS2_PLACEMENT_3D('',#2945,#2436,#2437);
#2018=AXIS2_PLACEMENT_3D('',#2946,#2438,#2439);
#2019=AXIS2_PLACEMENT_3D('',#2950,#2441,#2442);
#2020=AXIS2_PLACEMENT_3D('',#2951,#2443,#2444);
#2021=AXIS2_PLACEMENT_3D('',#2957,#2448,#2449);
#2022=AXIS2_PLACEMENT_3D('',#2958,#2450,#2451);
#2023=AXIS2_PLACEMENT_3D('',#2962,#2453,#2454);
#2024=AXIS2_PLACEMENT_3D('',#2963,#2455,#2456);
#2025=AXIS2_PLACEMENT_3D('',#2969,#2460,#2461);
#2026=AXIS2_PLACEMENT_3D('',#2978,#2466,#2467);
#2027=AXIS2_PLACEMENT_3D('',#2984,#2471,#2472);
#2028=AXIS2_PLACEMENT_3D('',#2990,#2476,#2477);
#2029=AXIS2_PLACEMENT_3D('',#2991,#2478,#2479);
#2030=AXIS2_PLACEMENT_3D('',#2993,#2480,#2481);
#2031=AXIS2_PLACEMENT_3D('',#2995,#2482,#2483);
#2032=AXIS2_PLACEMENT_3D('',#2996,#2484,#2485);
#2033=AXIS2_PLACEMENT_3D('',#2997,#2486,#2487);
#2034=AXIS2_PLACEMENT_3D('',#2998,#2488,#2489);
#2035=AXIS2_PLACEMENT_3D('',#3001,#2492,#2493);
#2036=AXIS2_PLACEMENT_3D('',#3002,#2494,#2495);
#2037=AXIS2_PLACEMENT_3D('',#3004,#2496,#2497);
#2038=AXIS2_PLACEMENT_3D('',#3006,#2498,#2499);
#2039=AXIS2_PLACEMENT_3D('',#3007,#2500,#2501);
#2040=AXIS2_PLACEMENT_3D('',#3008,#2502,#2503);
#2041=AXIS2_PLACEMENT_3D('',#3009,#2504,#2505);
#2042=AXIS2_PLACEMENT_3D('',#3018,#2510,#2511);
#2043=AXIS2_PLACEMENT_3D('',#3024,#2515,#2516);
#2044=AXIS2_PLACEMENT_3D('',#3030,#2520,#2521);
#2045=AXIS2_PLACEMENT_3D('',#3033,#2524,#2525);
#2046=AXIS2_PLACEMENT_3D('',#3034,#2526,#2527);
#2047=AXIS2_PLACEMENT_3D('',#3036,#2528,#2529);
#2048=AXIS2_PLACEMENT_3D('',#3038,#2530,#2531);
#2049=AXIS2_PLACEMENT_3D('',#3039,#2532,#2533);
#2050=DIRECTION('',(0.,0.,1.));
#2051=DIRECTION('',(1.,0.,0.));
#2052=DIRECTION('',(0.,3.05311331771918E-16,-1.));
#2053=DIRECTION('',(0.,1.,3.05311331771918E-16));
#2054=DIRECTION('',(0.,1.,3.05311331771918E-16));
#2055=DIRECTION('',(1.,0.,0.));
#2056=DIRECTION('',(0.,1.,3.05311331771918E-16));
#2057=DIRECTION('',(1.,0.,0.));
#2058=DIRECTION('',(-1.,0.,0.));
#2059=DIRECTION('',(0.,0.,1.));
#2060=DIRECTION('',(0.,-3.05311331771918E-16,1.));
#2061=DIRECTION('',(0.,1.,3.05311331771918E-16));
#2062=DIRECTION('',(0.,-3.05311331771918E-16,1.));
#2063=DIRECTION('',(0.,3.05311331771918E-16,-1.));
#2064=DIRECTION('',(0.,1.,3.05311331771918E-16));
#2065=DIRECTION('',(1.,0.,0.));
#2066=DIRECTION('',(0.,1.,3.05311331771918E-16));
#2067=DIRECTION('',(1.,0.,0.));
#2068=DIRECTION('',(0.,-3.05311331771918E-16,1.));
#2069=DIRECTION('',(0.,-1.,-3.05311331771918E-16));
#2070=DIRECTION('',(1.,0.,0.));
#2071=DIRECTION('',(0.,1.,3.05311331771918E-16));
#2072=DIRECTION('',(1.,0.,0.));
#2073=DIRECTION('',(0.,1.,3.05311331771918E-16));
#2074=DIRECTION('',(1.,0.,0.));
#2075=DIRECTION('',(0.,0.,-1.));
#2076=DIRECTION('',(0.,-3.05311331771918E-16,1.));
#2077=DIRECTION('',(0.,1.,3.05311331771918E-16));
#2078=DIRECTION('',(0.,-3.05311331771918E-16,1.));
#2079=DIRECTION('',(0.,-3.05311331771918E-16,1.));
#2080=DIRECTION('',(0.,-1.,-3.05311331771918E-16));
#2081=DIRECTION('',(1.,0.,0.));
#2082=DIRECTION('',(0.,1.,3.05311331771918E-16));
#2083=DIRECTION('',(1.,0.,0.));
#2084=DIRECTION('',(1.,0.,0.));
#2085=DIRECTION('',(0.,0.,-1.));
#2086=DIRECTION('',(0.,-3.05311331771918E-16,1.));
#2087=DIRECTION('',(0.,-3.05311331771918E-16,1.));
#2088=DIRECTION('',(0.,1.,3.05311331771918E-16));
#2089=DIRECTION('',(0.,-3.05311331771918E-16,1.));
#2090=DIRECTION('',(0.,-1.,-3.05311331771918E-16));
#2091=DIRECTION('',(1.,0.,0.));
#2092=DIRECTION('',(0.,-1.,-3.05311331771918E-16));
#2093=DIRECTION('',(1.,0.,0.));
#2094=DIRECTION('',(0.,1.,3.05311331771918E-16));
#2095=DIRECTION('',(0.,-3.05311331771918E-16,1.));
#2096=DIRECTION('',(0.,-1.,-3.05311331771918E-16));
#2097=DIRECTION('',(1.,0.,0.));
#2098=DIRECTION('',(0.,-1.,-3.05311331771918E-16));
#2099=DIRECTION('',(1.,0.,0.));
#2100=DIRECTION('',(-1.,0.,0.));
#2101=DIRECTION('',(0.,0.,1.));
#2102=DIRECTION('',(0.,-3.05311331771918E-16,1.));
#2103=DIRECTION('',(0.,-3.05311331771918E-16,1.));
#2104=DIRECTION('',(0.,-1.,-3.05311331771918E-16));
#2105=DIRECTION('',(1.,0.,0.));
#2106=DIRECTION('',(0.,-1.,-3.05311331771918E-16));
#2107=DIRECTION('',(1.,0.,0.));
#2108=DIRECTION('',(0.,0.,1.));
#2109=DIRECTION('',(1.,0.,0.));
#2110=DIRECTION('',(0.,1.,0.));
#2111=DIRECTION('',(0.,0.,1.));
#2112=DIRECTION('',(-1.,0.,0.));
#2113=DIRECTION('',(0.,0.,1.));
#2114=DIRECTION('',(-1.,0.,0.));
#2115=DIRECTION('',(0.,0.,1.));
#2116=DIRECTION('',(-1.,0.,0.));
#2117=DIRECTION('',(0.,0.,1.));
#2118=DIRECTION('',(0.,-1.,0.));
#2119=DIRECTION('',(0.,0.,1.));
#2120=DIRECTION('',(0.,-1.,0.));
#2121=DIRECTION('',(1.34671126740983E-16,1.,0.));
#2122=DIRECTION('',(-1.,1.34671126740983E-16,0.));
#2123=DIRECTION('',(-1.,1.34671126740983E-16,0.));
#2124=DIRECTION('',(0.,0.,1.));
#2125=DIRECTION('',(-1.,1.34671126740983E-16,0.));
#2126=DIRECTION('',(0.,0.,1.));
#2127=DIRECTION('',(1.,0.,0.));
#2128=DIRECTION('',(0.,0.,-1.));
#2129=DIRECTION('',(1.,0.,0.));
#2130=DIRECTION('',(0.,0.,-1.));
#2131=DIRECTION('',(1.,0.,0.));
#2132=DIRECTION('',(-1.,0.,0.));
#2133=DIRECTION('',(0.,0.,1.));
#2134=DIRECTION('',(0.,-1.,0.));
#2135=DIRECTION('',(0.,-1.,0.));
#2136=DIRECTION('',(0.,0.,-1.));
#2137=DIRECTION('',(1.,0.,0.));
#2138=DIRECTION('',(0.,0.,-1.));
#2139=DIRECTION('',(1.,0.,0.));
#2140=DIRECTION('',(0.,0.,1.));
#2141=DIRECTION('',(1.,0.,0.));
#2142=DIRECTION('',(-1.,0.,0.));
#2143=DIRECTION('',(0.,0.,1.));
#2144=DIRECTION('',(0.,-1.,0.));
#2145=DIRECTION('',(0.,0.,1.));
#2146=DIRECTION('',(0.,-1.,0.));
#2147=DIRECTION('',(0.,0.,1.));
#2148=DIRECTION('',(0.,-1.,0.));
#2149=DIRECTION('',(0.,0.,-1.));
#2150=DIRECTION('',(0.,0.,1.));
#2151=DIRECTION('',(1.,0.,0.));
#2152=DIRECTION('',(1.,0.,0.));
#2153=DIRECTION('',(-1.,-5.12800512296896E-17,0.));
#2154=DIRECTION('',(5.12800512296896E-17,-1.,0.));
#2155=DIRECTION('',(0.,0.,1.));
#2156=DIRECTION('',(5.12800512296896E-17,-1.,0.));
#2157=DIRECTION('',(5.12800512296896E-17,-1.,0.));
#2158=DIRECTION('',(0.,-1.,0.));
#2159=DIRECTION('',(0.,0.,-1.));
#2160=DIRECTION('',(-1.,0.,0.));
#2161=DIRECTION('',(0.,0.,1.));
#2162=DIRECTION('',(-1.,0.,0.));
#2163=DIRECTION('',(0.,0.,1.));
#2164=DIRECTION('',(0.,-1.,0.));
#2165=DIRECTION('',(0.,0.,-1.));
#2166=DIRECTION('',(0.,-1.,0.));
#2167=DIRECTION('',(0.,0.,-1.));
#2168=DIRECTION('',(1.,0.,0.));
#2169=DIRECTION('',(1.,0.,0.));
#2170=DIRECTION('',(0.,-1.,0.));
#2171=DIRECTION('',(0.,0.,-1.));
#2172=DIRECTION('',(0.,0.,1.));
#2173=DIRECTION('',(1.,0.,0.));
#2174=DIRECTION('',(0.,0.,1.));
#2175=DIRECTION('',(1.,0.,0.));
#2176=DIRECTION('',(0.,0.,1.));
#2177=DIRECTION('',(1.,0.,0.));
#2178=DIRECTION('',(0.,0.,1.));
#2179=DIRECTION('',(0.,1.,0.));
#2180=DIRECTION('',(0.,0.,1.));
#2181=DIRECTION('',(0.,1.,0.));
#2182=DIRECTION('',(0.,0.,1.));
#2183=DIRECTION('',(-1.,0.,0.));
#2184=DIRECTION('',(0.,0.,1.));
#2185=DIRECTION('',(0.,-1.,0.));
#2186=DIRECTION('',(0.,-1.,0.));
#2187=DIRECTION('',(0.,0.,1.));
#2188=DIRECTION('',(0.,0.,1.));
#2189=DIRECTION('',(1.,0.,0.));
#2190=DIRECTION('',(0.,0.,1.));
#2191=DIRECTION('',(-1.,0.,0.));
#2192=DIRECTION('',(0.,0.,1.));
#2193=DIRECTION('',(-1.,0.,0.));
#2194=DIRECTION('',(0.,0.,1.));
#2195=DIRECTION('',(0.,-1.,0.));
#2196=DIRECTION('',(0.,0.,-1.));
#2197=DIRECTION('',(1.,0.,0.));
#2198=DIRECTION('',(1.,0.,0.));
#2199=DIRECTION('',(0.,0.,1.));
#2200=DIRECTION('',(0.,0.,1.));
#2201=DIRECTION('',(-1.,0.,0.));
#2202=DIRECTION('',(0.,0.,1.));
#2203=DIRECTION('',(-1.,0.,0.));
#2204=DIRECTION('',(0.,-1.,0.));
#2205=DIRECTION('',(0.,0.,-1.));
#2206=DIRECTION('',(0.,-1.,0.));
#2207=DIRECTION('',(0.,0.,-1.));
#2208=DIRECTION('',(0.,0.,1.));
#2209=DIRECTION('',(1.,0.,0.));
#2210=DIRECTION('',(0.,0.,1.));
#2211=DIRECTION('',(0.,-1.,0.));
#2212=DIRECTION('',(0.,0.,1.));
#2213=DIRECTION('',(0.,-1.,0.));
#2214=DIRECTION('',(0.,0.,1.));
#2215=DIRECTION('',(-1.,-1.0842021724855E-16,0.));
#2216=DIRECTION('',(1.0842021724855E-16,-1.,0.));
#2217=DIRECTION('',(0.,0.,1.));
#2218=DIRECTION('',(1.0842021724855E-16,-1.,0.));
#2219=DIRECTION('',(1.0842021724855E-16,-1.,0.));
#2220=DIRECTION('',(0.,0.,1.));
#2221=DIRECTION('',(1.,0.,0.));
#2222=DIRECTION('',(0.,0.,1.));
#2223=DIRECTION('',(1.,0.,0.));
#2224=DIRECTION('',(0.,0.,1.));
#2225=DIRECTION('',(1.,0.,0.));
#2226=DIRECTION('',(0.,0.,1.));
#2227=DIRECTION('',(1.,0.,0.));
#2228=DIRECTION('',(0.,-1.,-3.05311331771918E-16));
#2229=DIRECTION('',(0.,3.05311331771918E-16,-1.));
#2230=DIRECTION('',(0.,-1.,-3.05311331771918E-16));
#2231=DIRECTION('',(0.,3.05311331771918E-16,-1.));
#2232=DIRECTION('',(1.,0.,0.));
#2233=DIRECTION('',(0.,0.,-1.));
#2234=DIRECTION('',(0.,-1.,-3.05311331771918E-16));
#2235=DIRECTION('',(0.,-1.,-3.05311331771918E-16));
#2236=DIRECTION('',(0.,-3.05311331771918E-16,1.));
#2237=DIRECTION('',(0.,-1.,-3.05311331771918E-16));
#2238=DIRECTION('',(0.,-1.,-3.05311331771918E-16));
#2239=DIRECTION('',(1.,0.,0.));
#2240=DIRECTION('',(0.,0.,-1.));
#2241=DIRECTION('',(0.,-1.,-3.05311331771918E-16));
#2242=DIRECTION('',(0.,-3.05311331771918E-16,1.));
#2243=DIRECTION('',(0.,-1.,-3.05311331771918E-16));
#2244=DIRECTION('',(0.,0.,1.));
#2245=DIRECTION('',(1.,0.,0.));
#2246=DIRECTION('',(0.,0.,1.));
#2247=DIRECTION('',(1.,0.,0.));
#2248=DIRECTION('',(-1.,0.,0.));
#2249=DIRECTION('',(0.,0.,1.));
#2250=DIRECTION('',(0.,-1.,0.));
#2251=DIRECTION('',(0.,0.,1.));
#2252=DIRECTION('',(0.,-1.,0.));
#2253=DIRECTION('',(0.,0.,1.));
#2254=DIRECTION('',(0.,-1.,0.));
#2255=DIRECTION('',(0.,0.,-1.));
#2256=DIRECTION('',(1.,0.,0.));
#2257=DIRECTION('',(0.,0.,1.));
#2258=DIRECTION('',(1.,0.,0.));
#2259=DIRECTION('',(-1.,0.,0.));
#2260=DIRECTION('',(0.,0.,1.));
#2261=DIRECTION('',(0.,-1.,0.));
#2262=DIRECTION('',(0.,0.,1.));
#2263=DIRECTION('',(0.,-1.,0.));
#2264=DIRECTION('',(0.,-1.,0.));
#2265=DIRECTION('',(0.,0.,-1.));
#2266=DIRECTION('',(1.,0.,0.));
#2267=DIRECTION('',(1.,0.,0.));
#2268=DIRECTION('',(0.,0.,1.));
#2269=DIRECTION('',(1.,0.,0.));
#2270=DIRECTION('',(0.,0.,-1.));
#2271=DIRECTION('',(1.,0.,0.));
#2272=DIRECTION('',(0.,0.,-1.));
#2273=DIRECTION('',(1.,0.,0.));
#2274=DIRECTION('',(0.,0.,-1.));
#2275=DIRECTION('',(1.,0.,0.));
#2276=DIRECTION('',(0.,0.,-1.));
#2277=DIRECTION('',(1.,0.,0.));
#2278=DIRECTION('',(0.,0.,1.));
#2279=DIRECTION('',(1.,0.,0.));
#2280=DIRECTION('',(0.,-1.,0.));
#2281=DIRECTION('',(0.,0.,-1.));
#2282=DIRECTION('',(1.,0.,0.));
#2283=DIRECTION('',(0.,0.,1.));
#2284=DIRECTION('',(1.,0.,0.));
#2285=DIRECTION('',(0.,0.,1.));
#2286=DIRECTION('',(0.,1.,0.));
#2287=DIRECTION('',(0.,0.,1.));
#2288=DIRECTION('',(-1.,0.,0.));
#2289=DIRECTION('',(0.,0.,1.));
#2290=DIRECTION('',(-1.,0.,0.));
#2291=DIRECTION('',(0.,0.,1.));
#2292=DIRECTION('',(0.,1.,0.));
#2293=DIRECTION('',(0.,0.,1.));
#2294=DIRECTION('',(-1.,0.,0.));
#2295=DIRECTION('',(0.,0.,1.));
#2296=DIRECTION('',(-1.,0.,0.));
#2297=DIRECTION('',(0.,0.,1.));
#2298=DIRECTION('',(0.,-1.,0.));
#2299=DIRECTION('',(0.,0.,-1.));
#2300=DIRECTION('',(1.,0.,0.));
#2301=DIRECTION('',(0.,0.,1.));
#2302=DIRECTION('',(1.,0.,0.));
#2303=DIRECTION('',(0.,0.,1.));
#2304=DIRECTION('',(0.,-1.,0.));
#2305=DIRECTION('',(0.,0.,-1.));
#2306=DIRECTION('',(1.,0.,0.));
#2307=DIRECTION('',(0.,0.,1.));
#2308=DIRECTION('',(1.,0.,0.));
#2309=DIRECTION('',(0.,0.,1.));
#2310=DIRECTION('',(0.,0.,-1.));
#2311=DIRECTION('',(1.,0.,0.));
#2312=DIRECTION('',(0.,1.,0.));
#2313=DIRECTION('',(1.,0.,0.));
#2314=DIRECTION('',(0.,1.,0.));
#2315=DIRECTION('',(0.,1.,0.));
#2316=DIRECTION('',(1.,0.,0.));
#2317=DIRECTION('',(0.,1.,0.));
#2318=DIRECTION('',(0.,-1.,0.));
#2319=DIRECTION('',(-1.,0.,0.));
#2320=DIRECTION('',(0.,-1.,0.));
#2321=DIRECTION('',(0.,-1.,0.));
#2322=DIRECTION('',(-1.,0.,0.));
#2323=DIRECTION('',(0.,-1.,0.));
#2324=DIRECTION('',(0.,-1.,0.));
#2325=DIRECTION('',(1.,0.,0.));
#2326=DIRECTION('',(5.12800512296896E-17,-1.,0.));
#2327=DIRECTION('',(-1.,-5.12800512296896E-17,0.));
#2328=DIRECTION('',(5.12800512296896E-17,-1.,0.));
#2329=DIRECTION('',(5.12800512296896E-17,-1.,0.));
#2330=DIRECTION('',(0.,0.,1.));
#2331=DIRECTION('',(-1.,0.,0.));
#2332=DIRECTION('',(0.,0.,1.));
#2333=DIRECTION('',(0.,-1.,0.));
#2334=DIRECTION('',(0.,0.,1.));
#2335=DIRECTION('',(0.,-1.,0.));
#2336=DIRECTION('',(0.,0.,-1.));
#2337=DIRECTION('',(1.,0.,0.));
#2338=DIRECTION('',(1.,0.,0.));
#2339=DIRECTION('',(0.,0.,-1.));
#2340=DIRECTION('',(0.,1.,0.));
#2341=DIRECTION('',(0.,0.,1.));
#2342=DIRECTION('',(1.,0.,0.));
#2343=DIRECTION('',(0.,0.,-1.));
#2344=DIRECTION('',(0.,1.,0.));
#2345=DIRECTION('',(0.,0.,1.));
#2346=DIRECTION('',(0.,-1.,0.));
#2347=DIRECTION('',(0.,0.,-1.));
#2348=DIRECTION('',(1.,0.,0.));
#2349=DIRECTION('',(1.,0.,0.));
#2350=DIRECTION('',(0.,0.,-1.));
#2351=DIRECTION('',(0.,1.,0.));
#2352=DIRECTION('',(0.,0.,1.));
#2353=DIRECTION('',(1.,0.,0.));
#2354=DIRECTION('',(0.,0.,-1.));
#2355=DIRECTION('',(0.,1.,0.));
#2356=DIRECTION('',(0.,0.,1.));
#2357=DIRECTION('',(0.,-1.,0.));
#2358=DIRECTION('',(0.,0.,-1.));
#2359=DIRECTION('',(1.,0.,0.));
#2360=DIRECTION('',(-1.,0.,0.));
#2361=DIRECTION('',(0.,0.,1.));
#2362=DIRECTION('',(0.,-1.,0.));
#2363=DIRECTION('',(0.,0.,1.));
#2364=DIRECTION('',(-1.,0.,0.));
#2365=DIRECTION('',(0.,0.,1.));
#2366=DIRECTION('',(0.,-1.,0.));
#2367=DIRECTION('',(0.,0.,1.));
#2368=DIRECTION('',(0.,1.,0.));
#2369=DIRECTION('',(0.,0.,1.));
#2370=DIRECTION('',(-1.,0.,0.));
#2371=DIRECTION('',(-1.,0.,0.));
#2372=DIRECTION('',(0.,0.,1.));
#2373=DIRECTION('',(0.,-1.,0.));
#2374=DIRECTION('',(0.,0.,1.));
#2375=DIRECTION('',(-1.,0.,0.));
#2376=DIRECTION('',(0.,0.,1.));
#2377=DIRECTION('',(0.,-1.,0.));
#2378=DIRECTION('',(0.,0.,1.));
#2379=DIRECTION('',(0.,1.,0.));
#2380=DIRECTION('',(0.,0.,1.));
#2381=DIRECTION('',(-1.,0.,0.));
#2382=DIRECTION('',(0.,0.,-1.));
#2383=DIRECTION('',(1.,0.,0.));
#2384=DIRECTION('',(0.,0.,1.));
#2385=DIRECTION('',(1.,0.,0.));
#2386=DIRECTION('',(0.,-1.,0.));
#2387=DIRECTION('',(0.,0.,-1.));
#2388=DIRECTION('',(1.,0.,0.));
#2389=DIRECTION('',(0.,0.,1.));
#2390=DIRECTION('',(1.,0.,0.));
#2391=DIRECTION('',(0.,0.,1.));
#2392=DIRECTION('',(1.,0.,0.));
#2393=DIRECTION('',(0.,0.,-1.));
#2394=DIRECTION('',(0.,1.,0.));
#2395=DIRECTION('',(0.,0.,1.));
#2396=DIRECTION('',(0.,1.,0.));
#2397=DIRECTION('',(0.,-1.,0.));
#2398=DIRECTION('',(0.,0.,-1.));
#2399=DIRECTION('',(1.,0.,0.));
#2400=DIRECTION('',(0.,0.,1.));
#2401=DIRECTION('',(1.,0.,0.));
#2402=DIRECTION('',(0.,0.,1.));
#2403=DIRECTION('',(1.,0.,0.));
#2404=DIRECTION('',(0.,0.,-1.));
#2405=DIRECTION('',(1.,0.,0.));
#2406=DIRECTION('',(0.,0.,-1.));
#2407=DIRECTION('',(1.,0.,0.));
#2408=DIRECTION('',(1.,0.,0.));
#2409=DIRECTION('',(0.,0.,-1.));
#2410=DIRECTION('',(0.,1.,0.));
#2411=DIRECTION('',(0.,1.,0.));
#2412=DIRECTION('',(0.,0.,-1.));
#2413=DIRECTION('',(1.,0.,0.));
#2414=DIRECTION('',(0.,0.,-1.));
#2415=DIRECTION('',(1.,0.,0.));
#2416=DIRECTION('',(0.,0.,1.));
#2417=DIRECTION('',(1.,0.,0.));
#2418=DIRECTION('',(0.,1.,0.));
#2419=DIRECTION('',(0.,0.,1.));
#2420=DIRECTION('',(1.,0.,0.));
#2421=DIRECTION('',(0.,0.,-1.));
#2422=DIRECTION('',(1.,0.,0.));
#2423=DIRECTION('',(0.,0.,-1.));
#2424=DIRECTION('',(0.,0.,-1.));
#2425=DIRECTION('',(-1.,0.,0.));
#2426=DIRECTION('',(0.,0.,1.));
#2427=DIRECTION('',(0.,-1.,0.));
#2428=DIRECTION('',(0.,0.,-1.));
#2429=DIRECTION('',(0.,0.,1.));
#2430=DIRECTION('',(0.,-1.,0.));
#2431=DIRECTION('',(1.,1.0842021724855E-16,0.));
#2432=DIRECTION('',(-1.0842021724855E-16,1.,0.));
#2433=DIRECTION('',(1.0842021724855E-16,-1.,0.));
#2434=DIRECTION('',(0.,0.,-1.));
#2435=DIRECTION('',(1.0842021724855E-16,-1.,0.));
#2436=DIRECTION('',(0.,0.,-1.));
#2437=DIRECTION('',(-1.,0.,0.));
#2438=DIRECTION('',(0.,0.,1.));
#2439=DIRECTION('',(1.,0.,0.));
#2440=DIRECTION('',(0.,0.,-1.));
#2441=DIRECTION('',(0.,0.,1.));
#2442=DIRECTION('',(1.,0.,0.));
#2443=DIRECTION('',(0.,1.,0.));
#2444=DIRECTION('',(0.,0.,1.));
#2445=DIRECTION('',(1.,0.,0.));
#2446=DIRECTION('',(0.,0.,-1.));
#2447=DIRECTION('',(1.,0.,0.));
#2448=DIRECTION('',(0.,0.,-1.));
#2449=DIRECTION('',(-1.,0.,0.));
#2450=DIRECTION('',(0.,0.,1.));
#2451=DIRECTION('',(0.,1.,0.));
#2452=DIRECTION('',(0.,0.,-1.));
#2453=DIRECTION('',(0.,0.,1.));
#2454=DIRECTION('',(0.,1.,0.));
#2455=DIRECTION('',(1.,0.,0.));
#2456=DIRECTION('',(0.,0.,-1.));
#2457=DIRECTION('',(0.,-1.,0.));
#2458=DIRECTION('',(0.,0.,-1.));
#2459=DIRECTION('',(0.,-1.,0.));
#2460=DIRECTION('',(0.,1.,0.));
#2461=DIRECTION('',(0.,0.,1.));
#2462=DIRECTION('',(1.,0.,0.));
#2463=DIRECTION('',(0.,0.,-1.));
#2464=DIRECTION('',(1.,0.,0.));
#2465=DIRECTION('',(0.,0.,-1.));
#2466=DIRECTION('',(-1.,0.,0.));
#2467=DIRECTION('',(0.,0.,1.));
#2468=DIRECTION('',(0.,1.,0.));
#2469=DIRECTION('',(0.,0.,-1.));
#2470=DIRECTION('',(0.,1.,0.));
#2471=DIRECTION('',(0.,1.,0.));
#2472=DIRECTION('',(0.,0.,1.));
#2473=DIRECTION('',(1.,0.,0.));
#2474=DIRECTION('',(0.,0.,-1.));
#2475=DIRECTION('',(1.,0.,0.));
#2476=DIRECTION('',(0.,0.,-1.));
#2477=DIRECTION('',(-1.,0.,0.));
#2478=DIRECTION('',(0.,0.,1.));
#2479=DIRECTION('',(0.,1.,0.));
#2480=DIRECTION('',(0.,0.,1.));
#2481=DIRECTION('',(0.,1.,0.));
#2482=DIRECTION('',(0.,0.,-1.));
#2483=DIRECTION('',(-1.,0.,0.));
#2484=DIRECTION('',(0.,0.,1.));
#2485=DIRECTION('',(-1.,0.,0.));
#2486=DIRECTION('',(0.,0.,1.));
#2487=DIRECTION('',(-1.,0.,0.));
#2488=DIRECTION('',(-1.,0.,0.));
#2489=DIRECTION('',(0.,0.,1.));
#2490=DIRECTION('',(0.,1.,0.));
#2491=DIRECTION('',(0.,1.,0.));
#2492=DIRECTION('',(0.,0.,-1.));
#2493=DIRECTION('',(-1.,0.,0.));
#2494=DIRECTION('',(0.,0.,1.));
#2495=DIRECTION('',(1.,0.,0.));
#2496=DIRECTION('',(0.,0.,1.));
#2497=DIRECTION('',(1.,0.,0.));
#2498=DIRECTION('',(0.,0.,1.));
#2499=DIRECTION('',(1.,0.,0.));
#2500=DIRECTION('',(0.,0.,1.));
#2501=DIRECTION('',(1.,0.,0.));
#2502=DIRECTION('',(0.,0.,1.));
#2503=DIRECTION('',(1.,0.,0.));
#2504=DIRECTION('',(0.,1.,0.));
#2505=DIRECTION('',(0.,0.,1.));
#2506=DIRECTION('',(-1.,0.,0.));
#2507=DIRECTION('',(0.,0.,1.));
#2508=DIRECTION('',(-1.,0.,0.));
#2509=DIRECTION('',(0.,0.,1.));
#2510=DIRECTION('',(1.,0.,0.));
#2511=DIRECTION('',(0.,0.,-1.));
#2512=DIRECTION('',(0.,1.,0.));
#2513=DIRECTION('',(0.,0.,1.));
#2514=DIRECTION('',(0.,1.,0.));
#2515=DIRECTION('',(0.,1.,0.));
#2516=DIRECTION('',(0.,0.,1.));
#2517=DIRECTION('',(-1.,0.,0.));
#2518=DIRECTION('',(0.,0.,1.));
#2519=DIRECTION('',(-1.,0.,0.));
#2520=DIRECTION('',(1.,-4.46527794574845E-16,0.));
#2521=DIRECTION('',(4.46527794574845E-16,1.,0.));
#2522=DIRECTION('',(4.46527794574845E-16,1.,0.));
#2523=DIRECTION('',(4.46527794574845E-16,1.,0.));
#2524=DIRECTION('',(0.,0.,1.));
#2525=DIRECTION('',(1.,0.,0.));
#2526=DIRECTION('',(0.,0.,-1.));
#2527=DIRECTION('',(1.,0.,0.));
#2528=DIRECTION('',(0.,0.,-1.));
#2529=DIRECTION('',(1.,0.,0.));
#2530=DIRECTION('',(0.,0.,-1.));
#2531=DIRECTION('',(1.,0.,0.));
#2532=DIRECTION('',(0.,0.,-1.));
#2533=DIRECTION('',(1.,0.,0.));
#2534=CARTESIAN_POINT('',(0.,0.,0.));
#2535=CARTESIAN_POINT('',(-0.0347290125066042,-0.0594438515198231,0.0320780628660322));
#2536=CARTESIAN_POINT('',(-0.0659790125066042,-0.0594438515198231,0.0320780628660322));
#2537=CARTESIAN_POINT('',(-0.0659790125066042,-0.0594438515198231,0.0320780628660322));
#2538=CARTESIAN_POINT('',(-0.0659790125066042,-0.0543438515198231,0.0320780628660322));
#2539=CARTESIAN_POINT('',(-0.0347290125066042,-0.0543438515198231,0.0320780628660322));
#2540=CARTESIAN_POINT('',(-0.0034790125066042,-0.0543438515198231,0.0320780628660322));
#2541=CARTESIAN_POINT('',(-0.0034790125066042,-0.0594438515198231,0.0320780628660322));
#2542=CARTESIAN_POINT('',(-0.0034790125066042,-0.0594438515198231,0.0320780628660322));
#2543=CARTESIAN_POINT('',(-0.0347290125066042,-0.0594438515198231,0.0320780628660322));
#2544=CARTESIAN_POINT('',(-0.0034790125066042,-0.0594438515198231,0.0231280628660322));
#2545=CARTESIAN_POINT('',(-0.0034790125066042,-0.0543438515198231,0.0231280628660322));
#2546=CARTESIAN_POINT('',(-0.0034790125066042,-0.0543438515198231,0.0141780628660322));
#2547=CARTESIAN_POINT('',(-0.0034790125066042,-0.0594438515198231,0.0141780628660321));
#2548=CARTESIAN_POINT('',(-0.0034790125066042,-0.0594438515198231,0.0141780628660321));
#2549=CARTESIAN_POINT('',(-0.0034790125066042,-0.0594438515198231,0.0231280628660322));
#2550=CARTESIAN_POINT('',(-0.0365140125066042,-0.0594438515198231,0.0141780628660321));
#2551=CARTESIAN_POINT('',(-0.0365140125066042,-0.0543438515198231,0.0141780628660322));
#2552=CARTESIAN_POINT('',(-0.0659790125066042,-0.0543438515198231,0.0141780628660322));
#2553=CARTESIAN_POINT('',(-0.0659790125066042,-0.0594438515198231,0.0141780628660321));
#2554=CARTESIAN_POINT('',(-0.0659790125066042,-0.0594438515198231,0.0141780628660321));
#2555=CARTESIAN_POINT('',(-0.0365140125066042,-0.0594438515198231,0.0141780628660321));
#2556=CARTESIAN_POINT('',(-0.0365140125066042,-0.0594438515198231,0.0337280628660322));
#2557=CARTESIAN_POINT('',(-0.0365140125066042,-0.0543438515198231,0.0337280628660322));
#2558=CARTESIAN_POINT('',(-0.0730890125066042,-0.0543438515198231,0.0337280628660322));
#2559=CARTESIAN_POINT('',(6.09874933957949E-05,-0.0543438515198231,0.0337280628660322));
#2560=CARTESIAN_POINT('',(-0.0730890125066042,-0.0594438515198231,0.0337280628660322));
#2561=CARTESIAN_POINT('',(-0.0730890125066042,-0.0594438515198231,0.0337280628660322));
#2562=CARTESIAN_POINT('',(-0.0365140125066042,-0.0594438515198231,0.0337280628660322));
#2563=CARTESIAN_POINT('',(6.09874933957949E-05,-0.0594438515198231,0.0337280628660322));
#2564=CARTESIAN_POINT('',(6.09874933957949E-05,-0.0594438515198231,0.0337280628660322));
#2565=CARTESIAN_POINT('',(-0.0730890125066042,-0.0594438515198231,0.0231880628660321));
#2566=CARTESIAN_POINT('',(-0.0730890125066042,-0.0543438515198231,0.0231880628660321));
#2567=CARTESIAN_POINT('',(-0.0730890125066042,-0.0543438515198231,0.0126480628660322));
#2568=CARTESIAN_POINT('',(-0.0730890125066042,-0.0594438515198231,0.0126480628660321));
#2569=CARTESIAN_POINT('',(-0.0730890125066042,-0.0594438515198231,0.0126480628660321));
#2570=CARTESIAN_POINT('',(-0.0730890125066042,-0.0594438515198231,0.0231880628660321));
#2571=CARTESIAN_POINT('',(-0.0365140125066042,-0.0594438515198231,0.0126480628660321));
#2572=CARTESIAN_POINT('',(-0.0365140125066042,-0.0543438515198231,0.0126480628660322));
#2573=CARTESIAN_POINT('',(6.09874933957949E-05,-0.0543438515198231,0.0126480628660322));
#2574=CARTESIAN_POINT('',(6.09874933957949E-05,-0.0594438515198231,0.0126480628660321));
#2575=CARTESIAN_POINT('',(6.09874933957949E-05,-0.0594438515198231,0.0126480628660321));
#2576=CARTESIAN_POINT('',(-0.0365140125066042,-0.0594438515198231,0.0126480628660321));
#2577=CARTESIAN_POINT('',(6.09874933957949E-05,-0.0594438515198231,0.0231880628660321));
#2578=CARTESIAN_POINT('',(6.09874933957949E-05,-0.0543438515198231,0.0231880628660321));
#2579=CARTESIAN_POINT('',(6.09874933957949E-05,-0.0594438515198231,0.0231880628660321));
#2580=CARTESIAN_POINT('',(-0.0706790125066042,-0.0594438515198231,0.0150580628660322));
#2581=CARTESIAN_POINT('',(-0.0706790125066042,-0.0594438515198231,0.0150580628660322));
#2582=CARTESIAN_POINT('',(-0.0686790125066042,-0.0594438515198231,0.0150580628660322));
#2583=CARTESIAN_POINT('',(-0.0706790125066042,-0.0543438515198231,0.0150580628660322));
#2584=CARTESIAN_POINT('',(-0.0686790125066042,-0.0543438515198231,0.0150580628660322));
#2585=CARTESIAN_POINT('',(-0.0706790125066042,-0.0594438515198231,0.0313180628660321));
#2586=CARTESIAN_POINT('',(-0.0706790125066042,-0.0594438515198231,0.0313180628660321));
#2587=CARTESIAN_POINT('',(-0.0686790125066042,-0.0594438515198231,0.0313180628660321));
#2588=CARTESIAN_POINT('',(-0.0706790125066042,-0.0543438515198231,0.0313180628660321));
#2589=CARTESIAN_POINT('',(-0.0686790125066042,-0.0543438515198231,0.0313180628660321));
#2590=CARTESIAN_POINT('',(-0.0659790125066042,-0.0594438515198231,0.0231880628660321));
#2591=CARTESIAN_POINT('',(-0.0659790125066042,-0.0543438515198231,0.0231880628660321));
#2592=CARTESIAN_POINT('',(-0.0659790125066042,-0.0594438515198231,0.0231880628660321));
#2593=CARTESIAN_POINT('',(-0.0365140125066042,-0.0594438515198231,0.0231880628660321));
#2594=CARTESIAN_POINT('',(-0.0365140125066042,-0.0543438515198231,0.0231880628660321));
#2595=CARTESIAN_POINT('',(0.,0.,0.));
#2596=CARTESIAN_POINT('',(0.00483044375757299,0.00644134963115152,0.0109849940732757));
#2597=CARTESIAN_POINT('',(0.00483044375757299,0.00644134963115152,0.0409849940732757));
#2598=CARTESIAN_POINT('',(0.00966088751514598,0.00644134963115152,0.0409849940732757));
#2599=CARTESIAN_POINT('',(0.,0.00644134963115152,0.0409849940732757));
#2600=CARTESIAN_POINT('',(0.00966088751514598,0.00644134963115152,0.0109849940732757));
#2601=CARTESIAN_POINT('',(0.00966088751514598,0.00644134963115152,0.0109849940732757));
#2602=CARTESIAN_POINT('',(0.00483044375757299,0.00644134963115152,0.0109849940732757));
#2603=CARTESIAN_POINT('',(0.,0.00644134963115152,0.0109849940732757));
#2604=CARTESIAN_POINT('',(0.,0.00644134963115152,0.0109849940732757));
#2605=CARTESIAN_POINT('',(0.00966088751514598,0.00255643250605184,0.0109849940732757));
#2606=CARTESIAN_POINT('',(0.00966088751514598,0.00255643250605184,0.0409849940732757));
#2607=CARTESIAN_POINT('',(0.00966088751514598,-0.00132848461904783,0.0409849940732757));
#2608=CARTESIAN_POINT('',(0.00966088751514598,-0.00132848461904783,0.0109849940732757));
#2609=CARTESIAN_POINT('',(0.00966088751514598,-0.00132848461904783,0.0109849940732757));
#2610=CARTESIAN_POINT('',(0.00966088751514598,0.00255643250605184,0.0109849940732757));
#2611=CARTESIAN_POINT('',(0.00483044375757299,-0.00132848461904783,0.0109849940732757));
#2612=CARTESIAN_POINT('',(0.00483044375757299,-0.00132848461904783,0.0409849940732757));
#2613=CARTESIAN_POINT('',(0.,-0.00132848461904783,0.0409849940732757));
#2614=CARTESIAN_POINT('',(0.,-0.00132848461904783,0.0109849940732757));
#2615=CARTESIAN_POINT('',(0.,-0.00132848461904783,0.0109849940732757));
#2616=CARTESIAN_POINT('',(0.00483044375757299,-0.00132848461904783,0.0109849940732757));
#2617=CARTESIAN_POINT('',(0.00512535351515014,0.00190581563114921,0.0109849940732757));
#2618=CARTESIAN_POINT('',(0.00512535351515014,0.00190581563114921,0.0109849940732757));
#2619=CARTESIAN_POINT('',(0.00742535351515014,0.00190581563114921,0.0109849940732757));
#2620=CARTESIAN_POINT('',(0.00512535351515014,0.00190581563114921,0.0409849940732757));
#2621=CARTESIAN_POINT('',(0.00742535351515014,0.00190581563114921,0.0409849940732757));
#2622=CARTESIAN_POINT('',(0.,0.00255643250605184,0.0109849940732757));
#2623=CARTESIAN_POINT('',(0.,0.00255643250605184,0.0409849940732757));
#2624=CARTESIAN_POINT('',(0.,0.00255643250605184,0.0109849940732757));
#2625=CARTESIAN_POINT('',(-0.0378746464848519,-0.0210941843688405,0.0109849940732757));
#2626=CARTESIAN_POINT('',(-0.0378746464848519,-0.0210941843688405,0.0409849940732757));
#2627=CARTESIAN_POINT('',(0.,0.,0.));
#2628=CARTESIAN_POINT('',(-0.08830232536418,-0.0243139405176043,0.0121949940732757));
#2629=CARTESIAN_POINT('',(-0.08830232536418,-0.0243139405176043,0.0484949940732757));
#2630=CARTESIAN_POINT('',(-0.08830232536418,0.00951448660714185,0.0484949940732757));
#2631=CARTESIAN_POINT('',(-0.08830232536418,-0.0581423676423505,0.0484949940732757));
#2632=CARTESIAN_POINT('',(-0.08830232536418,-0.0581423676423505,0.0121949940732757));
#2633=CARTESIAN_POINT('',(-0.08830232536418,-0.0581423676423505,0.0121949940732757));
#2634=CARTESIAN_POINT('',(-0.08830232536418,-0.0243139405176043,0.0121949940732757));
#2635=CARTESIAN_POINT('',(-0.08830232536418,0.00951448660714185,0.0121949940732757));
#2636=CARTESIAN_POINT('',(-0.08830232536418,0.00951448660714185,0.0121949940732757));
#2637=CARTESIAN_POINT('',(-0.0374738982394338,0.00951448660714185,0.0121949940732757));
#2638=CARTESIAN_POINT('',(0.0133545288853124,0.00951448660714184,0.0121949940732757));
#2639=CARTESIAN_POINT('',(0.0133545288853124,0.00951448660714184,0.0121949940732757));
#2640=CARTESIAN_POINT('',(0.0133545288853124,0.00951448660714184,0.0484949940732757));
#2641=CARTESIAN_POINT('',(-0.0374738982394338,0.00951448660714185,0.0484949940732757));
#2642=CARTESIAN_POINT('',(-0.0374738982394338,0.00951448660714185,0.0121949940732757));
#2643=CARTESIAN_POINT('',(0.0133545288853124,-0.0243139405176043,0.0121949940732757));
#2644=CARTESIAN_POINT('',(0.0133545288853124,-0.0581423676423506,0.0121949940732757));
#2645=CARTESIAN_POINT('',(0.0133545288853124,-0.0581423676423506,0.0121949940732757));
#2646=CARTESIAN_POINT('',(0.0133545288853124,-0.0581423676423506,0.0484949940732757));
#2647=CARTESIAN_POINT('',(0.0133545288853124,-0.0243139405176043,0.0484949940732757));
#2648=CARTESIAN_POINT('',(0.0133545288853124,-0.0243139405176043,0.0121949940732757));
#2649=CARTESIAN_POINT('',(-0.0374738982394338,-0.0581423676423505,0.0121949940732757));
#2650=CARTESIAN_POINT('',(-0.0374738982394338,-0.0581423676423505,0.0141780628660321));
#2651=CARTESIAN_POINT('',(-0.0034790125066042,-0.0581423676423505,0.0141780628660321));
#2652=CARTESIAN_POINT('',(-0.0659790125066042,-0.0581423676423505,0.0141780628660321));
#2653=CARTESIAN_POINT('',(-0.0034790125066042,-0.0581423676423505,0.0121949940732757));
#2654=CARTESIAN_POINT('',(-0.0034790125066042,-0.0581423676423505,0.0320780628660322));
#2655=CARTESIAN_POINT('',(-0.0374738982394338,-0.0581423676423505,0.0320780628660322));
#2656=CARTESIAN_POINT('',(-0.0659790125066042,-0.0581423676423505,0.0320780628660322));
#2657=CARTESIAN_POINT('',(-0.0659790125066042,-0.0581423676423505,0.0121949940732757));
#2658=CARTESIAN_POINT('',(-0.0706790125066042,-0.0581423676423505,0.0150580628660322));
#2659=CARTESIAN_POINT('',(-0.0706790125066042,-0.0581423676423505,0.0130580628660322));
#2660=CARTESIAN_POINT('',(-0.0706790125066042,-0.0581423676423505,0.0313180628660321));
#2661=CARTESIAN_POINT('',(-0.0706790125066042,-0.0581423676423505,0.0293180628660321));
#2662=CARTESIAN_POINT('',(-0.0374738982394338,-0.0581423676423505,0.0484949940732757));
#2663=CARTESIAN_POINT('',(-0.0374738982394338,-0.0581423676423505,0.0121949940732757));
#2664=CARTESIAN_POINT('',(-0.0372709147458331,0.0117042587953522,0.0121949940732757));
#2665=CARTESIAN_POINT('',(-0.0862709147458331,0.0117042587953522,0.0121949940732757));
#2666=CARTESIAN_POINT('',(-0.0862709147458331,0.0117042587953522,0.0121949940732757));
#2667=CARTESIAN_POINT('',(-0.0862709147458331,0.0117042587953522,0.0484949940732757));
#2668=CARTESIAN_POINT('',(-0.0372709147458331,0.0117042587953522,0.0484949940732757));
#2669=CARTESIAN_POINT('',(0.0117290852541669,0.0117042587953522,0.0484949940732757));
#2670=CARTESIAN_POINT('',(0.0117290852541669,0.0117042587953522,0.0121949940732757));
#2671=CARTESIAN_POINT('',(0.0117290852541669,0.0117042587953522,0.0121949940732757));
#2672=CARTESIAN_POINT('',(-0.0372709147458331,0.0117042587953522,0.0121949940732757));
#2673=CARTESIAN_POINT('',(-0.0862709147458331,0.00770425879535218,0.0121949940732757));
#2674=CARTESIAN_POINT('',(-0.0862709147458331,0.00770425879535218,0.0484949940732757));
#2675=CARTESIAN_POINT('',(-0.0902709147458331,0.00770425879535218,0.0484949940732757));
#2676=CARTESIAN_POINT('',(-0.0862709147458331,0.00770425879535218,0.0121949940732757));
#2677=CARTESIAN_POINT('',(-0.0902709147458331,0.00770425879535218,0.0121949940732757));
#2678=CARTESIAN_POINT('',(-0.0902709147458331,0.00770425879535218,0.0121949940732757));
#2679=CARTESIAN_POINT('',(-0.0902709147458331,-0.0242957412046478,0.0121949940732757));
#2680=CARTESIAN_POINT('',(-0.0902709147458331,-0.0242957412046478,0.0484949940732757));
#2681=CARTESIAN_POINT('',(-0.0902709147458331,-0.0562957412046478,0.0484949940732757));
#2682=CARTESIAN_POINT('',(-0.0902709147458331,-0.0242957412046478,0.0121949940732757));
#2683=CARTESIAN_POINT('',(-0.0902709147458331,-0.0562957412046478,0.0121949940732757));
#2684=CARTESIAN_POINT('',(-0.0902709147458331,-0.0562957412046478,0.0121949940732757));
#2685=CARTESIAN_POINT('',(-0.0862709147458331,-0.0562957412046478,0.0121949940732757));
#2686=CARTESIAN_POINT('',(-0.0862709147458331,-0.0562957412046478,0.0484949940732757));
#2687=CARTESIAN_POINT('',(-0.0862709147458331,-0.0602957412046478,0.0484949940732757));
#2688=CARTESIAN_POINT('',(-0.0862709147458331,-0.0562957412046478,0.0121949940732757));
#2689=CARTESIAN_POINT('',(-0.0862709147458331,-0.0602957412046478,0.0121949940732757));
#2690=CARTESIAN_POINT('',(-0.0862709147458331,-0.0602957412046478,0.0121949940732757));
#2691=CARTESIAN_POINT('',(-0.0372709147458331,-0.0602957412046478,0.0121949940732757));
#2692=CARTESIAN_POINT('',(-0.0372709147458331,-0.0602957412046478,0.0484949940732757));
#2693=CARTESIAN_POINT('',(0.0117290852541669,-0.0602957412046478,0.0484949940732757));
#2694=CARTESIAN_POINT('',(-0.0372709147458331,-0.0602957412046478,0.0121949940732757));
#2695=CARTESIAN_POINT('',(0.0117290852541669,-0.0602957412046478,0.0121949940732757));
#2696=CARTESIAN_POINT('',(0.0117290852541669,-0.0602957412046478,0.0121949940732757));
#2697=CARTESIAN_POINT('',(-0.0034790125066042,-0.0602957412046478,0.0121949940732757));
#2698=CARTESIAN_POINT('',(-0.0034790125066042,-0.0602957412046478,0.0141780628660321));
#2699=CARTESIAN_POINT('',(-0.0034790125066042,-0.0602957412046478,0.0320780628660322));
#2700=CARTESIAN_POINT('',(-0.0372709147458331,-0.0602957412046478,0.0141780628660321));
#2701=CARTESIAN_POINT('',(-0.0659790125066042,-0.0602957412046478,0.0141780628660321));
#2702=CARTESIAN_POINT('',(-0.0659790125066042,-0.0602957412046478,0.0121949940732757));
#2703=CARTESIAN_POINT('',(-0.0659790125066042,-0.0602957412046478,0.0320780628660322));
#2704=CARTESIAN_POINT('',(-0.0372709147458331,-0.0602957412046478,0.0320780628660322));
#2705=CARTESIAN_POINT('',(-0.0706790125066042,-0.0602957412046478,0.0150580628660322));
#2706=CARTESIAN_POINT('',(-0.0706790125066042,-0.0602957412046478,0.0130580628660322));
#2707=CARTESIAN_POINT('',(-0.0706790125066042,-0.0602957412046478,0.0313180628660321));
#2708=CARTESIAN_POINT('',(-0.0706790125066042,-0.0602957412046478,0.0293180628660321));
#2709=CARTESIAN_POINT('',(0.0117290852541669,-0.0562957412046478,0.0121949940732757));
#2710=CARTESIAN_POINT('',(0.0117290852541669,-0.0562957412046478,0.0484949940732757));
#2711=CARTESIAN_POINT('',(0.0157290852541669,-0.0562957412046478,0.0484949940732757));
#2712=CARTESIAN_POINT('',(0.0117290852541669,-0.0562957412046478,0.0121949940732757));
#2713=CARTESIAN_POINT('',(0.0157290852541669,-0.0562957412046478,0.0121949940732757));
#2714=CARTESIAN_POINT('',(0.0157290852541669,-0.0562957412046478,0.0121949940732757));
#2715=CARTESIAN_POINT('',(0.0157290852541669,-0.0242957412046478,0.0121949940732757));
#2716=CARTESIAN_POINT('',(0.0157290852541669,0.00770425879535218,0.0121949940732757));
#2717=CARTESIAN_POINT('',(0.0157290852541669,0.00770425879535218,0.0121949940732757));
#2718=CARTESIAN_POINT('',(0.0157290852541669,0.00770425879535218,0.0484949940732757));
#2719=CARTESIAN_POINT('',(0.0157290852541669,-0.0242957412046478,0.0484949940732757));
#2720=CARTESIAN_POINT('',(0.0157290852541669,-0.0242957412046478,0.0121949940732757));
#2721=CARTESIAN_POINT('',(0.0117290852541669,0.00770425879535218,0.0121949940732757));
#2722=CARTESIAN_POINT('',(0.0117290852541669,0.00770425879535218,0.0484949940732757));
#2723=CARTESIAN_POINT('',(0.0117290852541669,0.00770425879535218,0.0121949940732757));
#2724=CARTESIAN_POINT('',(-0.0372709147458331,-0.0242957412046478,0.0121949940732757));
#2725=CARTESIAN_POINT('',(-0.0706790125066042,-0.0564438515198231,0.0313180628660321));
#2726=CARTESIAN_POINT('',(-0.0706790125066042,-0.0564438515198231,0.0150580628660322));
#2727=CARTESIAN_POINT('',(-0.0034790125066042,-0.0564438515198231,0.0231280628660322));
#2728=CARTESIAN_POINT('',(-0.0034790125066042,-0.0564438515198231,0.0320780628660322));
#2729=CARTESIAN_POINT('',(-0.0034790125066042,-0.0564438515198231,0.0141780628660321));
#2730=CARTESIAN_POINT('',(-0.0347290125066042,-0.0564438515198231,0.0320780628660322));
#2731=CARTESIAN_POINT('',(-0.0659790125066042,-0.0564438515198231,0.0320780628660322));
#2732=CARTESIAN_POINT('',(-0.0659790125066042,-0.0564438515198231,0.0231880628660321));
#2733=CARTESIAN_POINT('',(-0.0659790125066042,-0.0564438515198231,0.0141780628660321));
#2734=CARTESIAN_POINT('',(-0.0365140125066042,-0.0564438515198231,0.0141780628660321));
#2735=CARTESIAN_POINT('',(-0.0372709147458331,-0.0242957412046478,0.0484949940732757));
#2736=CARTESIAN_POINT('',(0.,0.,0.));
#2737=CARTESIAN_POINT('',(-0.0854101804848532,0.00234554239324595,0.0109849940732757));
#2738=CARTESIAN_POINT('',(-0.0854101804848532,0.00234554239324595,0.0409849940732757));
#2739=CARTESIAN_POINT('',(-0.0854101804848532,0.00644134963115406,0.0409849940732757));
#2740=CARTESIAN_POINT('',(-0.0854101804848532,-0.00175026484466216,0.0409849940732757));
#2741=CARTESIAN_POINT('',(-0.0854101804848532,0.00644134963115406,0.0109849940732757));
#2742=CARTESIAN_POINT('',(-0.0854101804848532,0.00644134963115406,0.0109849940732757));
#2743=CARTESIAN_POINT('',(-0.0854101804848532,0.00234554239324595,0.0109849940732757));
#2744=CARTESIAN_POINT('',(-0.0854101804848532,-0.00175026484466216,0.0109849940732757));
#2745=CARTESIAN_POINT('',(-0.0854101804848532,-0.00175026484466216,0.0109849940732757));
#2746=CARTESIAN_POINT('',(-0.0805797367272802,0.00644134963115406,0.0109849940732757));
#2747=CARTESIAN_POINT('',(-0.0805797367272802,0.00644134963115406,0.0409849940732757));
#2748=CARTESIAN_POINT('',(-0.0757492929697072,0.00644134963115406,0.0409849940732757));
#2749=CARTESIAN_POINT('',(-0.0757492929697072,0.00644134963115406,0.0109849940732757));
#2750=CARTESIAN_POINT('',(-0.0757492929697072,0.00644134963115406,0.0109849940732757));
#2751=CARTESIAN_POINT('',(-0.0805797367272802,0.00644134963115406,0.0109849940732757));
#2752=CARTESIAN_POINT('',(-0.0757492929697072,0.00234554239324595,0.0109849940732757));
#2753=CARTESIAN_POINT('',(-0.0757492929697072,0.00234554239324595,0.0409849940732757));
#2754=CARTESIAN_POINT('',(-0.0757492929697072,-0.00175026484466216,0.0409849940732757));
#2755=CARTESIAN_POINT('',(-0.0757492929697072,-0.00175026484466216,0.0109849940732757));
#2756=CARTESIAN_POINT('',(-0.0757492929697072,-0.00175026484466216,0.0109849940732757));
#2757=CARTESIAN_POINT('',(-0.0757492929697072,0.00234554239324595,0.0109849940732757));
#2758=CARTESIAN_POINT('',(-0.0805797367272802,-0.00175026484466216,0.0109849940732757));
#2759=CARTESIAN_POINT('',(-0.0805797367272802,-0.00175026484466216,0.0409849940732757));
#2760=CARTESIAN_POINT('',(-0.0805797367272802,-0.00175026484466216,0.0109849940732757));
#2761=CARTESIAN_POINT('',(-0.0808746464848499,0.00190581563114921,0.0109849940732757));
#2762=CARTESIAN_POINT('',(-0.0808746464848499,0.00190581563114921,0.0109849940732757));
#2763=CARTESIAN_POINT('',(-0.0785746464848499,0.00190581563114921,0.0109849940732757));
#2764=CARTESIAN_POINT('',(-0.0808746464848499,0.00190581563114921,0.0409849940732757));
#2765=CARTESIAN_POINT('',(-0.0785746464848499,0.00190581563114921,0.0409849940732757));
#2766=CARTESIAN_POINT('',(-0.0378746464848519,-0.0210941843688405,0.0109849940732757));
#2767=CARTESIAN_POINT('',(-0.0378746464848519,-0.0210941843688405,0.0409849940732757));
#2768=CARTESIAN_POINT('',(0.,0.,0.));
#2769=CARTESIAN_POINT('',(-0.0374738982394338,0.00951448660714185,0.0109829940732757));
#2770=CARTESIAN_POINT('',(-0.0374738982394338,0.00951448660714185,0.0109849940732757));
#2771=CARTESIAN_POINT('',(-0.08830232536418,0.00951448660714185,0.0109849940732757));
#2772=CARTESIAN_POINT('',(0.0133545288853124,0.00951448660714184,0.0109849940732757));
#2773=CARTESIAN_POINT('',(-0.08830232536418,0.00951448660714185,0.0109829940732757));
#2774=CARTESIAN_POINT('',(-0.08830232536418,0.00951448660714185,0.0121949940732757));
#2775=CARTESIAN_POINT('',(-0.0374738982394338,0.00951448660714185,0.0121949940732757));
#2776=CARTESIAN_POINT('',(0.0133545288853124,0.00951448660714184,0.0121949940732757));
#2777=CARTESIAN_POINT('',(0.0133545288853124,0.00951448660714184,0.0109829940732757));
#2778=CARTESIAN_POINT('',(-0.0805982580089207,0.00492614644486418,0.0109829940732757));
#2779=CARTESIAN_POINT('',(-0.0805982580089207,0.00492614644486418,0.0109849940732757));
#2780=CARTESIAN_POINT('',(-0.0770484378647543,0.00492614644486418,0.0109849940732757));
#2781=CARTESIAN_POINT('',(-0.0841480781530871,0.00492614644486418,0.0109849940732757));
#2782=CARTESIAN_POINT('',(-0.0770484378647543,0.00492614644486418,0.0109829940732757));
#2783=CARTESIAN_POINT('',(-0.0770484378647543,0.00492614644486418,0.0121949940732757));
#2784=CARTESIAN_POINT('',(-0.0805982580089207,0.00492614644486418,0.0121949940732757));
#2785=CARTESIAN_POINT('',(-0.0841480781530871,0.00492614644486418,0.0121949940732757));
#2786=CARTESIAN_POINT('',(-0.0841480781530871,0.00492614644486418,0.0109829940732757));
#2787=CARTESIAN_POINT('',(-0.0807090661019451,-0.0409139861738318,0.0109829940732757));
#2788=CARTESIAN_POINT('',(-0.0807090661019451,-0.0409139861738318,0.0109849940732757));
#2789=CARTESIAN_POINT('',(-0.077100971211627,-0.0409139861738318,0.0109849940732757));
#2790=CARTESIAN_POINT('',(-0.0843171609922633,-0.0409139861738318,0.0109849940732757));
#2791=CARTESIAN_POINT('',(-0.077100971211627,-0.0409139861738318,0.0109829940732757));
#2792=CARTESIAN_POINT('',(-0.077100971211627,-0.0409139861738318,0.0121949940732757));
#2793=CARTESIAN_POINT('',(-0.0807090661019451,-0.0409139861738318,0.0121949940732757));
#2794=CARTESIAN_POINT('',(-0.0843171609922633,-0.0409139861738318,0.0121949940732757));
#2795=CARTESIAN_POINT('',(-0.0843171609922633,-0.0409139861738318,0.0109829940732757));
#2796=CARTESIAN_POINT('',(0.00489700201892692,-0.0467158818866116,0.0109829940732757));
#2797=CARTESIAN_POINT('',(0.00489700201892692,-0.0467158818866116,0.0109849940732757));
#2798=CARTESIAN_POINT('',(0.0010912487471269,-0.0467158818866116,0.0109849940732757));
#2799=CARTESIAN_POINT('',(0.00870275529072694,-0.0467158818866116,0.0109849940732757));
#2800=CARTESIAN_POINT('',(0.0010912487471269,-0.0467158818866116,0.0109829940732757));
#2801=CARTESIAN_POINT('',(0.0010912487471269,-0.0467158818866116,0.0121949940732757));
#2802=CARTESIAN_POINT('',(0.00489700201892692,-0.0467158818866116,0.0121949940732757));
#2803=CARTESIAN_POINT('',(0.00870275529072694,-0.0467158818866116,0.0121949940732757));
#2804=CARTESIAN_POINT('',(0.00870275529072694,-0.0467158818866116,0.0109829940732757));
#2805=CARTESIAN_POINT('',(0.00537820292179223,-0.00101834969946899,0.0109829940732757));
#2806=CARTESIAN_POINT('',(0.00537820292179223,-0.00101834969946899,0.0109849940732757));
#2807=CARTESIAN_POINT('',(0.00222183515510164,-0.00101834969946899,0.0109849940732757));
#2808=CARTESIAN_POINT('',(0.00853457068848282,-0.00101834969946899,0.0109849940732757));
#2809=CARTESIAN_POINT('',(0.00222183515510164,-0.00101834969946899,0.0109829940732757));
#2810=CARTESIAN_POINT('',(0.00222183515510164,-0.00101834969946899,0.0121949940732757));
#2811=CARTESIAN_POINT('',(0.00537820292179223,-0.00101834969946899,0.0121949940732757));
#2812=CARTESIAN_POINT('',(0.00853457068848282,-0.00101834969946899,0.0121949940732757));
#2813=CARTESIAN_POINT('',(0.00853457068848282,-0.00101834969946899,0.0109829940732757));
#2814=CARTESIAN_POINT('',(-0.0372709147458331,-0.0242957412046478,0.0121949940732757));
#2815=CARTESIAN_POINT('',(0.00222183515510164,0.00166807141281489,0.0121949940732757));
#2816=CARTESIAN_POINT('',(0.00222183515510164,0.00435449252509877,0.0121949940732757));
#2817=CARTESIAN_POINT('',(0.00537820292179223,0.00435449252509877,0.0121949940732757));
#2818=CARTESIAN_POINT('',(0.00853457068848282,0.00435449252509877,0.0121949940732757));
#2819=CARTESIAN_POINT('',(0.00853457068848282,0.00166807141281489,0.0121949940732757));
#2820=CARTESIAN_POINT('',(0.0010912487471269,-0.0438914003037452,0.0121949940732757));
#2821=CARTESIAN_POINT('',(0.0010912487471269,-0.0410669187208788,0.0121949940732757));
#2822=CARTESIAN_POINT('',(0.00489700201892692,-0.0410669187208788,0.0121949940732757));
#2823=CARTESIAN_POINT('',(0.00870275529072694,-0.0410669187208788,0.0121949940732757));
#2824=CARTESIAN_POINT('',(0.00870275529072694,-0.0438914003037452,0.0121949940732757));
#2825=CARTESIAN_POINT('',(-0.077100971211627,-0.0439238667579852,0.0121949940732757));
#2826=CARTESIAN_POINT('',(-0.077100971211627,-0.0469337473421388,0.0121949940732757));
#2827=CARTESIAN_POINT('',(-0.0807090661019451,-0.0469337473421388,0.0121949940732757));
#2828=CARTESIAN_POINT('',(-0.0843171609922633,-0.0469337473421388,0.0121949940732757));
#2829=CARTESIAN_POINT('',(-0.0843171609922633,-0.0439238667579852,0.0121949940732757));
#2830=CARTESIAN_POINT('',(-0.0770484378647543,0.00196569605066916,0.0121949940732757));
#2831=CARTESIAN_POINT('',(-0.0770484378647543,-0.000994754343525845,0.0121949940732757));
#2832=CARTESIAN_POINT('',(-0.0805982580089207,-0.000994754343525845,0.0121949940732757));
#2833=CARTESIAN_POINT('',(-0.0841480781530871,-0.000994754343525845,0.0121949940732757));
#2834=CARTESIAN_POINT('',(-0.0841480781530871,0.00196569605066916,0.0121949940732757));
#2835=CARTESIAN_POINT('',(-0.08830232536418,-0.0243139405176043,0.0121949940732757));
#2836=CARTESIAN_POINT('',(-0.08830232536418,-0.0581423676423505,0.0121949940732757));
#2837=CARTESIAN_POINT('',(-0.0374738982394338,-0.0581423676423505,0.0121949940732757));
#2838=CARTESIAN_POINT('',(0.0133545288853124,-0.0581423676423506,0.0121949940732757));
#2839=CARTESIAN_POINT('',(0.0133545288853124,-0.0243139405176043,0.0121949940732757));
#2840=CARTESIAN_POINT('',(0.0133545288853124,-0.0243139405176043,0.0109829940732757));
#2841=CARTESIAN_POINT('',(0.0133545288853124,-0.0243139405176043,0.0109849940732757));
#2842=CARTESIAN_POINT('',(0.0133545288853124,-0.0581423676423506,0.0109849940732757));
#2843=CARTESIAN_POINT('',(0.0133545288853124,-0.0581423676423506,0.0109829940732757));
#2844=CARTESIAN_POINT('',(-0.08830232536418,-0.0243139405176043,0.0109829940732757));
#2845=CARTESIAN_POINT('',(-0.08830232536418,-0.0243139405176043,0.0109849940732757));
#2846=CARTESIAN_POINT('',(-0.08830232536418,-0.0581423676423505,0.0109849940732757));
#2847=CARTESIAN_POINT('',(-0.08830232536418,-0.0581423676423505,0.0109829940732757));
#2848=CARTESIAN_POINT('',(-0.0374738982394338,-0.0581423676423505,0.0109829940732757));
#2849=CARTESIAN_POINT('',(-0.0374738982394338,-0.0581423676423505,0.0109849940732757));
#2850=CARTESIAN_POINT('',(0.00853457068848282,0.00166807141281489,0.0109829940732757));
#2851=CARTESIAN_POINT('',(0.00853457068848282,0.00166807141281489,0.0109849940732757));
#2852=CARTESIAN_POINT('',(0.00853457068848282,0.00435449252509877,0.0109849940732757));
#2853=CARTESIAN_POINT('',(0.00853457068848282,0.00435449252509877,0.0109829940732757));
#2854=CARTESIAN_POINT('',(0.00222183515510164,0.00166807141281489,0.0109829940732757));
#2855=CARTESIAN_POINT('',(0.00222183515510164,0.00166807141281489,0.0109849940732757));
#2856=CARTESIAN_POINT('',(0.00222183515510164,0.00435449252509877,0.0109849940732757));
#2857=CARTESIAN_POINT('',(0.00222183515510164,0.00435449252509877,0.0109829940732757));
#2858=CARTESIAN_POINT('',(0.00537820292179223,0.00435449252509877,0.0109829940732757));
#2859=CARTESIAN_POINT('',(0.00537820292179223,0.00435449252509877,0.0109849940732757));
#2860=CARTESIAN_POINT('',(0.00870275529072694,-0.0438914003037452,0.0109829940732757));
#2861=CARTESIAN_POINT('',(0.00870275529072694,-0.0438914003037452,0.0109849940732757));
#2862=CARTESIAN_POINT('',(0.00870275529072694,-0.0410669187208788,0.0109849940732757));
#2863=CARTESIAN_POINT('',(0.00870275529072694,-0.0410669187208788,0.0109829940732757));
#2864=CARTESIAN_POINT('',(0.0010912487471269,-0.0438914003037452,0.0109829940732757));
#2865=CARTESIAN_POINT('',(0.0010912487471269,-0.0438914003037452,0.0109849940732757));
#2866=CARTESIAN_POINT('',(0.0010912487471269,-0.0410669187208788,0.0109849940732757));
#2867=CARTESIAN_POINT('',(0.0010912487471269,-0.0410669187208788,0.0109829940732757));
#2868=CARTESIAN_POINT('',(0.00489700201892692,-0.0410669187208788,0.0109829940732757));
#2869=CARTESIAN_POINT('',(0.00489700201892692,-0.0410669187208788,0.0109849940732757));
#2870=CARTESIAN_POINT('',(-0.0843171609922633,-0.0439238667579852,0.0109829940732757));
#2871=CARTESIAN_POINT('',(-0.0843171609922633,-0.0439238667579852,0.0109849940732757));
#2872=CARTESIAN_POINT('',(-0.0843171609922633,-0.0469337473421388,0.0109849940732757));
#2873=CARTESIAN_POINT('',(-0.0843171609922633,-0.0469337473421388,0.0109829940732757));
#2874=CARTESIAN_POINT('',(-0.077100971211627,-0.0439238667579852,0.0109829940732757));
#2875=CARTESIAN_POINT('',(-0.077100971211627,-0.0439238667579852,0.0109849940732757));
#2876=CARTESIAN_POINT('',(-0.077100971211627,-0.0469337473421388,0.0109849940732757));
#2877=CARTESIAN_POINT('',(-0.077100971211627,-0.0469337473421388,0.0109829940732757));
#2878=CARTESIAN_POINT('',(-0.0807090661019451,-0.0469337473421388,0.0109829940732757));
#2879=CARTESIAN_POINT('',(-0.0807090661019451,-0.0469337473421388,0.0109849940732757));
#2880=CARTESIAN_POINT('',(-0.0841480781530871,0.00196569605066916,0.0109829940732757));
#2881=CARTESIAN_POINT('',(-0.0841480781530871,0.00196569605066916,0.0109849940732757));
#2882=CARTESIAN_POINT('',(-0.0841480781530871,-0.000994754343525845,0.0109849940732757));
#2883=CARTESIAN_POINT('',(-0.0841480781530871,-0.000994754343525845,0.0109829940732757));
#2884=CARTESIAN_POINT('',(-0.0770484378647543,0.00196569605066916,0.0109829940732757));
#2885=CARTESIAN_POINT('',(-0.0770484378647543,0.00196569605066916,0.0109849940732757));
#2886=CARTESIAN_POINT('',(-0.0770484378647543,-0.000994754343525845,0.0109849940732757));
#2887=CARTESIAN_POINT('',(-0.0770484378647543,-0.000994754343525845,0.0109829940732757));
#2888=CARTESIAN_POINT('',(-0.0805982580089207,-0.000994754343525845,0.0109829940732757));
#2889=CARTESIAN_POINT('',(-0.0805982580089207,-0.000994754343525845,0.0109849940732757));
#2890=CARTESIAN_POINT('',(-0.0378746464848519,-0.0210941843688405,0.0109849940732757));
#2891=CARTESIAN_POINT('',(0.,0.,0.));
#2892=CARTESIAN_POINT('',(-0.0805797367272693,-0.0478362031280871,0.0109849940732757));
#2893=CARTESIAN_POINT('',(-0.0805797367272693,-0.0478362031280871,0.0409849940732757));
#2894=CARTESIAN_POINT('',(-0.0854101804848423,-0.0478362031280871,0.0409849940732757));
#2895=CARTESIAN_POINT('',(-0.0757492929696963,-0.0478362031280871,0.0409849940732757));
#2896=CARTESIAN_POINT('',(-0.0854101804848423,-0.0478362031280871,0.0109849940732757));
#2897=CARTESIAN_POINT('',(-0.0854101804848423,-0.0478362031280871,0.0109849940732757));
#2898=CARTESIAN_POINT('',(-0.0805797367272693,-0.0478362031280871,0.0109849940732757));
#2899=CARTESIAN_POINT('',(-0.0757492929696963,-0.0478362031280871,0.0109849940732757));
#2900=CARTESIAN_POINT('',(-0.0757492929696963,-0.0478362031280871,0.0109849940732757));
#2901=CARTESIAN_POINT('',(-0.0854101804848423,-0.0439512860029874,0.0109849940732757));
#2902=CARTESIAN_POINT('',(-0.0854101804848423,-0.0439512860029874,0.0409849940732757));
#2903=CARTESIAN_POINT('',(-0.0854101804848423,-0.0400663688778878,0.0409849940732757));
#2904=CARTESIAN_POINT('',(-0.0854101804848423,-0.0400663688778878,0.0109849940732757));
#2905=CARTESIAN_POINT('',(-0.0854101804848423,-0.0400663688778878,0.0109849940732757));
#2906=CARTESIAN_POINT('',(-0.0854101804848423,-0.0439512860029874,0.0109849940732757));
#2907=CARTESIAN_POINT('',(-0.0805797367272693,-0.0400663688778878,0.0109849940732757));
#2908=CARTESIAN_POINT('',(-0.0805797367272693,-0.0400663688778878,0.0409849940732757));
#2909=CARTESIAN_POINT('',(-0.0757492929696963,-0.0400663688778878,0.0409849940732757));
#2910=CARTESIAN_POINT('',(-0.0757492929696963,-0.0400663688778878,0.0109849940732757));
#2911=CARTESIAN_POINT('',(-0.0757492929696963,-0.0400663688778878,0.0109849940732757));
#2912=CARTESIAN_POINT('',(-0.0805797367272693,-0.0400663688778878,0.0109849940732757));
#2913=CARTESIAN_POINT('',(-0.0808746464848499,-0.0440941843688508,0.0109849940732757));
#2914=CARTESIAN_POINT('',(-0.0808746464848499,-0.0440941843688508,0.0109849940732757));
#2915=CARTESIAN_POINT('',(-0.0785746464848499,-0.0440941843688508,0.0109849940732757));
#2916=CARTESIAN_POINT('',(-0.0808746464848499,-0.0440941843688508,0.0409849940732757));
#2917=CARTESIAN_POINT('',(-0.0785746464848499,-0.0440941843688508,0.0409849940732757));
#2918=CARTESIAN_POINT('',(-0.0757492929696963,-0.0439512860029874,0.0109849940732757));
#2919=CARTESIAN_POINT('',(-0.0757492929696963,-0.0439512860029874,0.0409849940732757));
#2920=CARTESIAN_POINT('',(-0.0757492929696963,-0.0439512860029874,0.0109849940732757));
#2921=CARTESIAN_POINT('',(-0.0378746464848519,-0.0210941843688405,0.0109849940732757));
#2922=CARTESIAN_POINT('',(-0.0378746464848519,-0.0210941843688405,0.0409849940732757));
#2923=CARTESIAN_POINT('',(0.,0.,0.));
#2924=CARTESIAN_POINT('',(-0.0372709147458331,-0.0602957412046478,0.0514949940732757));
#2925=CARTESIAN_POINT('',(-0.0372709147458331,-0.0602957412046478,0.0494949940732757));
#2926=CARTESIAN_POINT('',(-0.0862709147458331,-0.0602957412046478,0.0494949940732757));
#2927=CARTESIAN_POINT('',(0.0117290852541669,-0.0602957412046478,0.0494949940732757));
#2928=CARTESIAN_POINT('',(0.0117290852541669,-0.0602957412046478,0.0514949940732757));
#2929=CARTESIAN_POINT('',(0.0117290852541669,-0.0602957412046478,0.0514949940732757));
#2930=CARTESIAN_POINT('',(-0.0372709147458331,-0.0602957412046478,0.0514949940732757));
#2931=CARTESIAN_POINT('',(-0.0862709147458331,-0.0602957412046478,0.0514949940732757));
#2932=CARTESIAN_POINT('',(-0.0862709147458331,-0.0602957412046478,0.0514949940732757));
#2933=CARTESIAN_POINT('',(0.0117290852541669,-0.0562957412046478,0.0514949940732757));
#2934=CARTESIAN_POINT('',(0.0117290852541669,-0.0562957412046478,0.0494949940732757));
#2935=CARTESIAN_POINT('',(0.0157290852541669,-0.0562957412046478,0.0494949940732757));
#2936=CARTESIAN_POINT('',(0.0157290852541669,-0.0562957412046478,0.0514949940732757));
#2937=CARTESIAN_POINT('',(0.0157290852541669,-0.0562957412046478,0.0514949940732757));
#2938=CARTESIAN_POINT('',(0.0117290852541669,-0.0562957412046478,0.0514949940732757));
#2939=CARTESIAN_POINT('',(0.0157290852541669,-0.0242957412046478,0.0514949940732757));
#2940=CARTESIAN_POINT('',(0.0157290852541669,-0.0242957412046478,0.0494949940732757));
#2941=CARTESIAN_POINT('',(0.0157290852541669,0.00770425879535218,0.0494949940732757));
#2942=CARTESIAN_POINT('',(0.0157290852541669,0.00770425879535218,0.0514949940732757));
#2943=CARTESIAN_POINT('',(0.0157290852541669,0.00770425879535218,0.0514949940732757));
#2944=CARTESIAN_POINT('',(0.0157290852541669,-0.0242957412046478,0.0514949940732757));
#2945=CARTESIAN_POINT('',(0.0117290852541669,0.00770425879535218,0.0514949940732757));
#2946=CARTESIAN_POINT('',(0.0117290852541669,0.00770425879535218,0.0494949940732757));
#2947=CARTESIAN_POINT('',(0.0117290852541669,0.0117042587953522,0.0494949940732757));
#2948=CARTESIAN_POINT('',(0.0117290852541669,0.0117042587953522,0.0514949940732757));
#2949=CARTESIAN_POINT('',(0.0117290852541669,0.0117042587953522,0.0514949940732757));
#2950=CARTESIAN_POINT('',(0.0117290852541669,0.00770425879535218,0.0514949940732757));
#2951=CARTESIAN_POINT('',(-0.0372709147458331,0.0117042587953522,0.0514949940732757));
#2952=CARTESIAN_POINT('',(-0.0372709147458331,0.0117042587953522,0.0494949940732757));
#2953=CARTESIAN_POINT('',(-0.0862709147458331,0.0117042587953522,0.0494949940732757));
#2954=CARTESIAN_POINT('',(-0.0862709147458331,0.0117042587953522,0.0514949940732757));
#2955=CARTESIAN_POINT('',(-0.0862709147458331,0.0117042587953522,0.0514949940732757));
#2956=CARTESIAN_POINT('',(-0.0372709147458331,0.0117042587953522,0.0514949940732757));
#2957=CARTESIAN_POINT('',(-0.0862709147458331,0.00770425879535218,0.0514949940732757));
#2958=CARTESIAN_POINT('',(-0.0862709147458331,0.00770425879535218,0.0494949940732757));
#2959=CARTESIAN_POINT('',(-0.0902709147458331,0.00770425879535218,0.0494949940732757));
#2960=CARTESIAN_POINT('',(-0.0902709147458331,0.00770425879535218,0.0514949940732757));
#2961=CARTESIAN_POINT('',(-0.0902709147458331,0.00770425879535218,0.0514949940732757));
#2962=CARTESIAN_POINT('',(-0.0862709147458331,0.00770425879535218,0.0514949940732757));
#2963=CARTESIAN_POINT('',(-0.0902709147458331,-0.0242957412046478,0.0514949940732757));
#2964=CARTESIAN_POINT('',(-0.0902709147458331,-0.0242957412046478,0.0494949940732757));
#2965=CARTESIAN_POINT('',(-0.0902709147458331,-0.0562957412046478,0.0494949940732757));
#2966=CARTESIAN_POINT('',(-0.0902709147458331,-0.0562957412046478,0.0514949940732757));
#2967=CARTESIAN_POINT('',(-0.0902709147458331,-0.0562957412046478,0.0514949940732757));
#2968=CARTESIAN_POINT('',(-0.0902709147458331,-0.0242957412046478,0.0514949940732757));
#2969=CARTESIAN_POINT('',(-0.0378846749663353,-0.0404020138084888,0.0514949940732757));
#2970=CARTESIAN_POINT('',(-0.0378846749663353,-0.0404020138084888,0.0494949940732757));
#2971=CARTESIAN_POINT('',(-0.0757693499326706,-0.0404020138084888,0.0494949940732757));
#2972=CARTESIAN_POINT('',(0.,-0.0404020138084888,0.0494949940732757));
#2973=CARTESIAN_POINT('',(-0.0757693499326706,-0.0404020138084888,0.0514949940732757));
#2974=CARTESIAN_POINT('',(-0.0757693499326706,-0.0404020138084888,0.0514949940732757));
#2975=CARTESIAN_POINT('',(-0.0378846749663353,-0.0404020138084888,0.0514949940732757));
#2976=CARTESIAN_POINT('',(0.,-0.0404020138084888,0.0514949940732757));
#2977=CARTESIAN_POINT('',(0.,-0.0404020138084888,0.0514949940732757));
#2978=CARTESIAN_POINT('',(-0.0757693499326706,-0.030327657237649,0.0514949940732757));
#2979=CARTESIAN_POINT('',(-0.0757693499326706,-0.030327657237649,0.0494949940732757));
#2980=CARTESIAN_POINT('',(-0.0757693499326706,-0.0202533006668091,0.0494949940732757));
#2981=CARTESIAN_POINT('',(-0.0757693499326706,-0.0202533006668091,0.0514949940732757));
#2982=CARTESIAN_POINT('',(-0.0757693499326706,-0.0202533006668091,0.0514949940732757));
#2983=CARTESIAN_POINT('',(-0.0757693499326706,-0.030327657237649,0.0514949940732757));
#2984=CARTESIAN_POINT('',(-0.0378846749663353,-0.0202533006668091,0.0514949940732757));
#2985=CARTESIAN_POINT('',(-0.0378846749663353,-0.0202533006668091,0.0494949940732757));
#2986=CARTESIAN_POINT('',(0.,-0.0202533006668091,0.0494949940732757));
#2987=CARTESIAN_POINT('',(0.,-0.0202533006668091,0.0514949940732757));
#2988=CARTESIAN_POINT('',(0.,-0.0202533006668091,0.0514949940732757));
#2989=CARTESIAN_POINT('',(-0.0378846749663353,-0.0202533006668091,0.0514949940732757));
#2990=CARTESIAN_POINT('',(-0.0374738982394338,-0.0592190544234992,0.0514949940732757));
#2991=CARTESIAN_POINT('',(-0.0374738982394338,-0.0592190544234992,0.0514949940732757));
#2992=CARTESIAN_POINT('',(-0.0374738982394338,-0.0582190544234992,0.0514949940732757));
#2993=CARTESIAN_POINT('',(-0.0374738982394338,-0.0592190544234992,0.0494949940732757));
#2994=CARTESIAN_POINT('',(-0.0374738982394338,-0.0582190544234992,0.0494949940732757));
#2995=CARTESIAN_POINT('',(-0.0862709147458331,-0.0562957412046478,0.0514949940732757));
#2996=CARTESIAN_POINT('',(-0.0862709147458331,-0.0562957412046478,0.0494949940732757));
#2997=CARTESIAN_POINT('',(-0.0862709147458331,-0.0562957412046478,0.0514949940732757));
#2998=CARTESIAN_POINT('',(0.,-0.030327657237649,0.0514949940732757));
#2999=CARTESIAN_POINT('',(0.,-0.030327657237649,0.0494949940732757));
#3000=CARTESIAN_POINT('',(0.,-0.030327657237649,0.0514949940732757));
#3001=CARTESIAN_POINT('',(-0.0374738982394338,0.010609372701247,0.0514949940732757));
#3002=CARTESIAN_POINT('',(-0.0374738982394338,0.010609372701247,0.0514949940732757));
#3003=CARTESIAN_POINT('',(-0.0364738982394338,0.010609372701247,0.0514949940732757));
#3004=CARTESIAN_POINT('',(-0.0374738982394338,0.010609372701247,0.0494949940732757));
#3005=CARTESIAN_POINT('',(-0.0364738982394338,0.010609372701247,0.0494949940732757));
#3006=CARTESIAN_POINT('',(-0.0372709147458331,-0.0242957412046478,0.0514949940732757));
#3007=CARTESIAN_POINT('',(-0.0372709147458331,-0.0242957412046478,0.0494949940732757));
#3008=CARTESIAN_POINT('',(0.,0.,0.));
#3009=CARTESIAN_POINT('',(0.00228874327150479,-0.0486297183687831,0.0109849940732757));
#3010=CARTESIAN_POINT('',(0.00228874327150479,-0.0486297183687831,0.0409849940732757));
#3011=CARTESIAN_POINT('',(0.00966088751514597,-0.0486297183687831,0.0409849940732757));
#3012=CARTESIAN_POINT('',(0.,-0.0486297183687831,0.0409849940732757));
#3013=CARTESIAN_POINT('',(0.,-0.0486297183687831,0.0109849940732757));
#3014=CARTESIAN_POINT('',(0.,-0.0486297183687831,0.0109849940732757));
#3015=CARTESIAN_POINT('',(0.00228874327150479,-0.0486297183687831,0.0109849940732757));
#3016=CARTESIAN_POINT('',(0.00966088751514597,-0.0486297183687831,0.0109849940732757));
#3017=CARTESIAN_POINT('',(0.00966088751514597,-0.0486297183687831,0.0109849940732757));
#3018=CARTESIAN_POINT('',(0.,-0.0447448012436835,0.0109849940732757));
#3019=CARTESIAN_POINT('',(0.,-0.0447448012436835,0.0409849940732757));
#3020=CARTESIAN_POINT('',(1.7347234759768E-18,-0.0408598841185838,0.0409849940732757));
#3021=CARTESIAN_POINT('',(1.7347234759768E-18,-0.0408598841185838,0.0109849940732757));
#3022=CARTESIAN_POINT('',(1.7347234759768E-18,-0.0408598841185838,0.0109849940732757));
#3023=CARTESIAN_POINT('',(0.,-0.0447448012436835,0.0109849940732757));
#3024=CARTESIAN_POINT('',(0.00483044375757299,-0.0408598841185838,0.0109849940732757));
#3025=CARTESIAN_POINT('',(0.00483044375757299,-0.0408598841185838,0.0409849940732757));
#3026=CARTESIAN_POINT('',(0.00966088751514597,-0.0408598841185838,0.0409849940732757));
#3027=CARTESIAN_POINT('',(0.00966088751514597,-0.0408598841185838,0.0109849940732757));
#3028=CARTESIAN_POINT('',(0.00966088751514597,-0.0408598841185838,0.0109849940732757));
#3029=CARTESIAN_POINT('',(0.00483044375757299,-0.0408598841185838,0.0109849940732757));
#3030=CARTESIAN_POINT('',(0.00966088751514597,-0.0447448012436835,0.0109849940732757));
#3031=CARTESIAN_POINT('',(0.00966088751514597,-0.0447448012436835,0.0409849940732757));
#3032=CARTESIAN_POINT('',(0.00966088751514597,-0.0447448012436835,0.0109849940732757));
#3033=CARTESIAN_POINT('',(0.00512535351515014,-0.0440941843688508,0.0109849940732757));
#3034=CARTESIAN_POINT('',(0.00512535351515014,-0.0440941843688508,0.0109849940732757));
#3035=CARTESIAN_POINT('',(0.00742535351515014,-0.0440941843688508,0.0109849940732757));
#3036=CARTESIAN_POINT('',(0.00512535351515014,-0.0440941843688508,0.0409849940732757));
#3037=CARTESIAN_POINT('',(0.00742535351515014,-0.0440941843688508,0.0409849940732757));
#3038=CARTESIAN_POINT('',(-0.0378746464848519,-0.0210941843688405,0.0109849940732757));
#3039=CARTESIAN_POINT('',(-0.0378746464848519,-0.0210941843688405,0.0409849940732757));
#3040=MECHANICAL_DESIGN_GEOMETRIC_PRESENTATION_REPRESENTATION('',(#1826),#3048);
#3041=MECHANICAL_DESIGN_GEOMETRIC_PRESENTATION_REPRESENTATION('',(#1827),#3049);
#3042=MECHANICAL_DESIGN_GEOMETRIC_PRESENTATION_REPRESENTATION('',(#1828),#3050);
#3043=MECHANICAL_DESIGN_GEOMETRIC_PRESENTATION_REPRESENTATION('',(#1829),#3051);
#3044=MECHANICAL_DESIGN_GEOMETRIC_PRESENTATION_REPRESENTATION('',(#1830),#3052);
#3045=MECHANICAL_DESIGN_GEOMETRIC_PRESENTATION_REPRESENTATION('',(#1831),#3053);
#3046=MECHANICAL_DESIGN_GEOMETRIC_PRESENTATION_REPRESENTATION('',(#1832),#3054);
#3047=MECHANICAL_DESIGN_GEOMETRIC_PRESENTATION_REPRESENTATION('',(#1833),#3055);
#3048=(
GEOMETRIC_REPRESENTATION_CONTEXT(3)
GLOBAL_UNCERTAINTY_ASSIGNED_CONTEXT((#3056))
GLOBAL_UNIT_ASSIGNED_CONTEXT((#3080,#3072,#3064))
REPRESENTATION_CONTEXT('Part 2','TOP_LEVEL_ASSEMBLY_PART')
);
#3049=(
GEOMETRIC_REPRESENTATION_CONTEXT(3)
GLOBAL_UNCERTAINTY_ASSIGNED_CONTEXT((#3057))
GLOBAL_UNIT_ASSIGNED_CONTEXT((#3081,#3073,#3065))
REPRESENTATION_CONTEXT('Part 5','TOP_LEVEL_ASSEMBLY_PART')
);
#3050=(
GEOMETRIC_REPRESENTATION_CONTEXT(3)
GLOBAL_UNCERTAINTY_ASSIGNED_CONTEXT((#3058))
GLOBAL_UNIT_ASSIGNED_CONTEXT((#3082,#3074,#3066))
REPRESENTATION_CONTEXT('Part 1','TOP_LEVEL_ASSEMBLY_PART')
);
#3051=(
GEOMETRIC_REPRESENTATION_CONTEXT(3)
GLOBAL_UNCERTAINTY_ASSIGNED_CONTEXT((#3059))
GLOBAL_UNIT_ASSIGNED_CONTEXT((#3083,#3075,#3067))
REPRESENTATION_CONTEXT('Part 6','TOP_LEVEL_ASSEMBLY_PART')
);
#3052=(
GEOMETRIC_REPRESENTATION_CONTEXT(3)
GLOBAL_UNCERTAINTY_ASSIGNED_CONTEXT((#3060))
GLOBAL_UNIT_ASSIGNED_CONTEXT((#3084,#3076,#3068))
REPRESENTATION_CONTEXT('Part 7','TOP_LEVEL_ASSEMBLY_PART')
);
#3053=(
GEOMETRIC_REPRESENTATION_CONTEXT(3)
GLOBAL_UNCERTAINTY_ASSIGNED_CONTEXT((#3061))
GLOBAL_UNIT_ASSIGNED_CONTEXT((#3085,#3077,#3069))
REPRESENTATION_CONTEXT('Part 3','TOP_LEVEL_ASSEMBLY_PART')
);
#3054=(
GEOMETRIC_REPRESENTATION_CONTEXT(3)
GLOBAL_UNCERTAINTY_ASSIGNED_CONTEXT((#3062))
GLOBAL_UNIT_ASSIGNED_CONTEXT((#3086,#3078,#3070))
REPRESENTATION_CONTEXT('Part 8','TOP_LEVEL_ASSEMBLY_PART')
);
#3055=(
GEOMETRIC_REPRESENTATION_CONTEXT(3)
GLOBAL_UNCERTAINTY_ASSIGNED_CONTEXT((#3063))
GLOBAL_UNIT_ASSIGNED_CONTEXT((#3087,#3079,#3071))
REPRESENTATION_CONTEXT('Part 4','TOP_LEVEL_ASSEMBLY_PART')
);
#3056=UNCERTAINTY_MEASURE_WITH_UNIT(LENGTH_MEASURE(1.E-08),#3080,'DISTANCE_ACCURACY_VALUE','Maximum Tolerance applied to model');
#3057=UNCERTAINTY_MEASURE_WITH_UNIT(LENGTH_MEASURE(1.E-08),#3081,'DISTANCE_ACCURACY_VALUE','Maximum Tolerance applied to model');
#3058=UNCERTAINTY_MEASURE_WITH_UNIT(LENGTH_MEASURE(1.E-08),#3082,'DISTANCE_ACCURACY_VALUE','Maximum Tolerance applied to model');
#3059=UNCERTAINTY_MEASURE_WITH_UNIT(LENGTH_MEASURE(1.E-08),#3083,'DISTANCE_ACCURACY_VALUE','Maximum Tolerance applied to model');
#3060=UNCERTAINTY_MEASURE_WITH_UNIT(LENGTH_MEASURE(1.E-08),#3084,'DISTANCE_ACCURACY_VALUE','Maximum Tolerance applied to model');
#3061=UNCERTAINTY_MEASURE_WITH_UNIT(LENGTH_MEASURE(1.E-08),#3085,'DISTANCE_ACCURACY_VALUE','Maximum Tolerance applied to model');
#3062=UNCERTAINTY_MEASURE_WITH_UNIT(LENGTH_MEASURE(1.E-08),#3086,'DISTANCE_ACCURACY_VALUE','Maximum Tolerance applied to model');
#3063=UNCERTAINTY_MEASURE_WITH_UNIT(LENGTH_MEASURE(1.E-08),#3087,'DISTANCE_ACCURACY_VALUE','Maximum Tolerance applied to model');
#3064=(
NAMED_UNIT(*)
SI_UNIT($,.STERADIAN.)
SOLID_ANGLE_UNIT()
);
#3065=(
NAMED_UNIT(*)
SI_UNIT($,.STERADIAN.)
SOLID_ANGLE_UNIT()
);
#3066=(
NAMED_UNIT(*)
SI_UNIT($,.STERADIAN.)
SOLID_ANGLE_UNIT()
);
#3067=(
NAMED_UNIT(*)
SI_UNIT($,.STERADIAN.)
SOLID_ANGLE_UNIT()
);
#3068=(
NAMED_UNIT(*)
SI_UNIT($,.STERADIAN.)
SOLID_ANGLE_UNIT()
);
#3069=(
NAMED_UNIT(*)
SI_UNIT($,.STERADIAN.)
SOLID_ANGLE_UNIT()
);
#3070=(
NAMED_UNIT(*)
SI_UNIT($,.STERADIAN.)
SOLID_ANGLE_UNIT()
);
#3071=(
NAMED_UNIT(*)
SI_UNIT($,.STERADIAN.)
SOLID_ANGLE_UNIT()
);
#3072=(
NAMED_UNIT(*)
PLANE_ANGLE_UNIT()
SI_UNIT($,.RADIAN.)
);
#3073=(
NAMED_UNIT(*)
PLANE_ANGLE_UNIT()
SI_UNIT($,.RADIAN.)
);
#3074=(
NAMED_UNIT(*)
PLANE_ANGLE_UNIT()
SI_UNIT($,.RADIAN.)
);
#3075=(
NAMED_UNIT(*)
PLANE_ANGLE_UNIT()
SI_UNIT($,.RADIAN.)
);
#3076=(
NAMED_UNIT(*)
PLANE_ANGLE_UNIT()
SI_UNIT($,.RADIAN.)
);
#3077=(
NAMED_UNIT(*)
PLANE_ANGLE_UNIT()
SI_UNIT($,.RADIAN.)
);
#3078=(
NAMED_UNIT(*)
PLANE_ANGLE_UNIT()
SI_UNIT($,.RADIAN.)
);
#3079=(
NAMED_UNIT(*)
PLANE_ANGLE_UNIT()
SI_UNIT($,.RADIAN.)
);
#3080=(
LENGTH_UNIT()
NAMED_UNIT(*)
SI_UNIT($,.METRE.)
);
#3081=(
LENGTH_UNIT()
NAMED_UNIT(*)
SI_UNIT($,.METRE.)
);
#3082=(
LENGTH_UNIT()
NAMED_UNIT(*)
SI_UNIT($,.METRE.)
);
#3083=(
LENGTH_UNIT()
NAMED_UNIT(*)
SI_UNIT($,.METRE.)
);
#3084=(
LENGTH_UNIT()
NAMED_UNIT(*)
SI_UNIT($,.METRE.)
);
#3085=(
LENGTH_UNIT()
NAMED_UNIT(*)
SI_UNIT($,.METRE.)
);
#3086=(
LENGTH_UNIT()
NAMED_UNIT(*)
SI_UNIT($,.METRE.)
);
#3087=(
LENGTH_UNIT()
NAMED_UNIT(*)
SI_UNIT($,.METRE.)
);
#3088=PRODUCT_DEFINITION_SHAPE('','',#3096);
#3089=PRODUCT_DEFINITION_SHAPE('','',#3097);
#3090=PRODUCT_DEFINITION_SHAPE('','',#3098);
#3091=PRODUCT_DEFINITION_SHAPE('','',#3099);
#3092=PRODUCT_DEFINITION_SHAPE('','',#3100);
#3093=PRODUCT_DEFINITION_SHAPE('','',#3101);
#3094=PRODUCT_DEFINITION_SHAPE('','',#3102);
#3095=PRODUCT_DEFINITION_SHAPE('','',#3103);
#3096=PRODUCT_DEFINITION('','',#3112,#3104);
#3097=PRODUCT_DEFINITION('','',#3113,#3105);
#3098=PRODUCT_DEFINITION('','',#3114,#3106);
#3099=PRODUCT_DEFINITION('','',#3115,#3107);
#3100=PRODUCT_DEFINITION('','',#3116,#3108);
#3101=PRODUCT_DEFINITION('','',#3117,#3109);
#3102=PRODUCT_DEFINITION('','',#3118,#3110);
#3103=PRODUCT_DEFINITION('','',#3119,#3111);
#3104=PRODUCT_DEFINITION_CONTEXT('',#3160,'design');
#3105=PRODUCT_DEFINITION_CONTEXT('',#3161,'design');
#3106=PRODUCT_DEFINITION_CONTEXT('',#3162,'design');
#3107=PRODUCT_DEFINITION_CONTEXT('',#3163,'design');
#3108=PRODUCT_DEFINITION_CONTEXT('',#3164,'design');
#3109=PRODUCT_DEFINITION_CONTEXT('',#3165,'design');
#3110=PRODUCT_DEFINITION_CONTEXT('',#3166,'design');
#3111=PRODUCT_DEFINITION_CONTEXT('',#3167,'design');
#3112=PRODUCT_DEFINITION_FORMATION_WITH_SPECIFIED_SOURCE('','',#3128,.NOT_KNOWN.);
#3113=PRODUCT_DEFINITION_FORMATION_WITH_SPECIFIED_SOURCE('','',#3129,.NOT_KNOWN.);
#3114=PRODUCT_DEFINITION_FORMATION_WITH_SPECIFIED_SOURCE('','',#3130,.NOT_KNOWN.);
#3115=PRODUCT_DEFINITION_FORMATION_WITH_SPECIFIED_SOURCE('','',#3131,.NOT_KNOWN.);
#3116=PRODUCT_DEFINITION_FORMATION_WITH_SPECIFIED_SOURCE('','',#3132,.NOT_KNOWN.);
#3117=PRODUCT_DEFINITION_FORMATION_WITH_SPECIFIED_SOURCE('','',#3133,.NOT_KNOWN.);
#3118=PRODUCT_DEFINITION_FORMATION_WITH_SPECIFIED_SOURCE('','',#3134,.NOT_KNOWN.);
#3119=PRODUCT_DEFINITION_FORMATION_WITH_SPECIFIED_SOURCE('','',#3135,.NOT_KNOWN.);
#3120=PRODUCT_RELATED_PRODUCT_CATEGORY('','',(#3128));
#3121=PRODUCT_RELATED_PRODUCT_CATEGORY('','',(#3129));
#3122=PRODUCT_RELATED_PRODUCT_CATEGORY('','',(#3130));
#3123=PRODUCT_RELATED_PRODUCT_CATEGORY('','',(#3131));
#3124=PRODUCT_RELATED_PRODUCT_CATEGORY('','',(#3132));
#3125=PRODUCT_RELATED_PRODUCT_CATEGORY('','',(#3133));
#3126=PRODUCT_RELATED_PRODUCT_CATEGORY('','',(#3134));
#3127=PRODUCT_RELATED_PRODUCT_CATEGORY('','',(#3135));
#3128=PRODUCT('Part 2','Part 2','Part 2',(#3144));
#3129=PRODUCT('Part 5','Part 5','Part 5',(#3145));
#3130=PRODUCT('Part 1','Part 1','Part 1',(#3146));
#3131=PRODUCT('Part 6','Part 6','Part 6',(#3147));
#3132=PRODUCT('Part 7','Part 7','Part 7',(#3148));
#3133=PRODUCT('Part 3','Part 3','Part 3',(#3149));
#3134=PRODUCT('Part 8','Part 8','Part 8',(#3150));
#3135=PRODUCT('Part 4','Part 4','Part 4',(#3151));
#3136=PRODUCT_CATEGORY('','');
#3137=PRODUCT_CATEGORY('','');
#3138=PRODUCT_CATEGORY('','');
#3139=PRODUCT_CATEGORY('','');
#3140=PRODUCT_CATEGORY('','');
#3141=PRODUCT_CATEGORY('','');
#3142=PRODUCT_CATEGORY('','');
#3143=PRODUCT_CATEGORY('','');
#3144=PRODUCT_CONTEXT('',#3160,'mechanical');
#3145=PRODUCT_CONTEXT('',#3161,'mechanical');
#3146=PRODUCT_CONTEXT('',#3162,'mechanical');
#3147=PRODUCT_CONTEXT('',#3163,'mechanical');
#3148=PRODUCT_CONTEXT('',#3164,'mechanical');
#3149=PRODUCT_CONTEXT('',#3165,'mechanical');
#3150=PRODUCT_CONTEXT('',#3166,'mechanical');
#3151=PRODUCT_CONTEXT('',#3167,'mechanical');
#3152=APPLICATION_PROTOCOL_DEFINITION('international standard','ap242_managed_model_based_3d_engineering',2020,#3160);
#3153=APPLICATION_PROTOCOL_DEFINITION('international standard','ap242_managed_model_based_3d_engineering',2020,#3161);
#3154=APPLICATION_PROTOCOL_DEFINITION('international standard','ap242_managed_model_based_3d_engineering',2020,#3162);
#3155=APPLICATION_PROTOCOL_DEFINITION('international standard','ap242_managed_model_based_3d_engineering',2020,#3163);
#3156=APPLICATION_PROTOCOL_DEFINITION('international standard','ap242_managed_model_based_3d_engineering',2020,#3164);
#3157=APPLICATION_PROTOCOL_DEFINITION('international standard','ap242_managed_model_based_3d_engineering',2020,#3165);
#3158=APPLICATION_PROTOCOL_DEFINITION('international standard','ap242_managed_model_based_3d_engineering',2020,#3166);
#3159=APPLICATION_PROTOCOL_DEFINITION('international standard','ap242_managed_model_based_3d_engineering',2020,#3167);
#3160=APPLICATION_CONTEXT('managed model based 3d engineering');
#3161=APPLICATION_CONTEXT('managed model based 3d engineering');
#3162=APPLICATION_CONTEXT('managed model based 3d engineering');
#3163=APPLICATION_CONTEXT('managed model based 3d engineering');
#3164=APPLICATION_CONTEXT('managed model based 3d engineering');
#3165=APPLICATION_CONTEXT('managed model based 3d engineering');
#3166=APPLICATION_CONTEXT('managed model based 3d engineering');
#3167=APPLICATION_CONTEXT('managed model based 3d engineering');
#3168=SHAPE_ASPECT('DISTANCE.F5R7raA16wibyoY_4',$,#3095,.T.);
#3169=GEOMETRIC_ITEM_SPECIFIC_USAGE('','',#3168,#25,#1817);
#3170=SHAPE_ASPECT('DISTANCE.F5R7raA16wibyoY_4',$,#3095,.T.);
#3171=GEOMETRIC_ITEM_SPECIFIC_USAGE('','',#3170,#25,#1816);
#3172=DIMENSIONAL_LOCATION('linear distance','DISTANCE.F5R7raA16wibyoY_4',#3168,#3170);
#3174=(
LENGTH_UNIT()
NAMED_UNIT(*)
SI_UNIT(.MILLI.,.METRE.)
);
#3175=PRECISION_QUALIFIER(3);
#3173=(
LENGTH_MEASURE_WITH_UNIT()
MEASURE_REPRESENTATION_ITEM()
MEASURE_WITH_UNIT(POSITIVE_LENGTH_MEASURE(30.),#3174)
QUALIFIED_REPRESENTATION_ITEM((#3175))
REPRESENTATION_ITEM('nominal value')
);
#3176=SHAPE_DIMENSION_REPRESENTATION('',(#3173),#3055);
#3177=DIMENSIONAL_CHARACTERISTIC_REPRESENTATION(#3172,#3176);
#3178=PRESENTATION_STYLE_ASSIGNMENT((NULL_STYLE(.NULL.)));
#3179=CARTESIAN_POINT('',(0.00483044375757298,-0.050572176931333,0.0259849940732757));
#3180=DIRECTION('',(-1.,0.,0.));
#3181=DIRECTION('',(0.,0.,-1.));
#3182=AXIS2_PLACEMENT_3D('',#3179,#3180,#3181);
#3183=PLANE('',#3182);
#3184=ANNOTATION_PLANE('',(#3178),#3183,(#3211));
#3185=CARTESIAN_POINT('',(0.,0.,0.));
#3186=DIRECTION('',(0.,0.,1.));
#3187=DIRECTION('',(1.,0.,0.));
#3188=AXIS2_PLACEMENT_3D('',#3185,#3186,#3187);
#3189=CARTESIAN_POINT('',(0.,0.,0.));
#3190=DIRECTION('',(0.,0.,1.));
#3191=DIRECTION('',(1.,0.,0.));
#3192=AXIS2_PLACEMENT_3D('',#3189,#3190,#3191);
#3193=SHAPE_REPRESENTATION('',(#3192,#1891),#3055);
#3194=REPRESENTATION_MAP(#3188,#3193);
#3195=MAPPED_ITEM('',#3194,#3188);
#3196=PRESENTATION_STYLE_ASSIGNMENT((NULL_STYLE(.NULL.)));
#3197=STYLED_ITEM('',(#3196),#3195);
#3198=DRAUGHTING_MODEL('',(#3184,#3188,#3195,#3197),#3055);
#3199=DRAUGHTING_PRE_DEFINED_CURVE_FONT('continuous');
#3200=COLOUR_RGB('',0.,0.,0.);
#3201=CURVE_STYLE('',#3199,POSITIVE_LENGTH_MEASURE(0.02),#3200);
#3202=PRESENTATION_STYLE_ASSIGNMENT((#3201));
#3203=COORDINATES_LIST('coordinates',810,((0.0048304,-0.0514666,0.0383017),(0.0048304,-0.0505722,0.0409850),(0.0048304,-0.0496777,0.0383017),(0.0048304,-0.0496777,0.0136683),(0.0048304,-0.0505722,0.0109850),(0.0048304,-0.0514666,0.0136683),(0.0048304,-0.0497271,0.0235900),(0.0048304,-0.0514173,0.0235900),(0.0048304,-0.0515496,0.0235953),(0.0048304,-0.0497271,0.0235900),(0.0048304,-0.0515496,0.0235953),(0.0048304,-0.0516759,0.0236114),(0.0048304,-0.0497271,0.0235900),(0.0048304,-0.0516759,0.0236114),(0.0048304,-0.0517960,0.0236381),(0.0048304,-0.0497271,0.0235900),(0.0048304,-0.0517960,0.0236381),(0.0048304,-0.0519099,0.0236754),(0.0048304,-0.0497271,0.0235900),(0.0048304,-0.0519099,0.0236754),(0.0048304,-0.0520177,0.0237235),(0.0048304,-0.0497271,0.0235900),(0.0048304,-0.0520177,0.0237235),(0.0048304,-0.0521193,0.0237823),(0.0048304,-0.0497271,0.0235900),(0.0048304,-0.0521193,0.0237823),(0.0048304,-0.0522148,0.0238517),(0.0048304,-0.0497271,0.0235900),(0.0048304,-0.0522148,0.0238517),(0.0048304,-0.0523041,0.0239318),(0.0048304,-0.0497271,0.0235900),(0.0048304,-0.0523041,0.0239318),(0.0048304,-0.0523736,0.0240081),(0.0048304,-0.0497271,0.0235900),(0.0048304,-0.0523736,0.0240081),(0.0048304,-0.0524338,0.0240876),(0.0048304,-0.0497271,0.0235900),(0.0048304,-0.0524338,0.0240876),(0.0048304,-0.0524847,0.0241704),(0.0048304,-0.0524847,0.0241704),(0.0048304,-0.0525264,0.0242565),(0.0048304,-0.0525588,0.0243458),(0.0048304,-0.0524847,0.0241704),(0.0048304,-0.0525588,0.0243458),(0.0048304,-0.0525820,0.0244384),(0.0048304,-0.0524847,0.0241704),(0.0048304,-0.0525820,0.0244384),(0.0048304,-0.0525958,0.0245343),(0.0048304,-0.0524847,0.0241704),(0.0048304,-0.0525958,0.0245343),(0.0048304,-0.0526005,0.0246335),(0.0048304,-0.0524847,0.0241704),(0.0048304,-0.0526005,0.0246335),(0.0048304,-0.0525958,0.0247310),(0.0048304,-0.0524847,0.0241704),(0.0048304,-0.0525958,0.0247310),(0.0048304,-0.0525816,0.0248255),(0.0048304,-0.0524847,0.0241704),(0.0048304,-0.0525816,0.0248255),(0.0048304,-0.0525581,0.0249171),(0.0048304,-0.0524847,0.0241704),(0.0048304,-0.0525581,0.0249171),(0.0048304,-0.0525251,0.0250058),(0.0048304,-0.0524847,0.0241704),(0.0048304,-0.0525251,0.0250058),(0.0048304,-0.0524827,0.0250915),(0.0048304,-0.0524847,0.0241704),(0.0048304,-0.0524827,0.0250915),(0.0048304,-0.0524308,0.0251742),(0.0048304,-0.0524847,0.0241704),(0.0048304,-0.0524308,0.0251742),(0.0048304,-0.0523695,0.0252541),(0.0048304,-0.0524847,0.0241704),(0.0048304,-0.0523695,0.0252541),(0.0048304,-0.0522988,0.0253309),(0.0048304,-0.0522988,0.0253309),(0.0048304,-0.0520025,0.0250272),(0.0048304,-0.0520784,0.0249357),(0.0048304,-0.0522988,0.0253309),(0.0048304,-0.0520784,0.0249357),(0.0048304,-0.0521327,0.0248388),(0.0048304,-0.0524847,0.0241704),(0.0048304,-0.0522988,0.0253309),(0.0048304,-0.0521327,0.0248388),(0.0048304,-0.0524847,0.0241704),(0.0048304,-0.0521327,0.0248388),(0.0048304,-0.0521652,0.0247367),(0.0048304,-0.0524847,0.0241704),(0.0048304,-0.0521652,0.0247367),(0.0048304,-0.0521761,0.0246293),(0.0048304,-0.0524847,0.0241704),(0.0048304,-0.0521761,0.0246293),(0.0048304,-0.0521650,0.0245210),(0.0048304,-0.0524847,0.0241704),(0.0048304,-0.0521650,0.0245210),(0.0048304,-0.0521316,0.0244184),(0.0048304,-0.0524847,0.0241704),(0.0048304,-0.0521316,0.0244184),(0.0048304,-0.0520761,0.0243215),(0.0048304,-0.0524847,0.0241704),(0.0048304,-0.0520761,0.0243215),(0.0048304,-0.0519983,0.0242303),(0.0048304,-0.0524847,0.0241704),(0.0048304,-0.0519983,0.0242303),(0.0048304,-0.0518822,0.0241372),(0.0048304,-0.0524847,0.0241704),(0.0048304,-0.0518822,0.0241372),(0.0048304,-0.0517467,0.0240707),(0.0048304,-0.0524847,0.0241704),(0.0048304,-0.0517467,0.0240707),(0.0048304,-0.0516716,0.0240475),(0.0048304,-0.0497271,0.0235900),(0.0048304,-0.0524847,0.0241704),(0.0048304,-0.0516716,0.0240475),(0.0048304,-0.0497271,0.0235900),(0.0048304,-0.0516716,0.0240475),(0.0048304,-0.0515917,0.0240308),(0.0048304,-0.0497271,0.0235900),(0.0048304,-0.0515917,0.0240308),(0.0048304,-0.0515069,0.0240209),(0.0048304,-0.0497271,0.0235900),(0.0048304,-0.0515069,0.0240209),(0.0048304,-0.0514173,0.0240176),(0.0048304,-0.0497271,0.0235900),(0.0048304,-0.0514173,0.0240176),(0.0048304,-0.0497271,0.0240176),(0.0048304,-0.0497271,0.0235900),(0.0048304,-0.0497271,0.0240176),(0.0048304,-0.0496401,0.0240209),(0.0048304,-0.0497271,0.0235900),(0.0048304,-0.0496401,0.0240209),(0.0048304,-0.0495573,0.0240308),(0.0048304,-0.0497271,0.0235900),(0.0048304,-0.0495573,0.0240308),(0.0048304,-0.0494046,0.0240707),(0.0048304,-0.0497271,0.0235900),(0.0048304,-0.0494046,0.0240707),(0.0048304,-0.0492689,0.0241372),(0.0048304,-0.0497271,0.0235900),(0.0048304,-0.0492689,0.0241372),(0.0048304,-0.0491503,0.0242303),(0.0048304,-0.0518862,0.0251212),(0.0048304,-0.0520025,0.0250272),(0.0048304,-0.0522988,0.0253309),(0.0048304,-0.0517498,0.0251883),(0.0048304,-0.0518862,0.0251212),(0.0048304,-0.0522988,0.0253309),(0.0048304,-0.0515935,0.0252286),(0.0048304,-0.0517498,0.0251883),(0.0048304,-0.0522988,0.0253309),(0.0048304,-0.0515079,0.0252387),(0.0048304,-0.0515935,0.0252286),(0.0048304,-0.0522988,0.0253309),(0.0048304,-0.0514173,0.0252420),(0.0048304,-0.0515079,0.0252387),(0.0048304,-0.0522988,0.0253309),(0.0048304,-0.0497197,0.0252420),(0.0048304,-0.0514173,0.0252420),(0.0048304,-0.0522988,0.0253309),(0.0048304,-0.0497197,0.0252420),(0.0048304,-0.0522988,0.0253309),(0.0048304,-0.0522108,0.0254106),(0.0048304,-0.0496314,0.0252387),(0.0048304,-0.0497197,0.0252420),(0.0048304,-0.0522108,0.0254106),(0.0048304,-0.0496314,0.0252387),(0.0048304,-0.0522108,0.0254106),(0.0048304,-0.0521166,0.0254796),(0.0048304,-0.0496314,0.0252387),(0.0048304,-0.0521166,0.0254796),(0.0048304,-0.0520162,0.0255380),(0.0048304,-0.0495480,0.0252287),(0.0048304,-0.0496314,0.0252387),(0.0048304,-0.0520162,0.0255380),(0.0048304,-0.0495480,0.0252287),(0.0048304,-0.0520162,0.0255380),(0.0048304,-0.0519096,0.0255857),(0.0048304,-0.0495480,0.0252287),(0.0048304,-0.0519096,0.0255857),(0.0048304,-0.0517969,0.0256229),(0.0048304,-0.0495480,0.0252287),(0.0048304,-0.0517969,0.0256229),(0.0048304,-0.0516779,0.0256494),(0.0048304,-0.0495480,0.0252287),(0.0048304,-0.0516779,0.0256494),(0.0048304,-0.0515528,0.0256654),(0.0048304,-0.0494695,0.0252121),(0.0048304,-0.0495480,0.0252287),(0.0048304,-0.0515528,0.0256654),(0.0048304,-0.0494695,0.0252121),(0.0048304,-0.0515528,0.0256654),(0.0048304,-0.0514215,0.0256707),(0.0048304,-0.0494695,0.0252121),(0.0048304,-0.0514215,0.0256707),(0.0048304,-0.0497271,0.0256707),(0.0048304,-0.0493958,0.0251889),(0.0048304,-0.0494695,0.0252121),(0.0048304,-0.0497271,0.0256707),(0.0048304,-0.0492633,0.0251224),(0.0048304,-0.0493958,0.0251889),(0.0048304,-0.0497271,0.0256707),(0.0048304,-0.0491503,0.0250293),(0.0048304,-0.0492633,0.0251224),(0.0048304,-0.0497271,0.0256707),(0.0048304,-0.0491503,0.0250293),(0.0048304,-0.0497271,0.0256707),(0.0048304,-0.0497197,0.0256707),(0.0048304,-0.0491503,0.0250293),(0.0048304,-0.0497197,0.0256707),(0.0048304,-0.0495892,0.0256654),(0.0048304,-0.0490716,0.0249341),(0.0048304,-0.0491503,0.0250293),(0.0048304,-0.0495892,0.0256654),(0.0048304,-0.0490716,0.0249341),(0.0048304,-0.0495892,0.0256654),(0.0048304,-0.0494649,0.0256494),(0.0048304,-0.0490154,0.0248356),(0.0048304,-0.0490716,0.0249341),(0.0048304,-0.0494649,0.0256494),(0.0048304,-0.0490154,0.0248356),(0.0048304,-0.0494649,0.0256494),(0.0048304,-0.0493468,0.0256229),(0.0048304,-0.0490154,0.0248356),(0.0048304,-0.0493468,0.0256229),(0.0048304,-0.0492350,0.0255857),(0.0048304,-0.0489816,0.0247340),(0.0048304,-0.0490154,0.0248356),(0.0048304,-0.0492350,0.0255857),(0.0048304,-0.0489816,0.0247340),(0.0048304,-0.0492350,0.0255857),(0.0048304,-0.0491293,0.0255380),(0.0048304,-0.0489816,0.0247340),(0.0048304,-0.0491293,0.0255380),(0.0048304,-0.0490299,0.0254796),(0.0048304,-0.0489704,0.0246293),(0.0048304,-0.0489816,0.0247340),(0.0048304,-0.0490299,0.0254796),(0.0048304,-0.0489704,0.0246293),(0.0048304,-0.0490299,0.0254796),(0.0048304,-0.0489367,0.0254106),(0.0048304,-0.0489704,0.0246293),(0.0048304,-0.0489367,0.0254106),(0.0048304,-0.0488497,0.0253309),(0.0048304,-0.0489816,0.0245202),(0.0048304,-0.0489704,0.0246293),(0.0048304,-0.0488497,0.0253309),(0.0048304,-0.0489816,0.0245202),(0.0048304,-0.0488497,0.0253309),(0.0048304,-0.0487781,0.0252526),(0.0048304,-0.0489816,0.0245202),(0.0048304,-0.0487781,0.0252526),(0.0048304,-0.0487159,0.0251716),(0.0048304,-0.0490154,0.0244173),(0.0048304,-0.0489816,0.0245202),(0.0048304,-0.0487159,0.0251716),(0.0048304,-0.0490154,0.0244173),(0.0048304,-0.0487159,0.0251716),(0.0048304,-0.0486634,0.0250879),(0.0048304,-0.0490154,0.0244173),(0.0048304,-0.0486634,0.0250879),(0.0048304,-0.0486203,0.0250015),(0.0048304,-0.0490716,0.0243207),(0.0048304,-0.0490154,0.0244173),(0.0048304,-0.0486203,0.0250015),(0.0048304,-0.0490716,0.0243207),(0.0048304,-0.0486203,0.0250015),(0.0048304,-0.0485869,0.0249125),(0.0048304,-0.0490716,0.0243207),(0.0048304,-0.0485869,0.0249125),(0.0048304,-0.0485630,0.0248208),(0.0048304,-0.0491503,0.0242303),(0.0048304,-0.0490716,0.0243207),(0.0048304,-0.0485630,0.0248208),(0.0048304,-0.0497271,0.0235900),(0.0048304,-0.0491503,0.0242303),(0.0048304,-0.0485630,0.0248208),(0.0048304,-0.0497271,0.0235900),(0.0048304,-0.0485630,0.0248208),(0.0048304,-0.0485487,0.0247264),(0.0048304,-0.0497271,0.0235900),(0.0048304,-0.0485487,0.0247264),(0.0048304,-0.0485439,0.0246293),(0.0048304,-0.0497271,0.0235900),(0.0048304,-0.0485439,0.0246293),(0.0048304,-0.0485487,0.0245311),(0.0048304,-0.0497271,0.0235900),(0.0048304,-0.0485487,0.0245311),(0.0048304,-0.0485630,0.0244359),(0.0048304,-0.0497271,0.0235900),(0.0048304,-0.0485630,0.0244359),(0.0048304,-0.0485869,0.0243439),(0.0048304,-0.0497271,0.0235900),(0.0048304,-0.0485869,0.0243439),(0.0048304,-0.0486203,0.0242549),(0.0048304,-0.0497271,0.0235900),(0.0048304,-0.0486203,0.0242549),(0.0048304,-0.0486634,0.0241690),(0.0048304,-0.0497271,0.0235900),(0.0048304,-0.0486634,0.0241690),(0.0048304,-0.0487159,0.0240861),(0.0048304,-0.0497271,0.0235900),(0.0048304,-0.0487159,0.0240861),(0.0048304,-0.0487781,0.0240064),(0.0048304,-0.0497271,0.0235900),(0.0048304,-0.0487781,0.0240064),(0.0048304,-0.0488497,0.0239297),(0.0048304,-0.0497271,0.0235900),(0.0048304,-0.0488497,0.0239297),(0.0048304,-0.0489385,0.0238501),(0.0048304,-0.0497271,0.0235900),(0.0048304,-0.0489385,0.0238501),(0.0048304,-0.0490332,0.0237811),(0.0048304,-0.0497271,0.0235900),(0.0048304,-0.0490332,0.0237811),(0.0048304,-0.0491339,0.0237227),(0.0048304,-0.0497271,0.0235900),(0.0048304,-0.0491339,0.0237227),(0.0048304,-0.0492405,0.0236749),(0.0048304,-0.0497271,0.0235900),(0.0048304,-0.0492405,0.0236749),(0.0048304,-0.0493532,0.0236378),(0.0048304,-0.0497271,0.0235900),(0.0048304,-0.0493532,0.0236378),(0.0048304,-0.0494718,0.0236112),(0.0048304,-0.0497271,0.0235900),(0.0048304,-0.0494718,0.0236112),(0.0048304,-0.0495965,0.0235953),(0.0048304,-0.0503124,0.0267544),(0.0048304,-0.0503886,0.0266700),(0.0048304,-0.0504817,0.0265861),(0.0048304,-0.0503124,0.0267544),(0.0048304,-0.0504817,0.0265861),(0.0048304,-0.0505740,0.0265189),(0.0048304,-0.0503124,0.0267544),(0.0048304,-0.0505740,0.0265189),(0.0048304,-0.0506717,0.0264606),(0.0048304,-0.0503124,0.0267544),(0.0048304,-0.0506717,0.0264606),(0.0048304,-0.0507746,0.0264114),(0.0048304,-0.0503124,0.0267544),(0.0048304,-0.0507746,0.0264114),(0.0048304,-0.0508828,0.0263710),(0.0048304,-0.0503124,0.0267544),(0.0048304,-0.0508828,0.0263710),(0.0048304,-0.0509963,0.0263397),(0.0048304,-0.0503124,0.0267544),(0.0048304,-0.0509963,0.0263397),(0.0048304,-0.0511151,0.0263172),(0.0048304,-0.0503124,0.0267544),(0.0048304,-0.0511151,0.0263172),(0.0048304,-0.0512392,0.0263038),(0.0048304,-0.0503124,0.0267544),(0.0048304,-0.0512392,0.0263038),(0.0048304,-0.0513686,0.0262993),(0.0048304,-0.0503124,0.0267544),(0.0048304,-0.0513686,0.0262993),(0.0048304,-0.0514966,0.0263038),(0.0048304,-0.0503124,0.0267544),(0.0048304,-0.0514966,0.0263038),(0.0048304,-0.0516195,0.0263174),(0.0048304,-0.0503124,0.0267544),(0.0048304,-0.0516195,0.0263174),(0.0048304,-0.0517370,0.0263399),(0.0048304,-0.0503124,0.0267544),(0.0048304,-0.0517370,0.0263399),(0.0048304,-0.0518493,0.0263716),(0.0048304,-0.0503124,0.0267544),(0.0048304,-0.0518493,0.0263716),(0.0048304,-0.0519564,0.0264122),(0.0048304,-0.0503124,0.0267544),(0.0048304,-0.0519564,0.0264122),(0.0048304,-0.0520581,0.0264618),(0.0048304,-0.0503124,0.0267544),(0.0048304,-0.0520581,0.0264618),(0.0048304,-0.0521547,0.0265205),(0.0048304,-0.0503124,0.0267544),(0.0048304,-0.0521547,0.0265205),(0.0048304,-0.0522459,0.0265882),(0.0048304,-0.0503124,0.0267544),(0.0048304,-0.0522459,0.0265882),(0.0048304,-0.0523283,0.0266627),(0.0048304,-0.0523283,0.0266627),(0.0048304,-0.0523997,0.0267427),(0.0048304,-0.0524600,0.0268282),(0.0048304,-0.0523283,0.0266627),(0.0048304,-0.0524600,0.0268282),(0.0048304,-0.0525095,0.0269192),(0.0048304,-0.0523283,0.0266627),(0.0048304,-0.0525095,0.0269192),(0.0048304,-0.0525479,0.0270158),(0.0048304,-0.0523283,0.0266627),(0.0048304,-0.0525479,0.0270158),(0.0048304,-0.0525753,0.0271179),(0.0048304,-0.0523283,0.0266627),(0.0048304,-0.0525753,0.0271179),(0.0048304,-0.0525918,0.0272255),(0.0048304,-0.0523283,0.0266627),(0.0048304,-0.0525918,0.0272255),(0.0048304,-0.0525973,0.0273386),(0.0048304,-0.0523283,0.0266627),(0.0048304,-0.0525973,0.0273386),(0.0048304,-0.0525916,0.0274563),(0.0048304,-0.0523283,0.0266627),(0.0048304,-0.0525916,0.0274563),(0.0048304,-0.0525745,0.0275674),(0.0048304,-0.0523283,0.0266627),(0.0048304,-0.0525745,0.0275674),(0.0048304,-0.0525460,0.0276720),(0.0048304,-0.0523283,0.0266627),(0.0048304,-0.0525460,0.0276720),(0.0048304,-0.0525060,0.0277701),(0.0048304,-0.0523283,0.0266627),(0.0048304,-0.0525060,0.0277701),(0.0048304,-0.0524547,0.0278617),(0.0048304,-0.0523283,0.0266627),(0.0048304,-0.0524547,0.0278617),(0.0048304,-0.0523919,0.0279468),(0.0048304,-0.0523283,0.0266627),(0.0048304,-0.0523919,0.0279468),(0.0048304,-0.0523177,0.0280254),(0.0048304,-0.0523283,0.0266627),(0.0048304,-0.0523177,0.0280254),(0.0048304,-0.0522322,0.0280974),(0.0048304,-0.0523283,0.0266627),(0.0048304,-0.0522322,0.0280974),(0.0048304,-0.0521371,0.0281637),(0.0048304,-0.0523283,0.0266627),(0.0048304,-0.0521371,0.0281637),(0.0048304,-0.0520361,0.0282211),(0.0048304,-0.0520361,0.0282211),(0.0048304,-0.0519290,0.0282696),(0.0048304,-0.0518160,0.0283094),(0.0048304,-0.0520361,0.0282211),(0.0048304,-0.0518160,0.0283094),(0.0048304,-0.0516970,0.0283403),(0.0048304,-0.0520361,0.0282211),(0.0048304,-0.0516970,0.0283403),(0.0048304,-0.0515720,0.0283623),(0.0048304,-0.0520361,0.0282211),(0.0048304,-0.0515720,0.0283623),(0.0048304,-0.0514410,0.0283756),(0.0048304,-0.0520361,0.0282211),(0.0048304,-0.0514410,0.0283756),(0.0048304,-0.0513040,0.0283800),(0.0048304,-0.0520361,0.0282211),(0.0048304,-0.0513040,0.0283800),(0.0048304,-0.0512220,0.0283647),(0.0048304,-0.0520361,0.0282211),(0.0048304,-0.0512220,0.0283647),(0.0048304,-0.0511537,0.0283186),(0.0048304,-0.0520361,0.0282211),(0.0048304,-0.0511537,0.0283186),(0.0048304,-0.0511077,0.0282501),(0.0048304,-0.0520361,0.0282211),(0.0048304,-0.0511077,0.0282501),(0.0048304,-0.0510923,0.0281673),(0.0048304,-0.0520361,0.0282211),(0.0048304,-0.0510923,0.0281673),(0.0048304,-0.0511077,0.0280842),(0.0048304,-0.0520361,0.0282211),(0.0048304,-0.0511077,0.0280842),(0.0048304,-0.0511537,0.0280149),(0.0048304,-0.0520361,0.0282211),(0.0048304,-0.0511537,0.0280149),(0.0048304,-0.0512220,0.0279673),(0.0048304,-0.0520361,0.0282211),(0.0048304,-0.0512220,0.0279673),(0.0048304,-0.0513040,0.0279514),(0.0048304,-0.0520361,0.0282211),(0.0048304,-0.0513040,0.0279514),(0.0048304,-0.0514041,0.0279487),(0.0048304,-0.0520361,0.0282211),(0.0048304,-0.0514041,0.0279487),(0.0048304,-0.0514984,0.0279405),(0.0048304,-0.0520361,0.0282211),(0.0048304,-0.0514984,0.0279405),(0.0048304,-0.0515870,0.0279270),(0.0048304,-0.0520361,0.0282211),(0.0048304,-0.0515870,0.0279270),(0.0048304,-0.0516699,0.0279080),(0.0048304,-0.0520361,0.0282211),(0.0048304,-0.0516699,0.0279080),(0.0048304,-0.0518186,0.0278537),(0.0048304,-0.0520361,0.0282211),(0.0048304,-0.0518186,0.0278537),(0.0048304,-0.0519443,0.0277778),(0.0048304,-0.0520361,0.0282211),(0.0048304,-0.0519443,0.0277778),(0.0048304,-0.0520439,0.0276873),(0.0048304,-0.0520361,0.0282211),(0.0048304,-0.0520439,0.0276873),(0.0048304,-0.0521150,0.0275839),(0.0048304,-0.0520361,0.0282211),(0.0048304,-0.0521150,0.0275839),(0.0048304,-0.0521576,0.0274677),(0.0048304,-0.0523283,0.0266627),(0.0048304,-0.0520361,0.0282211),(0.0048304,-0.0521576,0.0274677),(0.0048304,-0.0523283,0.0266627),(0.0048304,-0.0521576,0.0274677),(0.0048304,-0.0521718,0.0273386),(0.0048304,-0.0523283,0.0266627),(0.0048304,-0.0521718,0.0273386),(0.0048304,-0.0521584,0.0272150),(0.0048304,-0.0523283,0.0266627),(0.0048304,-0.0521584,0.0272150),(0.0048304,-0.0521181,0.0271015),(0.0048304,-0.0523283,0.0266627),(0.0048304,-0.0521181,0.0271015),(0.0048304,-0.0520510,0.0269981),(0.0048304,-0.0523283,0.0266627),(0.0048304,-0.0520510,0.0269981),(0.0048304,-0.0519570,0.0269047),(0.0048304,-0.0523283,0.0266627),(0.0048304,-0.0519570,0.0269047),(0.0048304,-0.0518393,0.0268269),(0.0048304,-0.0523283,0.0266627),(0.0048304,-0.0518393,0.0268269),(0.0048304,-0.0517019,0.0267713),(0.0048304,-0.0523283,0.0266627),(0.0048304,-0.0517019,0.0267713),(0.0048304,-0.0516259,0.0267519),(0.0048304,-0.0523283,0.0266627),(0.0048304,-0.0516259,0.0267519),(0.0048304,-0.0515450,0.0267380),(0.0048304,-0.0523283,0.0266627),(0.0048304,-0.0515450,0.0267380),(0.0048304,-0.0514593,0.0267297),(0.0048304,-0.0523283,0.0266627),(0.0048304,-0.0514593,0.0267297),(0.0048304,-0.0513686,0.0267269),(0.0048304,-0.0503124,0.0267544),(0.0048304,-0.0523283,0.0266627),(0.0048304,-0.0513686,0.0267269),(0.0048304,-0.0503124,0.0267544),(0.0048304,-0.0513686,0.0267269),(0.0048304,-0.0512770,0.0267296),(0.0048304,-0.0503124,0.0267544),(0.0048304,-0.0512770,0.0267296),(0.0048304,-0.0511902,0.0267379),(0.0048304,-0.0503124,0.0267544),(0.0048304,-0.0511902,0.0267379),(0.0048304,-0.0510310,0.0267708),(0.0048304,-0.0503124,0.0267544),(0.0048304,-0.0510310,0.0267708),(0.0048304,-0.0508907,0.0268257),(0.0048304,-0.0503124,0.0267544),(0.0048304,-0.0508907,0.0268257),(0.0048304,-0.0507696,0.0269026),(0.0048304,-0.0503124,0.0267544),(0.0048304,-0.0507696,0.0269026),(0.0048304,-0.0506719,0.0269960),(0.0048304,-0.0503124,0.0267544),(0.0048304,-0.0506719,0.0269960),(0.0048304,-0.0506021,0.0271018),(0.0048304,-0.0502637,0.0267068),(0.0048304,-0.0503124,0.0267544),(0.0048304,-0.0506021,0.0271018),(0.0048304,-0.0502637,0.0267068),(0.0048304,-0.0506021,0.0271018),(0.0048304,-0.0505602,0.0272199),(0.0048304,-0.0502637,0.0267068),(0.0048304,-0.0505602,0.0272199),(0.0048304,-0.0505462,0.0273502),(0.0048304,-0.0502637,0.0267068),(0.0048304,-0.0505462,0.0273502),(0.0048304,-0.0505462,0.0274169),(0.0048304,-0.0502637,0.0267068),(0.0048304,-0.0505462,0.0274169),(0.0048304,-0.0505304,0.0274984),(0.0048304,-0.0502637,0.0267068),(0.0048304,-0.0505304,0.0274984),(0.0048304,-0.0504827,0.0275672),(0.0048304,-0.0502637,0.0267068),(0.0048304,-0.0504827,0.0275672),(0.0048304,-0.0504134,0.0276140),(0.0048304,-0.0502637,0.0267068),(0.0048304,-0.0504134,0.0276140),(0.0048304,-0.0503325,0.0276296),(0.0048304,-0.0502637,0.0267068),(0.0048304,-0.0503325,0.0276296),(0.0048304,-0.0502518,0.0276140),(0.0048304,-0.0502637,0.0267068),(0.0048304,-0.0502518,0.0276140),(0.0048304,-0.0501832,0.0275672),(0.0048304,-0.0502637,0.0267068),(0.0048304,-0.0501832,0.0275672),(0.0048304,-0.0501364,0.0274984),(0.0048304,-0.0502637,0.0267068),(0.0048304,-0.0501364,0.0274984),(0.0048304,-0.0501208,0.0274169),(0.0048304,-0.0502637,0.0267068),(0.0048304,-0.0501208,0.0274169),(0.0048304,-0.0501208,0.0273502),(0.0048304,-0.0502637,0.0267068),(0.0048304,-0.0501208,0.0273502),(0.0048304,-0.0501208,0.0273079),(0.0048304,-0.0502637,0.0267068),(0.0048304,-0.0501208,0.0273079),(0.0048304,-0.0501115,0.0272246),(0.0048304,-0.0502637,0.0267068),(0.0048304,-0.0501115,0.0272246),(0.0048304,-0.0500838,0.0271484),(0.0048304,-0.0502637,0.0267068),(0.0048304,-0.0500838,0.0271484),(0.0048304,-0.0500375,0.0270791),(0.0048304,-0.0502637,0.0267068),(0.0048304,-0.0500375,0.0270791),(0.0048304,-0.0499726,0.0270169),(0.0048304,-0.0502637,0.0267068),(0.0048304,-0.0499726,0.0270169),(0.0048304,-0.0498827,0.0269632),(0.0048304,-0.0502637,0.0267068),(0.0048304,-0.0498827,0.0269632),(0.0048304,-0.0497800,0.0269248),(0.0048304,-0.0502637,0.0267068),(0.0048304,-0.0497800,0.0269248),(0.0048304,-0.0496647,0.0269018),(0.0048304,-0.0502637,0.0267068),(0.0048304,-0.0496647,0.0269018),(0.0048304,-0.0495366,0.0268941),(0.0048304,-0.0502637,0.0267068),(0.0048304,-0.0495366,0.0268941),(0.0048304,-0.0494103,0.0269018),(0.0048304,-0.0502637,0.0267068),(0.0048304,-0.0494103,0.0269018),(0.0048304,-0.0492990,0.0269251),(0.0048304,-0.0494103,0.0278062),(0.0048304,-0.0495366,0.0278149),(0.0048304,-0.0496189,0.0278302),(0.0048304,-0.0494103,0.0278062),(0.0048304,-0.0496189,0.0278302),(0.0048304,-0.0496879,0.0278762),(0.0048304,-0.0492993,0.0277802),(0.0048304,-0.0494103,0.0278062),(0.0048304,-0.0496879,0.0278762),(0.0048304,-0.0492993,0.0277802),(0.0048304,-0.0496879,0.0278762),(0.0048304,-0.0497348,0.0279448),(0.0048304,-0.0492993,0.0277802),(0.0048304,-0.0497348,0.0279448),(0.0048304,-0.0497504,0.0280276),(0.0048304,-0.0492034,0.0277369),(0.0048304,-0.0492993,0.0277802),(0.0048304,-0.0497504,0.0280276),(0.0048304,-0.0492034,0.0277369),(0.0048304,-0.0497504,0.0280276),(0.0048304,-0.0497348,0.0281096),(0.0048304,-0.0492034,0.0277369),(0.0048304,-0.0497348,0.0281096),(0.0048304,-0.0496879,0.0281779),(0.0048304,-0.0491228,0.0276762),(0.0048304,-0.0492034,0.0277369),(0.0048304,-0.0496879,0.0281779),(0.0048304,-0.0491228,0.0276762),(0.0048304,-0.0496879,0.0281779),(0.0048304,-0.0496189,0.0282239),(0.0048304,-0.0490580,0.0276047),(0.0048304,-0.0491228,0.0276762),(0.0048304,-0.0496189,0.0282239),(0.0048304,-0.0490580,0.0276047),(0.0048304,-0.0496189,0.0282239),(0.0048304,-0.0495366,0.0282392),(0.0048304,-0.0490580,0.0276047),(0.0048304,-0.0495366,0.0282392),(0.0048304,-0.0494320,0.0282353),(0.0048304,-0.0490580,0.0276047),(0.0048304,-0.0494320,0.0282353),(0.0048304,-0.0493320,0.0282233),(0.0048304,-0.0490117,0.0275246),(0.0048304,-0.0490580,0.0276047),(0.0048304,-0.0493320,0.0282233),(0.0048304,-0.0490117,0.0275246),(0.0048304,-0.0493320,0.0282233),(0.0048304,-0.0492366,0.0282034),(0.0048304,-0.0490117,0.0275246),(0.0048304,-0.0492366,0.0282034),(0.0048304,-0.0491458,0.0281755),(0.0048304,-0.0489839,0.0274359),(0.0048304,-0.0490117,0.0275246),(0.0048304,-0.0491458,0.0281755),(0.0048304,-0.0489839,0.0274359),(0.0048304,-0.0491458,0.0281755),(0.0048304,-0.0490596,0.0281396),(0.0048304,-0.0489839,0.0274359),(0.0048304,-0.0490596,0.0281396),(0.0048304,-0.0489780,0.0280958),(0.0048304,-0.0489746,0.0273386),(0.0048304,-0.0489839,0.0274359),(0.0048304,-0.0489780,0.0280958),(0.0048304,-0.0489746,0.0273386),(0.0048304,-0.0489780,0.0280958),(0.0048304,-0.0489010,0.0280440),(0.0048304,-0.0489838,0.0272447),(0.0048304,-0.0489746,0.0273386),(0.0048304,-0.0489010,0.0280440),(0.0048304,-0.0489838,0.0272447),(0.0048304,-0.0489010,0.0280440),(0.0048304,-0.0488286,0.0279842),(0.0048304,-0.0489838,0.0272447),(0.0048304,-0.0488286,0.0279842),(0.0048304,-0.0487628,0.0279183),(0.0048304,-0.0490114,0.0271600),(0.0048304,-0.0489838,0.0272447),(0.0048304,-0.0487628,0.0279183),(0.0048304,-0.0490114,0.0271600),(0.0048304,-0.0487628,0.0279183),(0.0048304,-0.0487059,0.0278482),(0.0048304,-0.0490114,0.0271600),(0.0048304,-0.0487059,0.0278482),(0.0048304,-0.0486577,0.0277738),(0.0048304,-0.0490114,0.0271600),(0.0048304,-0.0486577,0.0277738),(0.0048304,-0.0486182,0.0276953),(0.0048304,-0.0490574,0.0270844),(0.0048304,-0.0490114,0.0271600),(0.0048304,-0.0486182,0.0276953),(0.0048304,-0.0490574,0.0270844),(0.0048304,-0.0486182,0.0276953),(0.0048304,-0.0485876,0.0276124),(0.0048304,-0.0490574,0.0270844),(0.0048304,-0.0485876,0.0276124),(0.0048304,-0.0485656,0.0275254),(0.0048304,-0.0491217,0.0270179),(0.0048304,-0.0490574,0.0270844),(0.0048304,-0.0485656,0.0275254),(0.0048304,-0.0491217,0.0270179),(0.0048304,-0.0485656,0.0275254),(0.0048304,-0.0485525,0.0274341),(0.0048304,-0.0491217,0.0270179),(0.0048304,-0.0485525,0.0274341),(0.0048304,-0.0485481,0.0273386),(0.0048304,-0.0492028,0.0269638),(0.0048304,-0.0491217,0.0270179),(0.0048304,-0.0485481,0.0273386),(0.0048304,-0.0492028,0.0269638),(0.0048304,-0.0485481,0.0273386),(0.0048304,-0.0485525,0.0272421),(0.0048304,-0.0492028,0.0269638),(0.0048304,-0.0485525,0.0272421),(0.0048304,-0.0485657,0.0271506),(0.0048304,-0.0492990,0.0269251),(0.0048304,-0.0492028,0.0269638),(0.0048304,-0.0485657,0.0271506),(0.0048304,-0.0492990,0.0269251),(0.0048304,-0.0485657,0.0271506),(0.0048304,-0.0485877,0.0270641),(0.0048304,-0.0502637,0.0267068),(0.0048304,-0.0492990,0.0269251),(0.0048304,-0.0485877,0.0270641),(0.0048304,-0.0502637,0.0267068),(0.0048304,-0.0485877,0.0270641),(0.0048304,-0.0486185,0.0269825),(0.0048304,-0.0502637,0.0267068),(0.0048304,-0.0486185,0.0269825),(0.0048304,-0.0486581,0.0269058),(0.0048304,-0.0502637,0.0267068),(0.0048304,-0.0486581,0.0269058),(0.0048304,-0.0487065,0.0268342),(0.0048304,-0.0502637,0.0267068),(0.0048304,-0.0487065,0.0268342),(0.0048304,-0.0487637,0.0267675),(0.0048304,-0.0502637,0.0267068),(0.0048304,-0.0487637,0.0267675),(0.0048304,-0.0488296,0.0267057),(0.0048304,-0.0502637,0.0267068),(0.0048304,-0.0488296,0.0267057),(0.0048304,-0.0489023,0.0266499),(0.0048304,-0.0502637,0.0267068),(0.0048304,-0.0489023,0.0266499),(0.0048304,-0.0489794,0.0266015),(0.0048304,-0.0502637,0.0267068),(0.0048304,-0.0489794,0.0266015),(0.0048304,-0.0490610,0.0265606),(0.0048304,-0.0502637,0.0267068),(0.0048304,-0.0490610,0.0265606),(0.0048304,-0.0491471,0.0265271),(0.0048304,-0.0502637,0.0267068),(0.0048304,-0.0491471,0.0265271),(0.0048304,-0.0492378,0.0265011),(0.0048304,-0.0502637,0.0267068),(0.0048304,-0.0492378,0.0265011),(0.0048304,-0.0493329,0.0264825),(0.0048304,-0.0502637,0.0267068),(0.0048304,-0.0493329,0.0264825),(0.0048304,-0.0494325,0.0264713),(0.0048304,-0.0502637,0.0267068),(0.0048304,-0.0494325,0.0264713),(0.0048304,-0.0495366,0.0264676),(0.0048304,-0.0502637,0.0267068),(0.0048304,-0.0495366,0.0264676),(0.0048304,-0.0496408,0.0264713),(0.0048304,-0.0502637,0.0267068),(0.0048304,-0.0496408,0.0264713),(0.0048304,-0.0497412,0.0264825),(0.0048304,-0.0502637,0.0267068),(0.0048304,-0.0497412,0.0264825),(0.0048304,-0.0498378,0.0265012),(0.0048304,-0.0502637,0.0267068),(0.0048304,-0.0498378,0.0265012),(0.0048304,-0.0499306,0.0265274),(0.0048304,-0.0502637,0.0267068),(0.0048304,-0.0499306,0.0265274),(0.0048304,-0.0500195,0.0265610),(0.0048304,-0.0502637,0.0267068),(0.0048304,-0.0500195,0.0265610),(0.0048304,-0.0501047,0.0266021),(0.0048304,-0.0502637,0.0267068),(0.0048304,-0.0501047,0.0266021),(0.0048304,-0.0501861,0.0266507)));
#3204=COMPLEX_TRIANGULATED_SURFACE_SET('surface set',#3203,810,(),(),(),((1,2,3),(4,5,6),(7,8,9),(10,11,12),(13,14,15),(16,17,18),(19,20,21),(22,23,24),(25,26,27),(28,29,30),(31,32,33),(34,35,36),(37,38,39),(40,41,42),(43,44,45),(46,47,48),(49,50,51),(52,53,54),(55,56,57),(58,59,60),(61,62,63),(64,65,66),(67,68,69),(70,71,72),(73,74,75),(76,77,78),(79,80,81),(82,83,84),(85,86,87),(88,89,90),(91,92,93),(94,95,96),(97,98,99),(100,101,102),(103,104,105),(106,107,108),(109,110,111),(112,113,114),(115,116,117),(118,119,120),(121,122,123),(124,125,126),(127,128,129),(130,131,132),(133,134,135),(136,137,138),(139,140,141),(142,143,144),(145,146,147),(148,149,150),(151,152,153),(154,155,156),(157,158,159),(160,161,162),(163,164,165),(166,167,168),(169,170,171),(172,173,174),(175,176,177),(178,179,180),(181,182,183),(184,185,186),(187,188,189),(190,191,192),(193,194,195),(196,197,198),(199,200,201),(202,203,204),(205,206,207),(208,209,210),(211,212,213),(214,215,216),(217,218,219),(220,221,222),(223,224,225),(226,227,228),(229,230,231),(232,233,234),(235,236,237),(238,239,240),(241,242,243),(244,245,246),(247,248,249),(250,251,252),(253,254,255),(256,257,258),(259,260,261),(262,263,264),(265,266,267),(268,269,270),(271,272,273),(274,275,276),(277,278,279),(280,281,282),(283,284,285),(286,287,288),(289,290,291),(292,293,294),(295,296,297),(298,299,300),(301,302,303),(304,305,306),(307,308,309),(310,311,312),(313,314,315),(316,317,318),(319,320,321),(322,323,324),(325,326,327),(328,329,330),(331,332,333),(334,335,336),(337,338,339),(340,341,342),(343,344,345),(346,347,348),(349,350,351),(352,353,354),(355,356,357),(358,359,360),(361,362,363),(364,365,366),(367,368,369),(370,371,372),(373,374,375),(376,377,378),(379,380,381),(382,383,384),(385,386,387),(388,389,390),(391,392,393),(394,395,396),(397,398,399),(400,401,402),(403,404,405),(406,407,408),(409,410,411),(412,413,414),(415,416,417),(418,419,420),(421,422,423),(424,425,426),(427,428,429),(430,431,432),(433,434,435),(436,437,438),(439,440,441),(442,443,444),(445,446,447),(448,449,450),(451,452,453),(454,455,456),(457,458,459),(460,461,462),(463,464,465),(466,467,468),(469,470,471),(472,473,474),(475,476,477),(478,479,480),(481,482,483),(484,485,486),(487,488,489),(490,491,492),(493,494,495),(496,497,498),(499,500,501),(502,503,504),(505,506,507),(508,509,510),(511,512,513),(514,515,516),(517,518,519),(520,521,522),(523,524,525),(526,527,528),(529,530,531),(532,533,534),(535,536,537),(538,539,540),(541,542,543),(544,545,546),(547,548,549),(550,551,552),(553,554,555),(556,557,558),(559,560,561),(562,563,564),(565,566,567),(568,569,570),(571,572,573),(574,575,576),(577,578,579),(580,581,582),(583,584,585),(586,587,588),(589,590,591),(592,593,594),(595,596,597),(598,599,600),(601,602,603),(604,605,606),(607,608,609),(610,611,612),(613,614,615),(616,617,618),(619,620,621),(622,623,624),(625,626,627),(628,629,630),(631,632,633),(634,635,636),(637,638,639),(640,641,642),(643,644,645),(646,647,648),(649,650,651),(652,653,654),(655,656,657),(658,659,660),(661,662,663),(664,665,666),(667,668,669),(670,671,672),(673,674,675),(676,677,678),(679,680,681),(682,683,684),(685,686,687),(688,689,690),(691,692,693),(694,695,696),(697,698,699),(700,701,702),(703,704,705),(706,707,708),(709,710,711),(712,713,714),(715,716,717),(718,719,720),(721,722,723),(724,725,726),(727,728,729),(730,731,732),(733,734,735),(736,737,738),(739,740,741),(742,743,744),(745,746,747),(748,749,750),(751,752,753),(754,755,756),(757,758,759),(760,761,762),(763,764,765),(766,767,768),(769,770,771),(772,773,774),(775,776,777),(778,779,780),(781,782,783),(784,785,786),(787,788,789),(790,791,792),(793,794,795),(796,797,798),(799,800,801),(802,803,804),(805,806,807),(808,809,810)));
#3205=TESSELLATED_GEOMETRIC_SET('linear dimension',(#3204));
#3206=COORDINATES_LIST('coordinates',8,((0.0048304,-0.0486297,0.0409850),(0.0048304,-0.0505722,0.0409850),(0.0048304,-0.0486297,0.0109850),(0.0048304,-0.0505722,0.0109850),(0.0048304,-0.0505722,0.0409850),(0.0048304,-0.0505722,0.0293800),(0.0048304,-0.0505722,0.0225900),(0.0048304,-0.0505722,0.0109850)));
#3207=TESSELLATED_CURVE_SET('curve set',#3206,((1,2),(3,4),(5,6),(7,8)));
#3208=TESSELLATED_GEOMETRIC_SET('linear dimension',(#3207));
#3209=TESSELLATED_ANNOTATION_OCCURRENCE('linear dimension',(#3202),#3205);
#3210=TESSELLATED_ANNOTATION_OCCURRENCE('linear dimension',(#3202),#3208);
#3211=DRAUGHTING_CALLOUT('linear dimension',(#3209,#3210));
#3212=DRAUGHTING_MODEL_ITEM_ASSOCIATION('','',#3168,#3198,#3211);
#3213=DRAUGHTING_MODEL_ITEM_ASSOCIATION('','',#3170,#3198,#3211);
#3214=DRAUGHTING_MODEL_ITEM_ASSOCIATION('','',#3172,#3198,#3211);
#3215=SHAPE_ASPECT('DISTANCE.F5R7raA16wibyoY_4',$,#3089,.T.);
#3216=GEOMETRIC_ITEM_SPECIFIC_USAGE('','',#3215,#19,#1738);
#3217=SHAPE_ASPECT('DISTANCE.F5R7raA16wibyoY_4',$,#3089,.T.);
#3218=GEOMETRIC_ITEM_SPECIFIC_USAGE('','',#3217,#19,#1737);
#3219=DIMENSIONAL_LOCATION('linear distance','DISTANCE.F5R7raA16wibyoY_4',#3215,#3217);
#3221=(
LENGTH_UNIT()
NAMED_UNIT(*)
SI_UNIT(.MILLI.,.METRE.)
);
#3222=PRECISION_QUALIFIER(3);
#3220=(
LENGTH_MEASURE_WITH_UNIT()
MEASURE_REPRESENTATION_ITEM()
MEASURE_WITH_UNIT(POSITIVE_LENGTH_MEASURE(30.),#3221)
QUALIFIED_REPRESENTATION_ITEM((#3222))
REPRESENTATION_ITEM('nominal value')
);
#3223=SHAPE_DIMENSION_REPRESENTATION('',(#3220),#3049);
#3224=DIMENSIONAL_CHARACTERISTIC_REPRESENTATION(#3219,#3223);
#3225=PRESENTATION_STYLE_ASSIGNMENT((NULL_STYLE(.NULL.)));
#3226=CARTESIAN_POINT('',(0.00483044375757299,-0.00327094318159767,0.0259849940732757));
#3227=DIRECTION('',(-1.,0.,0.));
#3228=DIRECTION('',(0.,0.,-1.));
#3229=AXIS2_PLACEMENT_3D('',#3226,#3227,#3228);
#3230=PLANE('',#3229);
#3231=ANNOTATION_PLANE('',(#3225),#3230,(#3258));
#3232=CARTESIAN_POINT('',(0.,0.,0.));
#3233=DIRECTION('',(0.,0.,1.));
#3234=DIRECTION('',(1.,0.,0.));
#3235=AXIS2_PLACEMENT_3D('',#3232,#3233,#3234);
#3236=CARTESIAN_POINT('',(0.,0.,0.));
#3237=DIRECTION('',(0.,0.,1.));
#3238=DIRECTION('',(1.,0.,0.));
#3239=AXIS2_PLACEMENT_3D('',#3236,#3237,#3238);
#3240=SHAPE_REPRESENTATION('',(#3239,#1885),#3049);
#3241=REPRESENTATION_MAP(#3235,#3240);
#3242=MAPPED_ITEM('',#3241,#3235);
#3243=PRESENTATION_STYLE_ASSIGNMENT((NULL_STYLE(.NULL.)));
#3244=STYLED_ITEM('',(#3243),#3242);
#3245=DRAUGHTING_MODEL('',(#3231,#3235,#3242,#3244),#3049);
#3246=DRAUGHTING_PRE_DEFINED_CURVE_FONT('continuous');
#3247=COLOUR_RGB('',0.,0.,0.);
#3248=CURVE_STYLE('',#3246,POSITIVE_LENGTH_MEASURE(0.02),#3247);
#3249=PRESENTATION_STYLE_ASSIGNMENT((#3248));
#3250=COORDINATES_LIST('coordinates',810,((0.0048304,-0.0041654,0.0383017),(0.0048304,-0.0032709,0.0409850),(0.0048304,-0.0023765,0.0383017),(0.0048304,-0.0023765,0.0136683),(0.0048304,-0.0032709,0.0109850),(0.0048304,-0.0041654,0.0136683),(0.0048304,-0.0024259,0.0235900),(0.0048304,-0.0041160,0.0235900),(0.0048304,-0.0042484,0.0235953),(0.0048304,-0.0024259,0.0235900),(0.0048304,-0.0042484,0.0235953),(0.0048304,-0.0043747,0.0236114),(0.0048304,-0.0024259,0.0235900),(0.0048304,-0.0043747,0.0236114),(0.0048304,-0.0044947,0.0236381),(0.0048304,-0.0024259,0.0235900),(0.0048304,-0.0044947,0.0236381),(0.0048304,-0.0046087,0.0236754),(0.0048304,-0.0024259,0.0235900),(0.0048304,-0.0046087,0.0236754),(0.0048304,-0.0047165,0.0237235),(0.0048304,-0.0024259,0.0235900),(0.0048304,-0.0047165,0.0237235),(0.0048304,-0.0048181,0.0237823),(0.0048304,-0.0024259,0.0235900),(0.0048304,-0.0048181,0.0237823),(0.0048304,-0.0049136,0.0238517),(0.0048304,-0.0024259,0.0235900),(0.0048304,-0.0049136,0.0238517),(0.0048304,-0.0050029,0.0239318),(0.0048304,-0.0024259,0.0235900),(0.0048304,-0.0050029,0.0239318),(0.0048304,-0.0050724,0.0240081),(0.0048304,-0.0024259,0.0235900),(0.0048304,-0.0050724,0.0240081),(0.0048304,-0.0051326,0.0240876),(0.0048304,-0.0024259,0.0235900),(0.0048304,-0.0051326,0.0240876),(0.0048304,-0.0051835,0.0241704),(0.0048304,-0.0051835,0.0241704),(0.0048304,-0.0052252,0.0242565),(0.0048304,-0.0052576,0.0243458),(0.0048304,-0.0051835,0.0241704),(0.0048304,-0.0052576,0.0243458),(0.0048304,-0.0052807,0.0244384),(0.0048304,-0.0051835,0.0241704),(0.0048304,-0.0052807,0.0244384),(0.0048304,-0.0052946,0.0245343),(0.0048304,-0.0051835,0.0241704),(0.0048304,-0.0052946,0.0245343),(0.0048304,-0.0052992,0.0246335),(0.0048304,-0.0051835,0.0241704),(0.0048304,-0.0052992,0.0246335),(0.0048304,-0.0052945,0.0247310),(0.0048304,-0.0051835,0.0241704),(0.0048304,-0.0052945,0.0247310),(0.0048304,-0.0052804,0.0248255),(0.0048304,-0.0051835,0.0241704),(0.0048304,-0.0052804,0.0248255),(0.0048304,-0.0052568,0.0249171),(0.0048304,-0.0051835,0.0241704),(0.0048304,-0.0052568,0.0249171),(0.0048304,-0.0052238,0.0250058),(0.0048304,-0.0051835,0.0241704),(0.0048304,-0.0052238,0.0250058),(0.0048304,-0.0051814,0.0250915),(0.0048304,-0.0051835,0.0241704),(0.0048304,-0.0051814,0.0250915),(0.0048304,-0.0051296,0.0251742),(0.0048304,-0.0051835,0.0241704),(0.0048304,-0.0051296,0.0251742),(0.0048304,-0.0050683,0.0252541),(0.0048304,-0.0051835,0.0241704),(0.0048304,-0.0050683,0.0252541),(0.0048304,-0.0049976,0.0253309),(0.0048304,-0.0049976,0.0253309),(0.0048304,-0.0047013,0.0250272),(0.0048304,-0.0047772,0.0249357),(0.0048304,-0.0049976,0.0253309),(0.0048304,-0.0047772,0.0249357),(0.0048304,-0.0048315,0.0248388),(0.0048304,-0.0051835,0.0241704),(0.0048304,-0.0049976,0.0253309),(0.0048304,-0.0048315,0.0248388),(0.0048304,-0.0051835,0.0241704),(0.0048304,-0.0048315,0.0248388),(0.0048304,-0.0048640,0.0247367),(0.0048304,-0.0051835,0.0241704),(0.0048304,-0.0048640,0.0247367),(0.0048304,-0.0048748,0.0246293),(0.0048304,-0.0051835,0.0241704),(0.0048304,-0.0048748,0.0246293),(0.0048304,-0.0048637,0.0245210),(0.0048304,-0.0051835,0.0241704),(0.0048304,-0.0048637,0.0245210),(0.0048304,-0.0048304,0.0244184),(0.0048304,-0.0051835,0.0241704),(0.0048304,-0.0048304,0.0244184),(0.0048304,-0.0047748,0.0243215),(0.0048304,-0.0051835,0.0241704),(0.0048304,-0.0047748,0.0243215),(0.0048304,-0.0046970,0.0242303),(0.0048304,-0.0051835,0.0241704),(0.0048304,-0.0046970,0.0242303),(0.0048304,-0.0045810,0.0241372),(0.0048304,-0.0051835,0.0241704),(0.0048304,-0.0045810,0.0241372),(0.0048304,-0.0044454,0.0240707),(0.0048304,-0.0051835,0.0241704),(0.0048304,-0.0044454,0.0240707),(0.0048304,-0.0043704,0.0240475),(0.0048304,-0.0024259,0.0235900),(0.0048304,-0.0051835,0.0241704),(0.0048304,-0.0043704,0.0240475),(0.0048304,-0.0024259,0.0235900),(0.0048304,-0.0043704,0.0240475),(0.0048304,-0.0042904,0.0240308),(0.0048304,-0.0024259,0.0235900),(0.0048304,-0.0042904,0.0240308),(0.0048304,-0.0042057,0.0240209),(0.0048304,-0.0024259,0.0235900),(0.0048304,-0.0042057,0.0240209),(0.0048304,-0.0041160,0.0240176),(0.0048304,-0.0024259,0.0235900),(0.0048304,-0.0041160,0.0240176),(0.0048304,-0.0024259,0.0240176),(0.0048304,-0.0024259,0.0235900),(0.0048304,-0.0024259,0.0240176),(0.0048304,-0.0023388,0.0240209),(0.0048304,-0.0024259,0.0235900),(0.0048304,-0.0023388,0.0240209),(0.0048304,-0.0022561,0.0240308),(0.0048304,-0.0024259,0.0235900),(0.0048304,-0.0022561,0.0240308),(0.0048304,-0.0021033,0.0240707),(0.0048304,-0.0024259,0.0235900),(0.0048304,-0.0021033,0.0240707),(0.0048304,-0.0019677,0.0241372),(0.0048304,-0.0024259,0.0235900),(0.0048304,-0.0019677,0.0241372),(0.0048304,-0.0018491,0.0242303),(0.0048304,-0.0045849,0.0251212),(0.0048304,-0.0047013,0.0250272),(0.0048304,-0.0049976,0.0253309),(0.0048304,-0.0044486,0.0251883),(0.0048304,-0.0045849,0.0251212),(0.0048304,-0.0049976,0.0253309),(0.0048304,-0.0042923,0.0252286),(0.0048304,-0.0044486,0.0251883),(0.0048304,-0.0049976,0.0253309),(0.0048304,-0.0042067,0.0252387),(0.0048304,-0.0042923,0.0252286),(0.0048304,-0.0049976,0.0253309),(0.0048304,-0.0041160,0.0252420),(0.0048304,-0.0042067,0.0252387),(0.0048304,-0.0049976,0.0253309),(0.0048304,-0.0024185,0.0252420),(0.0048304,-0.0041160,0.0252420),(0.0048304,-0.0049976,0.0253309),(0.0048304,-0.0024185,0.0252420),(0.0048304,-0.0049976,0.0253309),(0.0048304,-0.0049096,0.0254106),(0.0048304,-0.0023302,0.0252387),(0.0048304,-0.0024185,0.0252420),(0.0048304,-0.0049096,0.0254106),(0.0048304,-0.0023302,0.0252387),(0.0048304,-0.0049096,0.0254106),(0.0048304,-0.0048154,0.0254796),(0.0048304,-0.0023302,0.0252387),(0.0048304,-0.0048154,0.0254796),(0.0048304,-0.0047150,0.0255380),(0.0048304,-0.0022467,0.0252287),(0.0048304,-0.0023302,0.0252387),(0.0048304,-0.0047150,0.0255380),(0.0048304,-0.0022467,0.0252287),(0.0048304,-0.0047150,0.0255380),(0.0048304,-0.0046084,0.0255857),(0.0048304,-0.0022467,0.0252287),(0.0048304,-0.0046084,0.0255857),(0.0048304,-0.0044956,0.0256229),(0.0048304,-0.0022467,0.0252287),(0.0048304,-0.0044956,0.0256229),(0.0048304,-0.0043767,0.0256494),(0.0048304,-0.0022467,0.0252287),(0.0048304,-0.0043767,0.0256494),(0.0048304,-0.0042516,0.0256654),(0.0048304,-0.0021682,0.0252121),(0.0048304,-0.0022467,0.0252287),(0.0048304,-0.0042516,0.0256654),(0.0048304,-0.0021682,0.0252121),(0.0048304,-0.0042516,0.0256654),(0.0048304,-0.0041203,0.0256707),(0.0048304,-0.0021682,0.0252121),(0.0048304,-0.0041203,0.0256707),(0.0048304,-0.0024259,0.0256707),(0.0048304,-0.0020946,0.0251889),(0.0048304,-0.0021682,0.0252121),(0.0048304,-0.0024259,0.0256707),(0.0048304,-0.0019620,0.0251224),(0.0048304,-0.0020946,0.0251889),(0.0048304,-0.0024259,0.0256707),(0.0048304,-0.0018491,0.0250293),(0.0048304,-0.0019620,0.0251224),(0.0048304,-0.0024259,0.0256707),(0.0048304,-0.0018491,0.0250293),(0.0048304,-0.0024259,0.0256707),(0.0048304,-0.0024185,0.0256707),(0.0048304,-0.0018491,0.0250293),(0.0048304,-0.0024185,0.0256707),(0.0048304,-0.0022879,0.0256654),(0.0048304,-0.0017704,0.0249341),(0.0048304,-0.0018491,0.0250293),(0.0048304,-0.0022879,0.0256654),(0.0048304,-0.0017704,0.0249341),(0.0048304,-0.0022879,0.0256654),(0.0048304,-0.0021637,0.0256494),(0.0048304,-0.0017141,0.0248356),(0.0048304,-0.0017704,0.0249341),(0.0048304,-0.0021637,0.0256494),(0.0048304,-0.0017141,0.0248356),(0.0048304,-0.0021637,0.0256494),(0.0048304,-0.0020456,0.0256229),(0.0048304,-0.0017141,0.0248356),(0.0048304,-0.0020456,0.0256229),(0.0048304,-0.0019337,0.0255857),(0.0048304,-0.0016804,0.0247340),(0.0048304,-0.0017141,0.0248356),(0.0048304,-0.0019337,0.0255857),(0.0048304,-0.0016804,0.0247340),(0.0048304,-0.0019337,0.0255857),(0.0048304,-0.0018281,0.0255380),(0.0048304,-0.0016804,0.0247340),(0.0048304,-0.0018281,0.0255380),(0.0048304,-0.0017287,0.0254796),(0.0048304,-0.0016692,0.0246293),(0.0048304,-0.0016804,0.0247340),(0.0048304,-0.0017287,0.0254796),(0.0048304,-0.0016692,0.0246293),(0.0048304,-0.0017287,0.0254796),(0.0048304,-0.0016355,0.0254106),(0.0048304,-0.0016692,0.0246293),(0.0048304,-0.0016355,0.0254106),(0.0048304,-0.0015485,0.0253309),(0.0048304,-0.0016804,0.0245202),(0.0048304,-0.0016692,0.0246293),(0.0048304,-0.0015485,0.0253309),(0.0048304,-0.0016804,0.0245202),(0.0048304,-0.0015485,0.0253309),(0.0048304,-0.0014768,0.0252526),(0.0048304,-0.0016804,0.0245202),(0.0048304,-0.0014768,0.0252526),(0.0048304,-0.0014147,0.0251716),(0.0048304,-0.0017141,0.0244173),(0.0048304,-0.0016804,0.0245202),(0.0048304,-0.0014147,0.0251716),(0.0048304,-0.0017141,0.0244173),(0.0048304,-0.0014147,0.0251716),(0.0048304,-0.0013621,0.0250879),(0.0048304,-0.0017141,0.0244173),(0.0048304,-0.0013621,0.0250879),(0.0048304,-0.0013191,0.0250015),(0.0048304,-0.0017704,0.0243207),(0.0048304,-0.0017141,0.0244173),(0.0048304,-0.0013191,0.0250015),(0.0048304,-0.0017704,0.0243207),(0.0048304,-0.0013191,0.0250015),(0.0048304,-0.0012857,0.0249125),(0.0048304,-0.0017704,0.0243207),(0.0048304,-0.0012857,0.0249125),(0.0048304,-0.0012618,0.0248208),(0.0048304,-0.0018491,0.0242303),(0.0048304,-0.0017704,0.0243207),(0.0048304,-0.0012618,0.0248208),(0.0048304,-0.0024259,0.0235900),(0.0048304,-0.0018491,0.0242303),(0.0048304,-0.0012618,0.0248208),(0.0048304,-0.0024259,0.0235900),(0.0048304,-0.0012618,0.0248208),(0.0048304,-0.0012474,0.0247264),(0.0048304,-0.0024259,0.0235900),(0.0048304,-0.0012474,0.0247264),(0.0048304,-0.0012426,0.0246293),(0.0048304,-0.0024259,0.0235900),(0.0048304,-0.0012426,0.0246293),(0.0048304,-0.0012474,0.0245311),(0.0048304,-0.0024259,0.0235900),(0.0048304,-0.0012474,0.0245311),(0.0048304,-0.0012618,0.0244359),(0.0048304,-0.0024259,0.0235900),(0.0048304,-0.0012618,0.0244359),(0.0048304,-0.0012857,0.0243439),(0.0048304,-0.0024259,0.0235900),(0.0048304,-0.0012857,0.0243439),(0.0048304,-0.0013191,0.0242549),(0.0048304,-0.0024259,0.0235900),(0.0048304,-0.0013191,0.0242549),(0.0048304,-0.0013621,0.0241690),(0.0048304,-0.0024259,0.0235900),(0.0048304,-0.0013621,0.0241690),(0.0048304,-0.0014147,0.0240861),(0.0048304,-0.0024259,0.0235900),(0.0048304,-0.0014147,0.0240861),(0.0048304,-0.0014768,0.0240064),(0.0048304,-0.0024259,0.0235900),(0.0048304,-0.0014768,0.0240064),(0.0048304,-0.0015485,0.0239297),(0.0048304,-0.0024259,0.0235900),(0.0048304,-0.0015485,0.0239297),(0.0048304,-0.0016372,0.0238501),(0.0048304,-0.0024259,0.0235900),(0.0048304,-0.0016372,0.0238501),(0.0048304,-0.0017319,0.0237811),(0.0048304,-0.0024259,0.0235900),(0.0048304,-0.0017319,0.0237811),(0.0048304,-0.0018326,0.0237227),(0.0048304,-0.0024259,0.0235900),(0.0048304,-0.0018326,0.0237227),(0.0048304,-0.0019393,0.0236749),(0.0048304,-0.0024259,0.0235900),(0.0048304,-0.0019393,0.0236749),(0.0048304,-0.0020520,0.0236378),(0.0048304,-0.0024259,0.0235900),(0.0048304,-0.0020520,0.0236378),(0.0048304,-0.0021706,0.0236112),(0.0048304,-0.0024259,0.0235900),(0.0048304,-0.0021706,0.0236112),(0.0048304,-0.0022952,0.0235953),(0.0048304,-0.0030111,0.0267544),(0.0048304,-0.0030873,0.0266700),(0.0048304,-0.0031805,0.0265861),(0.0048304,-0.0030111,0.0267544),(0.0048304,-0.0031805,0.0265861),(0.0048304,-0.0032728,0.0265189),(0.0048304,-0.0030111,0.0267544),(0.0048304,-0.0032728,0.0265189),(0.0048304,-0.0033704,0.0264606),(0.0048304,-0.0030111,0.0267544),(0.0048304,-0.0033704,0.0264606),(0.0048304,-0.0034733,0.0264114),(0.0048304,-0.0030111,0.0267544),(0.0048304,-0.0034733,0.0264114),(0.0048304,-0.0035816,0.0263710),(0.0048304,-0.0030111,0.0267544),(0.0048304,-0.0035816,0.0263710),(0.0048304,-0.0036951,0.0263397),(0.0048304,-0.0030111,0.0267544),(0.0048304,-0.0036951,0.0263397),(0.0048304,-0.0038139,0.0263172),(0.0048304,-0.0030111,0.0267544),(0.0048304,-0.0038139,0.0263172),(0.0048304,-0.0039380,0.0263038),(0.0048304,-0.0030111,0.0267544),(0.0048304,-0.0039380,0.0263038),(0.0048304,-0.0040673,0.0262993),(0.0048304,-0.0030111,0.0267544),(0.0048304,-0.0040673,0.0262993),(0.0048304,-0.0041954,0.0263038),(0.0048304,-0.0030111,0.0267544),(0.0048304,-0.0041954,0.0263038),(0.0048304,-0.0043182,0.0263174),(0.0048304,-0.0030111,0.0267544),(0.0048304,-0.0043182,0.0263174),(0.0048304,-0.0044358,0.0263399),(0.0048304,-0.0030111,0.0267544),(0.0048304,-0.0044358,0.0263399),(0.0048304,-0.0045481,0.0263716),(0.0048304,-0.0030111,0.0267544),(0.0048304,-0.0045481,0.0263716),(0.0048304,-0.0046551,0.0264122),(0.0048304,-0.0030111,0.0267544),(0.0048304,-0.0046551,0.0264122),(0.0048304,-0.0047569,0.0264618),(0.0048304,-0.0030111,0.0267544),(0.0048304,-0.0047569,0.0264618),(0.0048304,-0.0048534,0.0265205),(0.0048304,-0.0030111,0.0267544),(0.0048304,-0.0048534,0.0265205),(0.0048304,-0.0049447,0.0265882),(0.0048304,-0.0030111,0.0267544),(0.0048304,-0.0049447,0.0265882),(0.0048304,-0.0050270,0.0266627),(0.0048304,-0.0050270,0.0266627),(0.0048304,-0.0050984,0.0267427),(0.0048304,-0.0051588,0.0268282),(0.0048304,-0.0050270,0.0266627),(0.0048304,-0.0051588,0.0268282),(0.0048304,-0.0052082,0.0269192),(0.0048304,-0.0050270,0.0266627),(0.0048304,-0.0052082,0.0269192),(0.0048304,-0.0052467,0.0270158),(0.0048304,-0.0050270,0.0266627),(0.0048304,-0.0052467,0.0270158),(0.0048304,-0.0052741,0.0271179),(0.0048304,-0.0050270,0.0266627),(0.0048304,-0.0052741,0.0271179),(0.0048304,-0.0052906,0.0272255),(0.0048304,-0.0050270,0.0266627),(0.0048304,-0.0052906,0.0272255),(0.0048304,-0.0052961,0.0273386),(0.0048304,-0.0050270,0.0266627),(0.0048304,-0.0052961,0.0273386),(0.0048304,-0.0052904,0.0274563),(0.0048304,-0.0050270,0.0266627),(0.0048304,-0.0052904,0.0274563),(0.0048304,-0.0052732,0.0275674),(0.0048304,-0.0050270,0.0266627),(0.0048304,-0.0052732,0.0275674),(0.0048304,-0.0052447,0.0276720),(0.0048304,-0.0050270,0.0266627),(0.0048304,-0.0052447,0.0276720),(0.0048304,-0.0052048,0.0277701),(0.0048304,-0.0050270,0.0266627),(0.0048304,-0.0052048,0.0277701),(0.0048304,-0.0051534,0.0278617),(0.0048304,-0.0050270,0.0266627),(0.0048304,-0.0051534,0.0278617),(0.0048304,-0.0050907,0.0279468),(0.0048304,-0.0050270,0.0266627),(0.0048304,-0.0050907,0.0279468),(0.0048304,-0.0050165,0.0280254),(0.0048304,-0.0050270,0.0266627),(0.0048304,-0.0050165,0.0280254),(0.0048304,-0.0049309,0.0280974),(0.0048304,-0.0050270,0.0266627),(0.0048304,-0.0049309,0.0280974),(0.0048304,-0.0048359,0.0281637),(0.0048304,-0.0050270,0.0266627),(0.0048304,-0.0048359,0.0281637),(0.0048304,-0.0047348,0.0282211),(0.0048304,-0.0047348,0.0282211),(0.0048304,-0.0046278,0.0282696),(0.0048304,-0.0045147,0.0283094),(0.0048304,-0.0047348,0.0282211),(0.0048304,-0.0045147,0.0283094),(0.0048304,-0.0043957,0.0283403),(0.0048304,-0.0047348,0.0282211),(0.0048304,-0.0043957,0.0283403),(0.0048304,-0.0042707,0.0283623),(0.0048304,-0.0047348,0.0282211),(0.0048304,-0.0042707,0.0283623),(0.0048304,-0.0041398,0.0283756),(0.0048304,-0.0047348,0.0282211),(0.0048304,-0.0041398,0.0283756),(0.0048304,-0.0040028,0.0283800),(0.0048304,-0.0047348,0.0282211),(0.0048304,-0.0040028,0.0283800),(0.0048304,-0.0039208,0.0283647),(0.0048304,-0.0047348,0.0282211),(0.0048304,-0.0039208,0.0283647),(0.0048304,-0.0038525,0.0283186),(0.0048304,-0.0047348,0.0282211),(0.0048304,-0.0038525,0.0283186),(0.0048304,-0.0038065,0.0282501),(0.0048304,-0.0047348,0.0282211),(0.0048304,-0.0038065,0.0282501),(0.0048304,-0.0037911,0.0281673),(0.0048304,-0.0047348,0.0282211),(0.0048304,-0.0037911,0.0281673),(0.0048304,-0.0038065,0.0280842),(0.0048304,-0.0047348,0.0282211),(0.0048304,-0.0038065,0.0280842),(0.0048304,-0.0038525,0.0280149),(0.0048304,-0.0047348,0.0282211),(0.0048304,-0.0038525,0.0280149),(0.0048304,-0.0039208,0.0279673),(0.0048304,-0.0047348,0.0282211),(0.0048304,-0.0039208,0.0279673),(0.0048304,-0.0040028,0.0279514),(0.0048304,-0.0047348,0.0282211),(0.0048304,-0.0040028,0.0279514),(0.0048304,-0.0041028,0.0279487),(0.0048304,-0.0047348,0.0282211),(0.0048304,-0.0041028,0.0279487),(0.0048304,-0.0041972,0.0279405),(0.0048304,-0.0047348,0.0282211),(0.0048304,-0.0041972,0.0279405),(0.0048304,-0.0042858,0.0279270),(0.0048304,-0.0047348,0.0282211),(0.0048304,-0.0042858,0.0279270),(0.0048304,-0.0043687,0.0279080),(0.0048304,-0.0047348,0.0282211),(0.0048304,-0.0043687,0.0279080),(0.0048304,-0.0045173,0.0278537),(0.0048304,-0.0047348,0.0282211),(0.0048304,-0.0045173,0.0278537),(0.0048304,-0.0046431,0.0277778),(0.0048304,-0.0047348,0.0282211),(0.0048304,-0.0046431,0.0277778),(0.0048304,-0.0047426,0.0276873),(0.0048304,-0.0047348,0.0282211),(0.0048304,-0.0047426,0.0276873),(0.0048304,-0.0048137,0.0275839),(0.0048304,-0.0047348,0.0282211),(0.0048304,-0.0048137,0.0275839),(0.0048304,-0.0048564,0.0274677),(0.0048304,-0.0050270,0.0266627),(0.0048304,-0.0047348,0.0282211),(0.0048304,-0.0048564,0.0274677),(0.0048304,-0.0050270,0.0266627),(0.0048304,-0.0048564,0.0274677),(0.0048304,-0.0048706,0.0273386),(0.0048304,-0.0050270,0.0266627),(0.0048304,-0.0048706,0.0273386),(0.0048304,-0.0048572,0.0272150),(0.0048304,-0.0050270,0.0266627),(0.0048304,-0.0048572,0.0272150),(0.0048304,-0.0048169,0.0271015),(0.0048304,-0.0050270,0.0266627),(0.0048304,-0.0048169,0.0271015),(0.0048304,-0.0047498,0.0269981),(0.0048304,-0.0050270,0.0266627),(0.0048304,-0.0047498,0.0269981),(0.0048304,-0.0046558,0.0269047),(0.0048304,-0.0050270,0.0266627),(0.0048304,-0.0046558,0.0269047),(0.0048304,-0.0045380,0.0268269),(0.0048304,-0.0050270,0.0266627),(0.0048304,-0.0045380,0.0268269),(0.0048304,-0.0044007,0.0267713),(0.0048304,-0.0050270,0.0266627),(0.0048304,-0.0044007,0.0267713),(0.0048304,-0.0043247,0.0267519),(0.0048304,-0.0050270,0.0266627),(0.0048304,-0.0043247,0.0267519),(0.0048304,-0.0042438,0.0267380),(0.0048304,-0.0050270,0.0266627),(0.0048304,-0.0042438,0.0267380),(0.0048304,-0.0041580,0.0267297),(0.0048304,-0.0050270,0.0266627),(0.0048304,-0.0041580,0.0267297),(0.0048304,-0.0040673,0.0267269),(0.0048304,-0.0030111,0.0267544),(0.0048304,-0.0050270,0.0266627),(0.0048304,-0.0040673,0.0267269),(0.0048304,-0.0030111,0.0267544),(0.0048304,-0.0040673,0.0267269),(0.0048304,-0.0039758,0.0267296),(0.0048304,-0.0030111,0.0267544),(0.0048304,-0.0039758,0.0267296),(0.0048304,-0.0038890,0.0267379),(0.0048304,-0.0030111,0.0267544),(0.0048304,-0.0038890,0.0267379),(0.0048304,-0.0037297,0.0267708),(0.0048304,-0.0030111,0.0267544),(0.0048304,-0.0037297,0.0267708),(0.0048304,-0.0035895,0.0268257),(0.0048304,-0.0030111,0.0267544),(0.0048304,-0.0035895,0.0268257),(0.0048304,-0.0034683,0.0269026),(0.0048304,-0.0030111,0.0267544),(0.0048304,-0.0034683,0.0269026),(0.0048304,-0.0033706,0.0269960),(0.0048304,-0.0030111,0.0267544),(0.0048304,-0.0033706,0.0269960),(0.0048304,-0.0033008,0.0271018),(0.0048304,-0.0029624,0.0267068),(0.0048304,-0.0030111,0.0267544),(0.0048304,-0.0033008,0.0271018),(0.0048304,-0.0029624,0.0267068),(0.0048304,-0.0033008,0.0271018),(0.0048304,-0.0032590,0.0272199),(0.0048304,-0.0029624,0.0267068),(0.0048304,-0.0032590,0.0272199),(0.0048304,-0.0032450,0.0273502),(0.0048304,-0.0029624,0.0267068),(0.0048304,-0.0032450,0.0273502),(0.0048304,-0.0032450,0.0274169),(0.0048304,-0.0029624,0.0267068),(0.0048304,-0.0032450,0.0274169),(0.0048304,-0.0032291,0.0274984),(0.0048304,-0.0029624,0.0267068),(0.0048304,-0.0032291,0.0274984),(0.0048304,-0.0031815,0.0275672),(0.0048304,-0.0029624,0.0267068),(0.0048304,-0.0031815,0.0275672),(0.0048304,-0.0031122,0.0276140),(0.0048304,-0.0029624,0.0267068),(0.0048304,-0.0031122,0.0276140),(0.0048304,-0.0030312,0.0276296),(0.0048304,-0.0029624,0.0267068),(0.0048304,-0.0030312,0.0276296),(0.0048304,-0.0029505,0.0276140),(0.0048304,-0.0029624,0.0267068),(0.0048304,-0.0029505,0.0276140),(0.0048304,-0.0028820,0.0275672),(0.0048304,-0.0029624,0.0267068),(0.0048304,-0.0028820,0.0275672),(0.0048304,-0.0028352,0.0274984),(0.0048304,-0.0029624,0.0267068),(0.0048304,-0.0028352,0.0274984),(0.0048304,-0.0028196,0.0274169),(0.0048304,-0.0029624,0.0267068),(0.0048304,-0.0028196,0.0274169),(0.0048304,-0.0028196,0.0273502),(0.0048304,-0.0029624,0.0267068),(0.0048304,-0.0028196,0.0273502),(0.0048304,-0.0028196,0.0273079),(0.0048304,-0.0029624,0.0267068),(0.0048304,-0.0028196,0.0273079),(0.0048304,-0.0028103,0.0272246),(0.0048304,-0.0029624,0.0267068),(0.0048304,-0.0028103,0.0272246),(0.0048304,-0.0027825,0.0271484),(0.0048304,-0.0029624,0.0267068),(0.0048304,-0.0027825,0.0271484),(0.0048304,-0.0027362,0.0270791),(0.0048304,-0.0029624,0.0267068),(0.0048304,-0.0027362,0.0270791),(0.0048304,-0.0026714,0.0270169),(0.0048304,-0.0029624,0.0267068),(0.0048304,-0.0026714,0.0270169),(0.0048304,-0.0025814,0.0269632),(0.0048304,-0.0029624,0.0267068),(0.0048304,-0.0025814,0.0269632),(0.0048304,-0.0024788,0.0269248),(0.0048304,-0.0029624,0.0267068),(0.0048304,-0.0024788,0.0269248),(0.0048304,-0.0023634,0.0269018),(0.0048304,-0.0029624,0.0267068),(0.0048304,-0.0023634,0.0269018),(0.0048304,-0.0022354,0.0268941),(0.0048304,-0.0029624,0.0267068),(0.0048304,-0.0022354,0.0268941),(0.0048304,-0.0021090,0.0269018),(0.0048304,-0.0029624,0.0267068),(0.0048304,-0.0021090,0.0269018),(0.0048304,-0.0019978,0.0269251),(0.0048304,-0.0021091,0.0278062),(0.0048304,-0.0022354,0.0278149),(0.0048304,-0.0023176,0.0278302),(0.0048304,-0.0021091,0.0278062),(0.0048304,-0.0023176,0.0278302),(0.0048304,-0.0023867,0.0278762),(0.0048304,-0.0019980,0.0277802),(0.0048304,-0.0021091,0.0278062),(0.0048304,-0.0023867,0.0278762),(0.0048304,-0.0019980,0.0277802),(0.0048304,-0.0023867,0.0278762),(0.0048304,-0.0024335,0.0279448),(0.0048304,-0.0019980,0.0277802),(0.0048304,-0.0024335,0.0279448),(0.0048304,-0.0024491,0.0280276),(0.0048304,-0.0019022,0.0277369),(0.0048304,-0.0019980,0.0277802),(0.0048304,-0.0024491,0.0280276),(0.0048304,-0.0019022,0.0277369),(0.0048304,-0.0024491,0.0280276),(0.0048304,-0.0024335,0.0281096),(0.0048304,-0.0019022,0.0277369),(0.0048304,-0.0024335,0.0281096),(0.0048304,-0.0023867,0.0281779),(0.0048304,-0.0018216,0.0276762),(0.0048304,-0.0019022,0.0277369),(0.0048304,-0.0023867,0.0281779),(0.0048304,-0.0018216,0.0276762),(0.0048304,-0.0023867,0.0281779),(0.0048304,-0.0023176,0.0282239),(0.0048304,-0.0017567,0.0276047),(0.0048304,-0.0018216,0.0276762),(0.0048304,-0.0023176,0.0282239),(0.0048304,-0.0017567,0.0276047),(0.0048304,-0.0023176,0.0282239),(0.0048304,-0.0022354,0.0282392),(0.0048304,-0.0017567,0.0276047),(0.0048304,-0.0022354,0.0282392),(0.0048304,-0.0021308,0.0282353),(0.0048304,-0.0017567,0.0276047),(0.0048304,-0.0021308,0.0282353),(0.0048304,-0.0020308,0.0282233),(0.0048304,-0.0017104,0.0275246),(0.0048304,-0.0017567,0.0276047),(0.0048304,-0.0020308,0.0282233),(0.0048304,-0.0017104,0.0275246),(0.0048304,-0.0020308,0.0282233),(0.0048304,-0.0019354,0.0282034),(0.0048304,-0.0017104,0.0275246),(0.0048304,-0.0019354,0.0282034),(0.0048304,-0.0018446,0.0281755),(0.0048304,-0.0016826,0.0274359),(0.0048304,-0.0017104,0.0275246),(0.0048304,-0.0018446,0.0281755),(0.0048304,-0.0016826,0.0274359),(0.0048304,-0.0018446,0.0281755),(0.0048304,-0.0017584,0.0281396),(0.0048304,-0.0016826,0.0274359),(0.0048304,-0.0017584,0.0281396),(0.0048304,-0.0016768,0.0280958),(0.0048304,-0.0016734,0.0273386),(0.0048304,-0.0016826,0.0274359),(0.0048304,-0.0016768,0.0280958),(0.0048304,-0.0016734,0.0273386),(0.0048304,-0.0016768,0.0280958),(0.0048304,-0.0015998,0.0280440),(0.0048304,-0.0016826,0.0272447),(0.0048304,-0.0016734,0.0273386),(0.0048304,-0.0015998,0.0280440),(0.0048304,-0.0016826,0.0272447),(0.0048304,-0.0015998,0.0280440),(0.0048304,-0.0015273,0.0279842),(0.0048304,-0.0016826,0.0272447),(0.0048304,-0.0015273,0.0279842),(0.0048304,-0.0014616,0.0279183),(0.0048304,-0.0017102,0.0271600),(0.0048304,-0.0016826,0.0272447),(0.0048304,-0.0014616,0.0279183),(0.0048304,-0.0017102,0.0271600),(0.0048304,-0.0014616,0.0279183),(0.0048304,-0.0014046,0.0278482),(0.0048304,-0.0017102,0.0271600),(0.0048304,-0.0014046,0.0278482),(0.0048304,-0.0013564,0.0277738),(0.0048304,-0.0017102,0.0271600),(0.0048304,-0.0013564,0.0277738),(0.0048304,-0.0013170,0.0276953),(0.0048304,-0.0017561,0.0270844),(0.0048304,-0.0017102,0.0271600),(0.0048304,-0.0013170,0.0276953),(0.0048304,-0.0017561,0.0270844),(0.0048304,-0.0013170,0.0276953),(0.0048304,-0.0012863,0.0276124),(0.0048304,-0.0017561,0.0270844),(0.0048304,-0.0012863,0.0276124),(0.0048304,-0.0012644,0.0275254),(0.0048304,-0.0018205,0.0270179),(0.0048304,-0.0017561,0.0270844),(0.0048304,-0.0012644,0.0275254),(0.0048304,-0.0018205,0.0270179),(0.0048304,-0.0012644,0.0275254),(0.0048304,-0.0012513,0.0274341),(0.0048304,-0.0018205,0.0270179),(0.0048304,-0.0012513,0.0274341),(0.0048304,-0.0012469,0.0273386),(0.0048304,-0.0019016,0.0269638),(0.0048304,-0.0018205,0.0270179),(0.0048304,-0.0012469,0.0273386),(0.0048304,-0.0019016,0.0269638),(0.0048304,-0.0012469,0.0273386),(0.0048304,-0.0012513,0.0272421),(0.0048304,-0.0019016,0.0269638),(0.0048304,-0.0012513,0.0272421),(0.0048304,-0.0012645,0.0271506),(0.0048304,-0.0019978,0.0269251),(0.0048304,-0.0019016,0.0269638),(0.0048304,-0.0012645,0.0271506),(0.0048304,-0.0019978,0.0269251),(0.0048304,-0.0012645,0.0271506),(0.0048304,-0.0012865,0.0270641),(0.0048304,-0.0029624,0.0267068),(0.0048304,-0.0019978,0.0269251),(0.0048304,-0.0012865,0.0270641),(0.0048304,-0.0029624,0.0267068),(0.0048304,-0.0012865,0.0270641),(0.0048304,-0.0013173,0.0269825),(0.0048304,-0.0029624,0.0267068),(0.0048304,-0.0013173,0.0269825),(0.0048304,-0.0013568,0.0269058),(0.0048304,-0.0029624,0.0267068),(0.0048304,-0.0013568,0.0269058),(0.0048304,-0.0014052,0.0268342),(0.0048304,-0.0029624,0.0267068),(0.0048304,-0.0014052,0.0268342),(0.0048304,-0.0014624,0.0267675),(0.0048304,-0.0029624,0.0267068),(0.0048304,-0.0014624,0.0267675),(0.0048304,-0.0015284,0.0267057),(0.0048304,-0.0029624,0.0267068),(0.0048304,-0.0015284,0.0267057),(0.0048304,-0.0016010,0.0266499),(0.0048304,-0.0029624,0.0267068),(0.0048304,-0.0016010,0.0266499),(0.0048304,-0.0016782,0.0266015),(0.0048304,-0.0029624,0.0267068),(0.0048304,-0.0016782,0.0266015),(0.0048304,-0.0017598,0.0265606),(0.0048304,-0.0029624,0.0267068),(0.0048304,-0.0017598,0.0265606),(0.0048304,-0.0018459,0.0265271),(0.0048304,-0.0029624,0.0267068),(0.0048304,-0.0018459,0.0265271),(0.0048304,-0.0019365,0.0265011),(0.0048304,-0.0029624,0.0267068),(0.0048304,-0.0019365,0.0265011),(0.0048304,-0.0020316,0.0264825),(0.0048304,-0.0029624,0.0267068),(0.0048304,-0.0020316,0.0264825),(0.0048304,-0.0021313,0.0264713),(0.0048304,-0.0029624,0.0267068),(0.0048304,-0.0021313,0.0264713),(0.0048304,-0.0022354,0.0264676),(0.0048304,-0.0029624,0.0267068),(0.0048304,-0.0022354,0.0264676),(0.0048304,-0.0023396,0.0264713),(0.0048304,-0.0029624,0.0267068),(0.0048304,-0.0023396,0.0264713),(0.0048304,-0.0024400,0.0264825),(0.0048304,-0.0029624,0.0267068),(0.0048304,-0.0024400,0.0264825),(0.0048304,-0.0025365,0.0265012),(0.0048304,-0.0029624,0.0267068),(0.0048304,-0.0025365,0.0265012),(0.0048304,-0.0026293,0.0265274),(0.0048304,-0.0029624,0.0267068),(0.0048304,-0.0026293,0.0265274),(0.0048304,-0.0027183,0.0265610),(0.0048304,-0.0029624,0.0267068),(0.0048304,-0.0027183,0.0265610),(0.0048304,-0.0028035,0.0266021),(0.0048304,-0.0029624,0.0267068),(0.0048304,-0.0028035,0.0266021),(0.0048304,-0.0028849,0.0266507)));
#3251=COMPLEX_TRIANGULATED_SURFACE_SET('surface set',#3250,810,(),(),(),((1,2,3),(4,5,6),(7,8,9),(10,11,12),(13,14,15),(16,17,18),(19,20,21),(22,23,24),(25,26,27),(28,29,30),(31,32,33),(34,35,36),(37,38,39),(40,41,42),(43,44,45),(46,47,48),(49,50,51),(52,53,54),(55,56,57),(58,59,60),(61,62,63),(64,65,66),(67,68,69),(70,71,72),(73,74,75),(76,77,78),(79,80,81),(82,83,84),(85,86,87),(88,89,90),(91,92,93),(94,95,96),(97,98,99),(100,101,102),(103,104,105),(106,107,108),(109,110,111),(112,113,114),(115,116,117),(118,119,120),(121,122,123),(124,125,126),(127,128,129),(130,131,132),(133,134,135),(136,137,138),(139,140,141),(142,143,144),(145,146,147),(148,149,150),(151,152,153),(154,155,156),(157,158,159),(160,161,162),(163,164,165),(166,167,168),(169,170,171),(172,173,174),(175,176,177),(178,179,180),(181,182,183),(184,185,186),(187,188,189),(190,191,192),(193,194,195),(196,197,198),(199,200,201),(202,203,204),(205,206,207),(208,209,210),(211,212,213),(214,215,216),(217,218,219),(220,221,222),(223,224,225),(226,227,228),(229,230,231),(232,233,234),(235,236,237),(238,239,240),(241,242,243),(244,245,246),(247,248,249),(250,251,252),(253,254,255),(256,257,258),(259,260,261),(262,263,264),(265,266,267),(268,269,270),(271,272,273),(274,275,276),(277,278,279),(280,281,282),(283,284,285),(286,287,288),(289,290,291),(292,293,294),(295,296,297),(298,299,300),(301,302,303),(304,305,306),(307,308,309),(310,311,312),(313,314,315),(316,317,318),(319,320,321),(322,323,324),(325,326,327),(328,329,330),(331,332,333),(334,335,336),(337,338,339),(340,341,342),(343,344,345),(346,347,348),(349,350,351),(352,353,354),(355,356,357),(358,359,360),(361,362,363),(364,365,366),(367,368,369),(370,371,372),(373,374,375),(376,377,378),(379,380,381),(382,383,384),(385,386,387),(388,389,390),(391,392,393),(394,395,396),(397,398,399),(400,401,402),(403,404,405),(406,407,408),(409,410,411),(412,413,414),(415,416,417),(418,419,420),(421,422,423),(424,425,426),(427,428,429),(430,431,432),(433,434,435),(436,437,438),(439,440,441),(442,443,444),(445,446,447),(448,449,450),(451,452,453),(454,455,456),(457,458,459),(460,461,462),(463,464,465),(466,467,468),(469,470,471),(472,473,474),(475,476,477),(478,479,480),(481,482,483),(484,485,486),(487,488,489),(490,491,492),(493,494,495),(496,497,498),(499,500,501),(502,503,504),(505,506,507),(508,509,510),(511,512,513),(514,515,516),(517,518,519),(520,521,522),(523,524,525),(526,527,528),(529,530,531),(532,533,534),(535,536,537),(538,539,540),(541,542,543),(544,545,546),(547,548,549),(550,551,552),(553,554,555),(556,557,558),(559,560,561),(562,563,564),(565,566,567),(568,569,570),(571,572,573),(574,575,576),(577,578,579),(580,581,582),(583,584,585),(586,587,588),(589,590,591),(592,593,594),(595,596,597),(598,599,600),(601,602,603),(604,605,606),(607,608,609),(610,611,612),(613,614,615),(616,617,618),(619,620,621),(622,623,624),(625,626,627),(628,629,630),(631,632,633),(634,635,636),(637,638,639),(640,641,642),(643,644,645),(646,647,648),(649,650,651),(652,653,654),(655,656,657),(658,659,660),(661,662,663),(664,665,666),(667,668,669),(670,671,672),(673,674,675),(676,677,678),(679,680,681),(682,683,684),(685,686,687),(688,689,690),(691,692,693),(694,695,696),(697,698,699),(700,701,702),(703,704,705),(706,707,708),(709,710,711),(712,713,714),(715,716,717),(718,719,720),(721,722,723),(724,725,726),(727,728,729),(730,731,732),(733,734,735),(736,737,738),(739,740,741),(742,743,744),(745,746,747),(748,749,750),(751,752,753),(754,755,756),(757,758,759),(760,761,762),(763,764,765),(766,767,768),(769,770,771),(772,773,774),(775,776,777),(778,779,780),(781,782,783),(784,785,786),(787,788,789),(790,791,792),(793,794,795),(796,797,798),(799,800,801),(802,803,804),(805,806,807),(808,809,810)));
#3252=TESSELLATED_GEOMETRIC_SET('linear dimension',(#3251));
#3253=COORDINATES_LIST('coordinates',8,((0.0048304,-0.0013285,0.0409850),(0.0048304,-0.0032709,0.0409850),(0.0048304,-0.0013285,0.0109850),(0.0048304,-0.0032709,0.0109850),(0.0048304,-0.0032709,0.0409850),(0.0048304,-0.0032709,0.0293800),(0.0048304,-0.0032709,0.0225900),(0.0048304,-0.0032709,0.0109850)));
#3254=TESSELLATED_CURVE_SET('curve set',#3253,((1,2),(3,4),(5,6),(7,8)));
#3255=TESSELLATED_GEOMETRIC_SET('linear dimension',(#3254));
#3256=TESSELLATED_ANNOTATION_OCCURRENCE('linear dimension',(#3249),#3252);
#3257=TESSELLATED_ANNOTATION_OCCURRENCE('linear dimension',(#3249),#3255);
#3258=DRAUGHTING_CALLOUT('linear dimension',(#3256,#3257));
#3259=DRAUGHTING_MODEL_ITEM_ASSOCIATION('','',#3215,#3245,#3258);
#3260=DRAUGHTING_MODEL_ITEM_ASSOCIATION('','',#3217,#3245,#3258);
#3261=DRAUGHTING_MODEL_ITEM_ASSOCIATION('','',#3219,#3245,#3258);
#3262=SHAPE_ASPECT('DISTANCE.F5R7raA16wibyoY_4',$,#3091,.T.);
#3263=GEOMETRIC_ITEM_SPECIFIC_USAGE('','',#3262,#21,#1765);
#3264=SHAPE_ASPECT('DISTANCE.F5R7raA16wibyoY_4',$,#3091,.T.);
#3265=GEOMETRIC_ITEM_SPECIFIC_USAGE('','',#3264,#21,#1764);
#3266=DIMENSIONAL_LOCATION('linear distance','DISTANCE.F5R7raA16wibyoY_4',#3262,#3264);
#3268=(
LENGTH_UNIT()
NAMED_UNIT(*)
SI_UNIT(.MILLI.,.METRE.)
);
#3269=PRECISION_QUALIFIER(3);
#3267=(
LENGTH_MEASURE_WITH_UNIT()
MEASURE_REPRESENTATION_ITEM()
MEASURE_WITH_UNIT(POSITIVE_LENGTH_MEASURE(30.),#3268)
QUALIFIED_REPRESENTATION_ITEM((#3269))
REPRESENTATION_ITEM('nominal value')
);
#3270=SHAPE_DIMENSION_REPRESENTATION('',(#3267),#3051);
#3271=DIMENSIONAL_CHARACTERISTIC_REPRESENTATION(#3266,#3270);
#3272=PRESENTATION_STYLE_ASSIGNMENT((NULL_STYLE(.NULL.)));
#3273=CARTESIAN_POINT('',(-0.0805797367272802,-0.00379816846361622,0.0259849940732757));
#3274=DIRECTION('',(-1.,0.,0.));
#3275=DIRECTION('',(0.,0.,-1.));
#3276=AXIS2_PLACEMENT_3D('',#3273,#3274,#3275);
#3277=PLANE('',#3276);
#3278=ANNOTATION_PLANE('',(#3272),#3277,(#3305));
#3279=CARTESIAN_POINT('',(0.,0.,0.));
#3280=DIRECTION('',(0.,0.,1.));
#3281=DIRECTION('',(1.,0.,0.));
#3282=AXIS2_PLACEMENT_3D('',#3279,#3280,#3281);
#3283=CARTESIAN_POINT('',(0.,0.,0.));
#3284=DIRECTION('',(0.,0.,1.));
#3285=DIRECTION('',(1.,0.,0.));
#3286=AXIS2_PLACEMENT_3D('',#3283,#3284,#3285);
#3287=SHAPE_REPRESENTATION('',(#3286,#1887),#3051);
#3288=REPRESENTATION_MAP(#3282,#3287);
#3289=MAPPED_ITEM('',#3288,#3282);
#3290=PRESENTATION_STYLE_ASSIGNMENT((NULL_STYLE(.NULL.)));
#3291=STYLED_ITEM('',(#3290),#3289);
#3292=DRAUGHTING_MODEL('',(#3278,#3282,#3289,#3291),#3051);
#3293=DRAUGHTING_PRE_DEFINED_CURVE_FONT('continuous');
#3294=COLOUR_RGB('',0.,0.,0.);
#3295=CURVE_STYLE('',#3293,POSITIVE_LENGTH_MEASURE(0.02),#3294);
#3296=PRESENTATION_STYLE_ASSIGNMENT((#3295));
#3297=COORDINATES_LIST('coordinates',810,((-0.0805797,-0.0046926,0.0383017),(-0.0805797,-0.0037982,0.0409850),(-0.0805797,-0.0029037,0.0383017),(-0.0805797,-0.0029037,0.0136683),(-0.0805797,-0.0037982,0.0109850),(-0.0805797,-0.0046926,0.0136683),(-0.0805797,-0.0029531,0.0235900),(-0.0805797,-0.0046432,0.0235900),(-0.0805797,-0.0047756,0.0235953),(-0.0805797,-0.0029531,0.0235900),(-0.0805797,-0.0047756,0.0235953),(-0.0805797,-0.0049019,0.0236114),(-0.0805797,-0.0029531,0.0235900),(-0.0805797,-0.0049019,0.0236114),(-0.0805797,-0.0050220,0.0236381),(-0.0805797,-0.0029531,0.0235900),(-0.0805797,-0.0050220,0.0236381),(-0.0805797,-0.0051359,0.0236754),(-0.0805797,-0.0029531,0.0235900),(-0.0805797,-0.0051359,0.0236754),(-0.0805797,-0.0052437,0.0237235),(-0.0805797,-0.0029531,0.0235900),(-0.0805797,-0.0052437,0.0237235),(-0.0805797,-0.0053453,0.0237823),(-0.0805797,-0.0029531,0.0235900),(-0.0805797,-0.0053453,0.0237823),(-0.0805797,-0.0054408,0.0238517),(-0.0805797,-0.0029531,0.0235900),(-0.0805797,-0.0054408,0.0238517),(-0.0805797,-0.0055301,0.0239318),(-0.0805797,-0.0029531,0.0235900),(-0.0805797,-0.0055301,0.0239318),(-0.0805797,-0.0055996,0.0240081),(-0.0805797,-0.0029531,0.0235900),(-0.0805797,-0.0055996,0.0240081),(-0.0805797,-0.0056598,0.0240876),(-0.0805797,-0.0029531,0.0235900),(-0.0805797,-0.0056598,0.0240876),(-0.0805797,-0.0057107,0.0241704),(-0.0805797,-0.0057107,0.0241704),(-0.0805797,-0.0057524,0.0242565),(-0.0805797,-0.0057848,0.0243458),(-0.0805797,-0.0057107,0.0241704),(-0.0805797,-0.0057848,0.0243458),(-0.0805797,-0.0058079,0.0244384),(-0.0805797,-0.0057107,0.0241704),(-0.0805797,-0.0058079,0.0244384),(-0.0805797,-0.0058218,0.0245343),(-0.0805797,-0.0057107,0.0241704),(-0.0805797,-0.0058218,0.0245343),(-0.0805797,-0.0058265,0.0246335),(-0.0805797,-0.0057107,0.0241704),(-0.0805797,-0.0058265,0.0246335),(-0.0805797,-0.0058218,0.0247310),(-0.0805797,-0.0057107,0.0241704),(-0.0805797,-0.0058218,0.0247310),(-0.0805797,-0.0058076,0.0248255),(-0.0805797,-0.0057107,0.0241704),(-0.0805797,-0.0058076,0.0248255),(-0.0805797,-0.0057840,0.0249171),(-0.0805797,-0.0057107,0.0241704),(-0.0805797,-0.0057840,0.0249171),(-0.0805797,-0.0057511,0.0250058),(-0.0805797,-0.0057107,0.0241704),(-0.0805797,-0.0057511,0.0250058),(-0.0805797,-0.0057086,0.0250915),(-0.0805797,-0.0057107,0.0241704),(-0.0805797,-0.0057086,0.0250915),(-0.0805797,-0.0056568,0.0251742),(-0.0805797,-0.0057107,0.0241704),(-0.0805797,-0.0056568,0.0251742),(-0.0805797,-0.0055955,0.0252541),(-0.0805797,-0.0057107,0.0241704),(-0.0805797,-0.0055955,0.0252541),(-0.0805797,-0.0055248,0.0253309),(-0.0805797,-0.0055248,0.0253309),(-0.0805797,-0.0052285,0.0250272),(-0.0805797,-0.0053044,0.0249357),(-0.0805797,-0.0055248,0.0253309),(-0.0805797,-0.0053044,0.0249357),(-0.0805797,-0.0053587,0.0248388),(-0.0805797,-0.0057107,0.0241704),(-0.0805797,-0.0055248,0.0253309),(-0.0805797,-0.0053587,0.0248388),(-0.0805797,-0.0057107,0.0241704),(-0.0805797,-0.0053587,0.0248388),(-0.0805797,-0.0053912,0.0247367),(-0.0805797,-0.0057107,0.0241704),(-0.0805797,-0.0053912,0.0247367),(-0.0805797,-0.0054021,0.0246293),(-0.0805797,-0.0057107,0.0241704),(-0.0805797,-0.0054021,0.0246293),(-0.0805797,-0.0053910,0.0245210),(-0.0805797,-0.0057107,0.0241704),(-0.0805797,-0.0053910,0.0245210),(-0.0805797,-0.0053576,0.0244184),(-0.0805797,-0.0057107,0.0241704),(-0.0805797,-0.0053576,0.0244184),(-0.0805797,-0.0053021,0.0243215),(-0.0805797,-0.0057107,0.0241704),(-0.0805797,-0.0053021,0.0243215),(-0.0805797,-0.0052243,0.0242303),(-0.0805797,-0.0057107,0.0241704),(-0.0805797,-0.0052243,0.0242303),(-0.0805797,-0.0051082,0.0241372),(-0.0805797,-0.0057107,0.0241704),(-0.0805797,-0.0051082,0.0241372),(-0.0805797,-0.0049727,0.0240707),(-0.0805797,-0.0057107,0.0241704),(-0.0805797,-0.0049727,0.0240707),(-0.0805797,-0.0048976,0.0240475),(-0.0805797,-0.0029531,0.0235900),(-0.0805797,-0.0057107,0.0241704),(-0.0805797,-0.0048976,0.0240475),(-0.0805797,-0.0029531,0.0235900),(-0.0805797,-0.0048976,0.0240475),(-0.0805797,-0.0048177,0.0240308),(-0.0805797,-0.0029531,0.0235900),(-0.0805797,-0.0048177,0.0240308),(-0.0805797,-0.0047329,0.0240209),(-0.0805797,-0.0029531,0.0235900),(-0.0805797,-0.0047329,0.0240209),(-0.0805797,-0.0046432,0.0240176),(-0.0805797,-0.0029531,0.0235900),(-0.0805797,-0.0046432,0.0240176),(-0.0805797,-0.0029531,0.0240176),(-0.0805797,-0.0029531,0.0235900),(-0.0805797,-0.0029531,0.0240176),(-0.0805797,-0.0028661,0.0240209),(-0.0805797,-0.0029531,0.0235900),(-0.0805797,-0.0028661,0.0240209),(-0.0805797,-0.0027833,0.0240308),(-0.0805797,-0.0029531,0.0235900),(-0.0805797,-0.0027833,0.0240308),(-0.0805797,-0.0026306,0.0240707),(-0.0805797,-0.0029531,0.0235900),(-0.0805797,-0.0026306,0.0240707),(-0.0805797,-0.0024949,0.0241372),(-0.0805797,-0.0029531,0.0235900),(-0.0805797,-0.0024949,0.0241372),(-0.0805797,-0.0023763,0.0242303),(-0.0805797,-0.0051122,0.0251212),(-0.0805797,-0.0052285,0.0250272),(-0.0805797,-0.0055248,0.0253309),(-0.0805797,-0.0049758,0.0251883),(-0.0805797,-0.0051122,0.0251212),(-0.0805797,-0.0055248,0.0253309),(-0.0805797,-0.0048195,0.0252286),(-0.0805797,-0.0049758,0.0251883),(-0.0805797,-0.0055248,0.0253309),(-0.0805797,-0.0047339,0.0252387),(-0.0805797,-0.0048195,0.0252286),(-0.0805797,-0.0055248,0.0253309),(-0.0805797,-0.0046432,0.0252420),(-0.0805797,-0.0047339,0.0252387),(-0.0805797,-0.0055248,0.0253309),(-0.0805797,-0.0029457,0.0252420),(-0.0805797,-0.0046432,0.0252420),(-0.0805797,-0.0055248,0.0253309),(-0.0805797,-0.0029457,0.0252420),(-0.0805797,-0.0055248,0.0253309),(-0.0805797,-0.0054368,0.0254106),(-0.0805797,-0.0028574,0.0252387),(-0.0805797,-0.0029457,0.0252420),(-0.0805797,-0.0054368,0.0254106),(-0.0805797,-0.0028574,0.0252387),(-0.0805797,-0.0054368,0.0254106),(-0.0805797,-0.0053426,0.0254796),(-0.0805797,-0.0028574,0.0252387),(-0.0805797,-0.0053426,0.0254796),(-0.0805797,-0.0052422,0.0255380),(-0.0805797,-0.0027740,0.0252287),(-0.0805797,-0.0028574,0.0252387),(-0.0805797,-0.0052422,0.0255380),(-0.0805797,-0.0027740,0.0252287),(-0.0805797,-0.0052422,0.0255380),(-0.0805797,-0.0051356,0.0255857),(-0.0805797,-0.0027740,0.0252287),(-0.0805797,-0.0051356,0.0255857),(-0.0805797,-0.0050229,0.0256229),(-0.0805797,-0.0027740,0.0252287),(-0.0805797,-0.0050229,0.0256229),(-0.0805797,-0.0049039,0.0256494),(-0.0805797,-0.0027740,0.0252287),(-0.0805797,-0.0049039,0.0256494),(-0.0805797,-0.0047788,0.0256654),(-0.0805797,-0.0026955,0.0252121),(-0.0805797,-0.0027740,0.0252287),(-0.0805797,-0.0047788,0.0256654),(-0.0805797,-0.0026955,0.0252121),(-0.0805797,-0.0047788,0.0256654),(-0.0805797,-0.0046475,0.0256707),(-0.0805797,-0.0026955,0.0252121),(-0.0805797,-0.0046475,0.0256707),(-0.0805797,-0.0029531,0.0256707),(-0.0805797,-0.0026218,0.0251889),(-0.0805797,-0.0026955,0.0252121),(-0.0805797,-0.0029531,0.0256707),(-0.0805797,-0.0024893,0.0251224),(-0.0805797,-0.0026218,0.0251889),(-0.0805797,-0.0029531,0.0256707),(-0.0805797,-0.0023763,0.0250293),(-0.0805797,-0.0024893,0.0251224),(-0.0805797,-0.0029531,0.0256707),(-0.0805797,-0.0023763,0.0250293),(-0.0805797,-0.0029531,0.0256707),(-0.0805797,-0.0029457,0.0256707),(-0.0805797,-0.0023763,0.0250293),(-0.0805797,-0.0029457,0.0256707),(-0.0805797,-0.0028152,0.0256654),(-0.0805797,-0.0022976,0.0249341),(-0.0805797,-0.0023763,0.0250293),(-0.0805797,-0.0028152,0.0256654),(-0.0805797,-0.0022976,0.0249341),(-0.0805797,-0.0028152,0.0256654),(-0.0805797,-0.0026909,0.0256494),(-0.0805797,-0.0022414,0.0248356),(-0.0805797,-0.0022976,0.0249341),(-0.0805797,-0.0026909,0.0256494),(-0.0805797,-0.0022414,0.0248356),(-0.0805797,-0.0026909,0.0256494),(-0.0805797,-0.0025728,0.0256229),(-0.0805797,-0.0022414,0.0248356),(-0.0805797,-0.0025728,0.0256229),(-0.0805797,-0.0024610,0.0255857),(-0.0805797,-0.0022076,0.0247340),(-0.0805797,-0.0022414,0.0248356),(-0.0805797,-0.0024610,0.0255857),(-0.0805797,-0.0022076,0.0247340),(-0.0805797,-0.0024610,0.0255857),(-0.0805797,-0.0023553,0.0255380),(-0.0805797,-0.0022076,0.0247340),(-0.0805797,-0.0023553,0.0255380),(-0.0805797,-0.0022559,0.0254796),(-0.0805797,-0.0021964,0.0246293),(-0.0805797,-0.0022076,0.0247340),(-0.0805797,-0.0022559,0.0254796),(-0.0805797,-0.0021964,0.0246293),(-0.0805797,-0.0022559,0.0254796),(-0.0805797,-0.0021627,0.0254106),(-0.0805797,-0.0021964,0.0246293),(-0.0805797,-0.0021627,0.0254106),(-0.0805797,-0.0020757,0.0253309),(-0.0805797,-0.0022076,0.0245202),(-0.0805797,-0.0021964,0.0246293),(-0.0805797,-0.0020757,0.0253309),(-0.0805797,-0.0022076,0.0245202),(-0.0805797,-0.0020757,0.0253309),(-0.0805797,-0.0020040,0.0252526),(-0.0805797,-0.0022076,0.0245202),(-0.0805797,-0.0020040,0.0252526),(-0.0805797,-0.0019419,0.0251716),(-0.0805797,-0.0022414,0.0244173),(-0.0805797,-0.0022076,0.0245202),(-0.0805797,-0.0019419,0.0251716),(-0.0805797,-0.0022414,0.0244173),(-0.0805797,-0.0019419,0.0251716),(-0.0805797,-0.0018893,0.0250879),(-0.0805797,-0.0022414,0.0244173),(-0.0805797,-0.0018893,0.0250879),(-0.0805797,-0.0018463,0.0250015),(-0.0805797,-0.0022976,0.0243207),(-0.0805797,-0.0022414,0.0244173),(-0.0805797,-0.0018463,0.0250015),(-0.0805797,-0.0022976,0.0243207),(-0.0805797,-0.0018463,0.0250015),(-0.0805797,-0.0018129,0.0249125),(-0.0805797,-0.0022976,0.0243207),(-0.0805797,-0.0018129,0.0249125),(-0.0805797,-0.0017890,0.0248208),(-0.0805797,-0.0023763,0.0242303),(-0.0805797,-0.0022976,0.0243207),(-0.0805797,-0.0017890,0.0248208),(-0.0805797,-0.0029531,0.0235900),(-0.0805797,-0.0023763,0.0242303),(-0.0805797,-0.0017890,0.0248208),(-0.0805797,-0.0029531,0.0235900),(-0.0805797,-0.0017890,0.0248208),(-0.0805797,-0.0017747,0.0247264),(-0.0805797,-0.0029531,0.0235900),(-0.0805797,-0.0017747,0.0247264),(-0.0805797,-0.0017699,0.0246293),(-0.0805797,-0.0029531,0.0235900),(-0.0805797,-0.0017699,0.0246293),(-0.0805797,-0.0017747,0.0245311),(-0.0805797,-0.0029531,0.0235900),(-0.0805797,-0.0017747,0.0245311),(-0.0805797,-0.0017890,0.0244359),(-0.0805797,-0.0029531,0.0235900),(-0.0805797,-0.0017890,0.0244359),(-0.0805797,-0.0018129,0.0243439),(-0.0805797,-0.0029531,0.0235900),(-0.0805797,-0.0018129,0.0243439),(-0.0805797,-0.0018463,0.0242549),(-0.0805797,-0.0029531,0.0235900),(-0.0805797,-0.0018463,0.0242549),(-0.0805797,-0.0018893,0.0241690),(-0.0805797,-0.0029531,0.0235900),(-0.0805797,-0.0018893,0.0241690),(-0.0805797,-0.0019419,0.0240861),(-0.0805797,-0.0029531,0.0235900),(-0.0805797,-0.0019419,0.0240861),(-0.0805797,-0.0020040,0.0240064),(-0.0805797,-0.0029531,0.0235900),(-0.0805797,-0.0020040,0.0240064),(-0.0805797,-0.0020757,0.0239297),(-0.0805797,-0.0029531,0.0235900),(-0.0805797,-0.0020757,0.0239297),(-0.0805797,-0.0021644,0.0238501),(-0.0805797,-0.0029531,0.0235900),(-0.0805797,-0.0021644,0.0238501),(-0.0805797,-0.0022592,0.0237811),(-0.0805797,-0.0029531,0.0235900),(-0.0805797,-0.0022592,0.0237811),(-0.0805797,-0.0023598,0.0237227),(-0.0805797,-0.0029531,0.0235900),(-0.0805797,-0.0023598,0.0237227),(-0.0805797,-0.0024665,0.0236749),(-0.0805797,-0.0029531,0.0235900),(-0.0805797,-0.0024665,0.0236749),(-0.0805797,-0.0025792,0.0236378),(-0.0805797,-0.0029531,0.0235900),(-0.0805797,-0.0025792,0.0236378),(-0.0805797,-0.0026978,0.0236112),(-0.0805797,-0.0029531,0.0235900),(-0.0805797,-0.0026978,0.0236112),(-0.0805797,-0.0028225,0.0235953),(-0.0805797,-0.0035383,0.0267544),(-0.0805797,-0.0036145,0.0266700),(-0.0805797,-0.0037077,0.0265861),(-0.0805797,-0.0035383,0.0267544),(-0.0805797,-0.0037077,0.0265861),(-0.0805797,-0.0038000,0.0265189),(-0.0805797,-0.0035383,0.0267544),(-0.0805797,-0.0038000,0.0265189),(-0.0805797,-0.0038977,0.0264606),(-0.0805797,-0.0035383,0.0267544),(-0.0805797,-0.0038977,0.0264606),(-0.0805797,-0.0040006,0.0264114),(-0.0805797,-0.0035383,0.0267544),(-0.0805797,-0.0040006,0.0264114),(-0.0805797,-0.0041088,0.0263710),(-0.0805797,-0.0035383,0.0267544),(-0.0805797,-0.0041088,0.0263710),(-0.0805797,-0.0042223,0.0263397),(-0.0805797,-0.0035383,0.0267544),(-0.0805797,-0.0042223,0.0263397),(-0.0805797,-0.0043411,0.0263172),(-0.0805797,-0.0035383,0.0267544),(-0.0805797,-0.0043411,0.0263172),(-0.0805797,-0.0044652,0.0263038),(-0.0805797,-0.0035383,0.0267544),(-0.0805797,-0.0044652,0.0263038),(-0.0805797,-0.0045946,0.0262993),(-0.0805797,-0.0035383,0.0267544),(-0.0805797,-0.0045946,0.0262993),(-0.0805797,-0.0047226,0.0263038),(-0.0805797,-0.0035383,0.0267544),(-0.0805797,-0.0047226,0.0263038),(-0.0805797,-0.0048455,0.0263174),(-0.0805797,-0.0035383,0.0267544),(-0.0805797,-0.0048455,0.0263174),(-0.0805797,-0.0049630,0.0263399),(-0.0805797,-0.0035383,0.0267544),(-0.0805797,-0.0049630,0.0263399),(-0.0805797,-0.0050753,0.0263716),(-0.0805797,-0.0035383,0.0267544),(-0.0805797,-0.0050753,0.0263716),(-0.0805797,-0.0051824,0.0264122),(-0.0805797,-0.0035383,0.0267544),(-0.0805797,-0.0051824,0.0264122),(-0.0805797,-0.0052841,0.0264618),(-0.0805797,-0.0035383,0.0267544),(-0.0805797,-0.0052841,0.0264618),(-0.0805797,-0.0053807,0.0265205),(-0.0805797,-0.0035383,0.0267544),(-0.0805797,-0.0053807,0.0265205),(-0.0805797,-0.0054719,0.0265882),(-0.0805797,-0.0035383,0.0267544),(-0.0805797,-0.0054719,0.0265882),(-0.0805797,-0.0055543,0.0266627),(-0.0805797,-0.0055543,0.0266627),(-0.0805797,-0.0056256,0.0267427),(-0.0805797,-0.0056860,0.0268282),(-0.0805797,-0.0055543,0.0266627),(-0.0805797,-0.0056860,0.0268282),(-0.0805797,-0.0057354,0.0269192),(-0.0805797,-0.0055543,0.0266627),(-0.0805797,-0.0057354,0.0269192),(-0.0805797,-0.0057739,0.0270158),(-0.0805797,-0.0055543,0.0266627),(-0.0805797,-0.0057739,0.0270158),(-0.0805797,-0.0058013,0.0271179),(-0.0805797,-0.0055543,0.0266627),(-0.0805797,-0.0058013,0.0271179),(-0.0805797,-0.0058178,0.0272255),(-0.0805797,-0.0055543,0.0266627),(-0.0805797,-0.0058178,0.0272255),(-0.0805797,-0.0058233,0.0273386),(-0.0805797,-0.0055543,0.0266627),(-0.0805797,-0.0058233,0.0273386),(-0.0805797,-0.0058176,0.0274563),(-0.0805797,-0.0055543,0.0266627),(-0.0805797,-0.0058176,0.0274563),(-0.0805797,-0.0058005,0.0275674),(-0.0805797,-0.0055543,0.0266627),(-0.0805797,-0.0058005,0.0275674),(-0.0805797,-0.0057719,0.0276720),(-0.0805797,-0.0055543,0.0266627),(-0.0805797,-0.0057719,0.0276720),(-0.0805797,-0.0057320,0.0277701),(-0.0805797,-0.0055543,0.0266627),(-0.0805797,-0.0057320,0.0277701),(-0.0805797,-0.0056807,0.0278617),(-0.0805797,-0.0055543,0.0266627),(-0.0805797,-0.0056807,0.0278617),(-0.0805797,-0.0056179,0.0279468),(-0.0805797,-0.0055543,0.0266627),(-0.0805797,-0.0056179,0.0279468),(-0.0805797,-0.0055437,0.0280254),(-0.0805797,-0.0055543,0.0266627),(-0.0805797,-0.0055437,0.0280254),(-0.0805797,-0.0054582,0.0280974),(-0.0805797,-0.0055543,0.0266627),(-0.0805797,-0.0054582,0.0280974),(-0.0805797,-0.0053631,0.0281637),(-0.0805797,-0.0055543,0.0266627),(-0.0805797,-0.0053631,0.0281637),(-0.0805797,-0.0052620,0.0282211),(-0.0805797,-0.0052620,0.0282211),(-0.0805797,-0.0051550,0.0282696),(-0.0805797,-0.0050420,0.0283094),(-0.0805797,-0.0052620,0.0282211),(-0.0805797,-0.0050420,0.0283094),(-0.0805797,-0.0049230,0.0283403),(-0.0805797,-0.0052620,0.0282211),(-0.0805797,-0.0049230,0.0283403),(-0.0805797,-0.0047980,0.0283623),(-0.0805797,-0.0052620,0.0282211),(-0.0805797,-0.0047980,0.0283623),(-0.0805797,-0.0046670,0.0283756),(-0.0805797,-0.0052620,0.0282211),(-0.0805797,-0.0046670,0.0283756),(-0.0805797,-0.0045300,0.0283800),(-0.0805797,-0.0052620,0.0282211),(-0.0805797,-0.0045300,0.0283800),(-0.0805797,-0.0044480,0.0283647),(-0.0805797,-0.0052620,0.0282211),(-0.0805797,-0.0044480,0.0283647),(-0.0805797,-0.0043797,0.0283186),(-0.0805797,-0.0052620,0.0282211),(-0.0805797,-0.0043797,0.0283186),(-0.0805797,-0.0043337,0.0282501),(-0.0805797,-0.0052620,0.0282211),(-0.0805797,-0.0043337,0.0282501),(-0.0805797,-0.0043183,0.0281673),(-0.0805797,-0.0052620,0.0282211),(-0.0805797,-0.0043183,0.0281673),(-0.0805797,-0.0043337,0.0280842),(-0.0805797,-0.0052620,0.0282211),(-0.0805797,-0.0043337,0.0280842),(-0.0805797,-0.0043797,0.0280149),(-0.0805797,-0.0052620,0.0282211),(-0.0805797,-0.0043797,0.0280149),(-0.0805797,-0.0044480,0.0279673),(-0.0805797,-0.0052620,0.0282211),(-0.0805797,-0.0044480,0.0279673),(-0.0805797,-0.0045300,0.0279514),(-0.0805797,-0.0052620,0.0282211),(-0.0805797,-0.0045300,0.0279514),(-0.0805797,-0.0046301,0.0279487),(-0.0805797,-0.0052620,0.0282211),(-0.0805797,-0.0046301,0.0279487),(-0.0805797,-0.0047244,0.0279405),(-0.0805797,-0.0052620,0.0282211),(-0.0805797,-0.0047244,0.0279405),(-0.0805797,-0.0048130,0.0279270),(-0.0805797,-0.0052620,0.0282211),(-0.0805797,-0.0048130,0.0279270),(-0.0805797,-0.0048959,0.0279080),(-0.0805797,-0.0052620,0.0282211),(-0.0805797,-0.0048959,0.0279080),(-0.0805797,-0.0050446,0.0278537),(-0.0805797,-0.0052620,0.0282211),(-0.0805797,-0.0050446,0.0278537),(-0.0805797,-0.0051703,0.0277778),(-0.0805797,-0.0052620,0.0282211),(-0.0805797,-0.0051703,0.0277778),(-0.0805797,-0.0052698,0.0276873),(-0.0805797,-0.0052620,0.0282211),(-0.0805797,-0.0052698,0.0276873),(-0.0805797,-0.0053410,0.0275839),(-0.0805797,-0.0052620,0.0282211),(-0.0805797,-0.0053410,0.0275839),(-0.0805797,-0.0053836,0.0274677),(-0.0805797,-0.0055543,0.0266627),(-0.0805797,-0.0052620,0.0282211),(-0.0805797,-0.0053836,0.0274677),(-0.0805797,-0.0055543,0.0266627),(-0.0805797,-0.0053836,0.0274677),(-0.0805797,-0.0053978,0.0273386),(-0.0805797,-0.0055543,0.0266627),(-0.0805797,-0.0053978,0.0273386),(-0.0805797,-0.0053844,0.0272150),(-0.0805797,-0.0055543,0.0266627),(-0.0805797,-0.0053844,0.0272150),(-0.0805797,-0.0053441,0.0271015),(-0.0805797,-0.0055543,0.0266627),(-0.0805797,-0.0053441,0.0271015),(-0.0805797,-0.0052770,0.0269981),(-0.0805797,-0.0055543,0.0266627),(-0.0805797,-0.0052770,0.0269981),(-0.0805797,-0.0051830,0.0269047),(-0.0805797,-0.0055543,0.0266627),(-0.0805797,-0.0051830,0.0269047),(-0.0805797,-0.0050653,0.0268269),(-0.0805797,-0.0055543,0.0266627),(-0.0805797,-0.0050653,0.0268269),(-0.0805797,-0.0049279,0.0267713),(-0.0805797,-0.0055543,0.0266627),(-0.0805797,-0.0049279,0.0267713),(-0.0805797,-0.0048519,0.0267519),(-0.0805797,-0.0055543,0.0266627),(-0.0805797,-0.0048519,0.0267519),(-0.0805797,-0.0047710,0.0267380),(-0.0805797,-0.0055543,0.0266627),(-0.0805797,-0.0047710,0.0267380),(-0.0805797,-0.0046853,0.0267297),(-0.0805797,-0.0055543,0.0266627),(-0.0805797,-0.0046853,0.0267297),(-0.0805797,-0.0045946,0.0267269),(-0.0805797,-0.0035383,0.0267544),(-0.0805797,-0.0055543,0.0266627),(-0.0805797,-0.0045946,0.0267269),(-0.0805797,-0.0035383,0.0267544),(-0.0805797,-0.0045946,0.0267269),(-0.0805797,-0.0045030,0.0267296),(-0.0805797,-0.0035383,0.0267544),(-0.0805797,-0.0045030,0.0267296),(-0.0805797,-0.0044162,0.0267379),(-0.0805797,-0.0035383,0.0267544),(-0.0805797,-0.0044162,0.0267379),(-0.0805797,-0.0042570,0.0267708),(-0.0805797,-0.0035383,0.0267544),(-0.0805797,-0.0042570,0.0267708),(-0.0805797,-0.0041167,0.0268257),(-0.0805797,-0.0035383,0.0267544),(-0.0805797,-0.0041167,0.0268257),(-0.0805797,-0.0039955,0.0269026),(-0.0805797,-0.0035383,0.0267544),(-0.0805797,-0.0039955,0.0269026),(-0.0805797,-0.0038979,0.0269960),(-0.0805797,-0.0035383,0.0267544),(-0.0805797,-0.0038979,0.0269960),(-0.0805797,-0.0038281,0.0271018),(-0.0805797,-0.0034897,0.0267068),(-0.0805797,-0.0035383,0.0267544),(-0.0805797,-0.0038281,0.0271018),(-0.0805797,-0.0034897,0.0267068),(-0.0805797,-0.0038281,0.0271018),(-0.0805797,-0.0037862,0.0272199),(-0.0805797,-0.0034897,0.0267068),(-0.0805797,-0.0037862,0.0272199),(-0.0805797,-0.0037722,0.0273502),(-0.0805797,-0.0034897,0.0267068),(-0.0805797,-0.0037722,0.0273502),(-0.0805797,-0.0037722,0.0274169),(-0.0805797,-0.0034897,0.0267068),(-0.0805797,-0.0037722,0.0274169),(-0.0805797,-0.0037564,0.0274984),(-0.0805797,-0.0034897,0.0267068),(-0.0805797,-0.0037564,0.0274984),(-0.0805797,-0.0037087,0.0275672),(-0.0805797,-0.0034897,0.0267068),(-0.0805797,-0.0037087,0.0275672),(-0.0805797,-0.0036394,0.0276140),(-0.0805797,-0.0034897,0.0267068),(-0.0805797,-0.0036394,0.0276140),(-0.0805797,-0.0035585,0.0276296),(-0.0805797,-0.0034897,0.0267068),(-0.0805797,-0.0035585,0.0276296),(-0.0805797,-0.0034778,0.0276140),(-0.0805797,-0.0034897,0.0267068),(-0.0805797,-0.0034778,0.0276140),(-0.0805797,-0.0034092,0.0275672),(-0.0805797,-0.0034897,0.0267068),(-0.0805797,-0.0034092,0.0275672),(-0.0805797,-0.0033624,0.0274984),(-0.0805797,-0.0034897,0.0267068),(-0.0805797,-0.0033624,0.0274984),(-0.0805797,-0.0033468,0.0274169),(-0.0805797,-0.0034897,0.0267068),(-0.0805797,-0.0033468,0.0274169),(-0.0805797,-0.0033468,0.0273502),(-0.0805797,-0.0034897,0.0267068),(-0.0805797,-0.0033468,0.0273502),(-0.0805797,-0.0033468,0.0273079),(-0.0805797,-0.0034897,0.0267068),(-0.0805797,-0.0033468,0.0273079),(-0.0805797,-0.0033375,0.0272246),(-0.0805797,-0.0034897,0.0267068),(-0.0805797,-0.0033375,0.0272246),(-0.0805797,-0.0033097,0.0271484),(-0.0805797,-0.0034897,0.0267068),(-0.0805797,-0.0033097,0.0271484),(-0.0805797,-0.0032634,0.0270791),(-0.0805797,-0.0034897,0.0267068),(-0.0805797,-0.0032634,0.0270791),(-0.0805797,-0.0031986,0.0270169),(-0.0805797,-0.0034897,0.0267068),(-0.0805797,-0.0031986,0.0270169),(-0.0805797,-0.0031087,0.0269632),(-0.0805797,-0.0034897,0.0267068),(-0.0805797,-0.0031087,0.0269632),(-0.0805797,-0.0030060,0.0269248),(-0.0805797,-0.0034897,0.0267068),(-0.0805797,-0.0030060,0.0269248),(-0.0805797,-0.0028906,0.0269018),(-0.0805797,-0.0034897,0.0267068),(-0.0805797,-0.0028906,0.0269018),(-0.0805797,-0.0027626,0.0268941),(-0.0805797,-0.0034897,0.0267068),(-0.0805797,-0.0027626,0.0268941),(-0.0805797,-0.0026363,0.0269018),(-0.0805797,-0.0034897,0.0267068),(-0.0805797,-0.0026363,0.0269018),(-0.0805797,-0.0025250,0.0269251),(-0.0805797,-0.0026363,0.0278062),(-0.0805797,-0.0027626,0.0278149),(-0.0805797,-0.0028449,0.0278302),(-0.0805797,-0.0026363,0.0278062),(-0.0805797,-0.0028449,0.0278302),(-0.0805797,-0.0029139,0.0278762),(-0.0805797,-0.0025253,0.0277802),(-0.0805797,-0.0026363,0.0278062),(-0.0805797,-0.0029139,0.0278762),(-0.0805797,-0.0025253,0.0277802),(-0.0805797,-0.0029139,0.0278762),(-0.0805797,-0.0029608,0.0279448),(-0.0805797,-0.0025253,0.0277802),(-0.0805797,-0.0029608,0.0279448),(-0.0805797,-0.0029764,0.0280276),(-0.0805797,-0.0024294,0.0277369),(-0.0805797,-0.0025253,0.0277802),(-0.0805797,-0.0029764,0.0280276),(-0.0805797,-0.0024294,0.0277369),(-0.0805797,-0.0029764,0.0280276),(-0.0805797,-0.0029608,0.0281096),(-0.0805797,-0.0024294,0.0277369),(-0.0805797,-0.0029608,0.0281096),(-0.0805797,-0.0029139,0.0281779),(-0.0805797,-0.0023488,0.0276762),(-0.0805797,-0.0024294,0.0277369),(-0.0805797,-0.0029139,0.0281779),(-0.0805797,-0.0023488,0.0276762),(-0.0805797,-0.0029139,0.0281779),(-0.0805797,-0.0028449,0.0282239),(-0.0805797,-0.0022840,0.0276047),(-0.0805797,-0.0023488,0.0276762),(-0.0805797,-0.0028449,0.0282239),(-0.0805797,-0.0022840,0.0276047),(-0.0805797,-0.0028449,0.0282239),(-0.0805797,-0.0027626,0.0282392),(-0.0805797,-0.0022840,0.0276047),(-0.0805797,-0.0027626,0.0282392),(-0.0805797,-0.0026580,0.0282353),(-0.0805797,-0.0022840,0.0276047),(-0.0805797,-0.0026580,0.0282353),(-0.0805797,-0.0025580,0.0282233),(-0.0805797,-0.0022377,0.0275246),(-0.0805797,-0.0022840,0.0276047),(-0.0805797,-0.0025580,0.0282233),(-0.0805797,-0.0022377,0.0275246),(-0.0805797,-0.0025580,0.0282233),(-0.0805797,-0.0024626,0.0282034),(-0.0805797,-0.0022377,0.0275246),(-0.0805797,-0.0024626,0.0282034),(-0.0805797,-0.0023718,0.0281755),(-0.0805797,-0.0022099,0.0274359),(-0.0805797,-0.0022377,0.0275246),(-0.0805797,-0.0023718,0.0281755),(-0.0805797,-0.0022099,0.0274359),(-0.0805797,-0.0023718,0.0281755),(-0.0805797,-0.0022856,0.0281396),(-0.0805797,-0.0022099,0.0274359),(-0.0805797,-0.0022856,0.0281396),(-0.0805797,-0.0022040,0.0280958),(-0.0805797,-0.0022006,0.0273386),(-0.0805797,-0.0022099,0.0274359),(-0.0805797,-0.0022040,0.0280958),(-0.0805797,-0.0022006,0.0273386),(-0.0805797,-0.0022040,0.0280958),(-0.0805797,-0.0021270,0.0280440),(-0.0805797,-0.0022098,0.0272447),(-0.0805797,-0.0022006,0.0273386),(-0.0805797,-0.0021270,0.0280440),(-0.0805797,-0.0022098,0.0272447),(-0.0805797,-0.0021270,0.0280440),(-0.0805797,-0.0020546,0.0279842),(-0.0805797,-0.0022098,0.0272447),(-0.0805797,-0.0020546,0.0279842),(-0.0805797,-0.0019888,0.0279183),(-0.0805797,-0.0022374,0.0271600),(-0.0805797,-0.0022098,0.0272447),(-0.0805797,-0.0019888,0.0279183),(-0.0805797,-0.0022374,0.0271600),(-0.0805797,-0.0019888,0.0279183),(-0.0805797,-0.0019319,0.0278482),(-0.0805797,-0.0022374,0.0271600),(-0.0805797,-0.0019319,0.0278482),(-0.0805797,-0.0018837,0.0277738),(-0.0805797,-0.0022374,0.0271600),(-0.0805797,-0.0018837,0.0277738),(-0.0805797,-0.0018442,0.0276953),(-0.0805797,-0.0022834,0.0270844),(-0.0805797,-0.0022374,0.0271600),(-0.0805797,-0.0018442,0.0276953),(-0.0805797,-0.0022834,0.0270844),(-0.0805797,-0.0018442,0.0276953),(-0.0805797,-0.0018135,0.0276124),(-0.0805797,-0.0022834,0.0270844),(-0.0805797,-0.0018135,0.0276124),(-0.0805797,-0.0017916,0.0275254),(-0.0805797,-0.0023477,0.0270179),(-0.0805797,-0.0022834,0.0270844),(-0.0805797,-0.0017916,0.0275254),(-0.0805797,-0.0023477,0.0270179),(-0.0805797,-0.0017916,0.0275254),(-0.0805797,-0.0017785,0.0274341),(-0.0805797,-0.0023477,0.0270179),(-0.0805797,-0.0017785,0.0274341),(-0.0805797,-0.0017741,0.0273386),(-0.0805797,-0.0024288,0.0269638),(-0.0805797,-0.0023477,0.0270179),(-0.0805797,-0.0017741,0.0273386),(-0.0805797,-0.0024288,0.0269638),(-0.0805797,-0.0017741,0.0273386),(-0.0805797,-0.0017785,0.0272421),(-0.0805797,-0.0024288,0.0269638),(-0.0805797,-0.0017785,0.0272421),(-0.0805797,-0.0017917,0.0271506),(-0.0805797,-0.0025250,0.0269251),(-0.0805797,-0.0024288,0.0269638),(-0.0805797,-0.0017917,0.0271506),(-0.0805797,-0.0025250,0.0269251),(-0.0805797,-0.0017917,0.0271506),(-0.0805797,-0.0018137,0.0270641),(-0.0805797,-0.0034897,0.0267068),(-0.0805797,-0.0025250,0.0269251),(-0.0805797,-0.0018137,0.0270641),(-0.0805797,-0.0034897,0.0267068),(-0.0805797,-0.0018137,0.0270641),(-0.0805797,-0.0018445,0.0269825),(-0.0805797,-0.0034897,0.0267068),(-0.0805797,-0.0018445,0.0269825),(-0.0805797,-0.0018841,0.0269058),(-0.0805797,-0.0034897,0.0267068),(-0.0805797,-0.0018841,0.0269058),(-0.0805797,-0.0019325,0.0268342),(-0.0805797,-0.0034897,0.0267068),(-0.0805797,-0.0019325,0.0268342),(-0.0805797,-0.0019896,0.0267675),(-0.0805797,-0.0034897,0.0267068),(-0.0805797,-0.0019896,0.0267675),(-0.0805797,-0.0020556,0.0267057),(-0.0805797,-0.0034897,0.0267068),(-0.0805797,-0.0020556,0.0267057),(-0.0805797,-0.0021283,0.0266499),(-0.0805797,-0.0034897,0.0267068),(-0.0805797,-0.0021283,0.0266499),(-0.0805797,-0.0022054,0.0266015),(-0.0805797,-0.0034897,0.0267068),(-0.0805797,-0.0022054,0.0266015),(-0.0805797,-0.0022870,0.0265606),(-0.0805797,-0.0034897,0.0267068),(-0.0805797,-0.0022870,0.0265606),(-0.0805797,-0.0023731,0.0265271),(-0.0805797,-0.0034897,0.0267068),(-0.0805797,-0.0023731,0.0265271),(-0.0805797,-0.0024637,0.0265011),(-0.0805797,-0.0034897,0.0267068),(-0.0805797,-0.0024637,0.0265011),(-0.0805797,-0.0025589,0.0264825),(-0.0805797,-0.0034897,0.0267068),(-0.0805797,-0.0025589,0.0264825),(-0.0805797,-0.0026585,0.0264713),(-0.0805797,-0.0034897,0.0267068),(-0.0805797,-0.0026585,0.0264713),(-0.0805797,-0.0027626,0.0264676),(-0.0805797,-0.0034897,0.0267068),(-0.0805797,-0.0027626,0.0264676),(-0.0805797,-0.0028668,0.0264713),(-0.0805797,-0.0034897,0.0267068),(-0.0805797,-0.0028668,0.0264713),(-0.0805797,-0.0029672,0.0264825),(-0.0805797,-0.0034897,0.0267068),(-0.0805797,-0.0029672,0.0264825),(-0.0805797,-0.0030638,0.0265012),(-0.0805797,-0.0034897,0.0267068),(-0.0805797,-0.0030638,0.0265012),(-0.0805797,-0.0031566,0.0265274),(-0.0805797,-0.0034897,0.0267068),(-0.0805797,-0.0031566,0.0265274),(-0.0805797,-0.0032455,0.0265610),(-0.0805797,-0.0034897,0.0267068),(-0.0805797,-0.0032455,0.0265610),(-0.0805797,-0.0033307,0.0266021),(-0.0805797,-0.0034897,0.0267068),(-0.0805797,-0.0033307,0.0266021),(-0.0805797,-0.0034121,0.0266507)));
#3298=COMPLEX_TRIANGULATED_SURFACE_SET('surface set',#3297,810,(),(),(),((1,2,3),(4,5,6),(7,8,9),(10,11,12),(13,14,15),(16,17,18),(19,20,21),(22,23,24),(25,26,27),(28,29,30),(31,32,33),(34,35,36),(37,38,39),(40,41,42),(43,44,45),(46,47,48),(49,50,51),(52,53,54),(55,56,57),(58,59,60),(61,62,63),(64,65,66),(67,68,69),(70,71,72),(73,74,75),(76,77,78),(79,80,81),(82,83,84),(85,86,87),(88,89,90),(91,92,93),(94,95,96),(97,98,99),(100,101,102),(103,104,105),(106,107,108),(109,110,111),(112,113,114),(115,116,117),(118,119,120),(121,122,123),(124,125,126),(127,128,129),(130,131,132),(133,134,135),(136,137,138),(139,140,141),(142,143,144),(145,146,147),(148,149,150),(151,152,153),(154,155,156),(157,158,159),(160,161,162),(163,164,165),(166,167,168),(169,170,171),(172,173,174),(175,176,177),(178,179,180),(181,182,183),(184,185,186),(187,188,189),(190,191,192),(193,194,195),(196,197,198),(199,200,201),(202,203,204),(205,206,207),(208,209,210),(211,212,213),(214,215,216),(217,218,219),(220,221,222),(223,224,225),(226,227,228),(229,230,231),(232,233,234),(235,236,237),(238,239,240),(241,242,243),(244,245,246),(247,248,249),(250,251,252),(253,254,255),(256,257,258),(259,260,261),(262,263,264),(265,266,267),(268,269,270),(271,272,273),(274,275,276),(277,278,279),(280,281,282),(283,284,285),(286,287,288),(289,290,291),(292,293,294),(295,296,297),(298,299,300),(301,302,303),(304,305,306),(307,308,309),(310,311,312),(313,314,315),(316,317,318),(319,320,321),(322,323,324),(325,326,327),(328,329,330),(331,332,333),(334,335,336),(337,338,339),(340,341,342),(343,344,345),(346,347,348),(349,350,351),(352,353,354),(355,356,357),(358,359,360),(361,362,363),(364,365,366),(367,368,369),(370,371,372),(373,374,375),(376,377,378),(379,380,381),(382,383,384),(385,386,387),(388,389,390),(391,392,393),(394,395,396),(397,398,399),(400,401,402),(403,404,405),(406,407,408),(409,410,411),(412,413,414),(415,416,417),(418,419,420),(421,422,423),(424,425,426),(427,428,429),(430,431,432),(433,434,435),(436,437,438),(439,440,441),(442,443,444),(445,446,447),(448,449,450),(451,452,453),(454,455,456),(457,458,459),(460,461,462),(463,464,465),(466,467,468),(469,470,471),(472,473,474),(475,476,477),(478,479,480),(481,482,483),(484,485,486),(487,488,489),(490,491,492),(493,494,495),(496,497,498),(499,500,501),(502,503,504),(505,506,507),(508,509,510),(511,512,513),(514,515,516),(517,518,519),(520,521,522),(523,524,525),(526,527,528),(529,530,531),(532,533,534),(535,536,537),(538,539,540),(541,542,543),(544,545,546),(547,548,549),(550,551,552),(553,554,555),(556,557,558),(559,560,561),(562,563,564),(565,566,567),(568,569,570),(571,572,573),(574,575,576),(577,578,579),(580,581,582),(583,584,585),(586,587,588),(589,590,591),(592,593,594),(595,596,597),(598,599,600),(601,602,603),(604,605,606),(607,608,609),(610,611,612),(613,614,615),(616,617,618),(619,620,621),(622,623,624),(625,626,627),(628,629,630),(631,632,633),(634,635,636),(637,638,639),(640,641,642),(643,644,645),(646,647,648),(649,650,651),(652,653,654),(655,656,657),(658,659,660),(661,662,663),(664,665,666),(667,668,669),(670,671,672),(673,674,675),(676,677,678),(679,680,681),(682,683,684),(685,686,687),(688,689,690),(691,692,693),(694,695,696),(697,698,699),(700,701,702),(703,704,705),(706,707,708),(709,710,711),(712,713,714),(715,716,717),(718,719,720),(721,722,723),(724,725,726),(727,728,729),(730,731,732),(733,734,735),(736,737,738),(739,740,741),(742,743,744),(745,746,747),(748,749,750),(751,752,753),(754,755,756),(757,758,759),(760,761,762),(763,764,765),(766,767,768),(769,770,771),(772,773,774),(775,776,777),(778,779,780),(781,782,783),(784,785,786),(787,788,789),(790,791,792),(793,794,795),(796,797,798),(799,800,801),(802,803,804),(805,806,807),(808,809,810)));
#3299=TESSELLATED_GEOMETRIC_SET('linear dimension',(#3298));
#3300=COORDINATES_LIST('coordinates',8,((-0.0805797,-0.0017503,0.0409850),(-0.0805797,-0.0037982,0.0409850),(-0.0805797,-0.0017503,0.0109850),(-0.0805797,-0.0037982,0.0109850),(-0.0805797,-0.0037982,0.0409850),(-0.0805797,-0.0037982,0.0293800),(-0.0805797,-0.0037982,0.0225900),(-0.0805797,-0.0037982,0.0109850)));
#3301=TESSELLATED_CURVE_SET('curve set',#3300,((1,2),(3,4),(5,6),(7,8)));
#3302=TESSELLATED_GEOMETRIC_SET('linear dimension',(#3301));
#3303=TESSELLATED_ANNOTATION_OCCURRENCE('linear dimension',(#3296),#3299);
#3304=TESSELLATED_ANNOTATION_OCCURRENCE('linear dimension',(#3296),#3302);
#3305=DRAUGHTING_CALLOUT('linear dimension',(#3303,#3304));
#3306=DRAUGHTING_MODEL_ITEM_ASSOCIATION('','',#3262,#3292,#3305);
#3307=DRAUGHTING_MODEL_ITEM_ASSOCIATION('','',#3264,#3292,#3305);
#3308=DRAUGHTING_MODEL_ITEM_ASSOCIATION('','',#3266,#3292,#3305);
#3309=SHAPE_ASPECT('DISTANCE.F5R7raA16wibyoY_4',$,#3093,.T.);
#3310=GEOMETRIC_ITEM_SPECIFIC_USAGE('','',#3309,#23,#1794);
#3311=SHAPE_ASPECT('DISTANCE.F5R7raA16wibyoY_4',$,#3093,.T.);
#3312=GEOMETRIC_ITEM_SPECIFIC_USAGE('','',#3311,#23,#1793);
#3313=DIMENSIONAL_LOCATION('linear distance','DISTANCE.F5R7raA16wibyoY_4',#3309,#3311);
#3315=(
LENGTH_UNIT()
NAMED_UNIT(*)
SI_UNIT(.MILLI.,.METRE.)
);
#3316=PRECISION_QUALIFIER(3);
#3314=(
LENGTH_MEASURE_WITH_UNIT()
MEASURE_REPRESENTATION_ITEM()
MEASURE_WITH_UNIT(POSITIVE_LENGTH_MEASURE(30.),#3315)
QUALIFIED_REPRESENTATION_ITEM((#3316))
REPRESENTATION_ITEM('nominal value')
);
#3317=SHAPE_DIMENSION_REPRESENTATION('',(#3314),#3053);
#3318=DIMENSIONAL_CHARACTERISTIC_REPRESENTATION(#3313,#3317);
#3319=PRESENTATION_STYLE_ASSIGNMENT((NULL_STYLE(.NULL.)));
#3320=CARTESIAN_POINT('',(-0.0805797367272693,-0.0497786616906369,0.0259849940732757));
#3321=DIRECTION('',(-1.,0.,0.));
#3322=DIRECTION('',(0.,0.,-1.));
#3323=AXIS2_PLACEMENT_3D('',#3320,#3321,#3322);
#3324=PLANE('',#3323);
#3325=ANNOTATION_PLANE('',(#3319),#3324,(#3352));
#3326=CARTESIAN_POINT('',(0.,0.,0.));
#3327=DIRECTION('',(0.,0.,1.));
#3328=DIRECTION('',(1.,0.,0.));
#3329=AXIS2_PLACEMENT_3D('',#3326,#3327,#3328);
#3330=CARTESIAN_POINT('',(0.,0.,0.));
#3331=DIRECTION('',(0.,0.,1.));
#3332=DIRECTION('',(1.,0.,0.));
#3333=AXIS2_PLACEMENT_3D('',#3330,#3331,#3332);
#3334=SHAPE_REPRESENTATION('',(#3333,#1889),#3053);
#3335=REPRESENTATION_MAP(#3329,#3334);
#3336=MAPPED_ITEM('',#3335,#3329);
#3337=PRESENTATION_STYLE_ASSIGNMENT((NULL_STYLE(.NULL.)));
#3338=STYLED_ITEM('',(#3337),#3336);
#3339=DRAUGHTING_MODEL('',(#3325,#3329,#3336,#3338),#3053);
#3340=DRAUGHTING_PRE_DEFINED_CURVE_FONT('continuous');
#3341=COLOUR_RGB('',0.,0.,0.);
#3342=CURVE_STYLE('',#3340,POSITIVE_LENGTH_MEASURE(0.02),#3341);
#3343=PRESENTATION_STYLE_ASSIGNMENT((#3342));
#3344=COORDINATES_LIST('coordinates',810,((-0.0805797,-0.0506731,0.0383017),(-0.0805797,-0.0497787,0.0409850),(-0.0805797,-0.0488842,0.0383017),(-0.0805797,-0.0488842,0.0136683),(-0.0805797,-0.0497787,0.0109850),(-0.0805797,-0.0506731,0.0136683),(-0.0805797,-0.0489336,0.0235900),(-0.0805797,-0.0506237,0.0235900),(-0.0805797,-0.0507561,0.0235953),(-0.0805797,-0.0489336,0.0235900),(-0.0805797,-0.0507561,0.0235953),(-0.0805797,-0.0508824,0.0236114),(-0.0805797,-0.0489336,0.0235900),(-0.0805797,-0.0508824,0.0236114),(-0.0805797,-0.0510025,0.0236381),(-0.0805797,-0.0489336,0.0235900),(-0.0805797,-0.0510025,0.0236381),(-0.0805797,-0.0511164,0.0236754),(-0.0805797,-0.0489336,0.0235900),(-0.0805797,-0.0511164,0.0236754),(-0.0805797,-0.0512242,0.0237235),(-0.0805797,-0.0489336,0.0235900),(-0.0805797,-0.0512242,0.0237235),(-0.0805797,-0.0513258,0.0237823),(-0.0805797,-0.0489336,0.0235900),(-0.0805797,-0.0513258,0.0237823),(-0.0805797,-0.0514213,0.0238517),(-0.0805797,-0.0489336,0.0235900),(-0.0805797,-0.0514213,0.0238517),(-0.0805797,-0.0515106,0.0239318),(-0.0805797,-0.0489336,0.0235900),(-0.0805797,-0.0515106,0.0239318),(-0.0805797,-0.0515801,0.0240081),(-0.0805797,-0.0489336,0.0235900),(-0.0805797,-0.0515801,0.0240081),(-0.0805797,-0.0516403,0.0240876),(-0.0805797,-0.0489336,0.0235900),(-0.0805797,-0.0516403,0.0240876),(-0.0805797,-0.0516912,0.0241704),(-0.0805797,-0.0516912,0.0241704),(-0.0805797,-0.0517329,0.0242565),(-0.0805797,-0.0517653,0.0243458),(-0.0805797,-0.0516912,0.0241704),(-0.0805797,-0.0517653,0.0243458),(-0.0805797,-0.0517884,0.0244384),(-0.0805797,-0.0516912,0.0241704),(-0.0805797,-0.0517884,0.0244384),(-0.0805797,-0.0518023,0.0245343),(-0.0805797,-0.0516912,0.0241704),(-0.0805797,-0.0518023,0.0245343),(-0.0805797,-0.0518070,0.0246335),(-0.0805797,-0.0516912,0.0241704),(-0.0805797,-0.0518070,0.0246335),(-0.0805797,-0.0518022,0.0247310),(-0.0805797,-0.0516912,0.0241704),(-0.0805797,-0.0518022,0.0247310),(-0.0805797,-0.0517881,0.0248255),(-0.0805797,-0.0516912,0.0241704),(-0.0805797,-0.0517881,0.0248255),(-0.0805797,-0.0517645,0.0249171),(-0.0805797,-0.0516912,0.0241704),(-0.0805797,-0.0517645,0.0249171),(-0.0805797,-0.0517316,0.0250058),(-0.0805797,-0.0516912,0.0241704),(-0.0805797,-0.0517316,0.0250058),(-0.0805797,-0.0516891,0.0250915),(-0.0805797,-0.0516912,0.0241704),(-0.0805797,-0.0516891,0.0250915),(-0.0805797,-0.0516373,0.0251742),(-0.0805797,-0.0516912,0.0241704),(-0.0805797,-0.0516373,0.0251742),(-0.0805797,-0.0515760,0.0252541),(-0.0805797,-0.0516912,0.0241704),(-0.0805797,-0.0515760,0.0252541),(-0.0805797,-0.0515053,0.0253309),(-0.0805797,-0.0515053,0.0253309),(-0.0805797,-0.0512090,0.0250272),(-0.0805797,-0.0512849,0.0249357),(-0.0805797,-0.0515053,0.0253309),(-0.0805797,-0.0512849,0.0249357),(-0.0805797,-0.0513392,0.0248388),(-0.0805797,-0.0516912,0.0241704),(-0.0805797,-0.0515053,0.0253309),(-0.0805797,-0.0513392,0.0248388),(-0.0805797,-0.0516912,0.0241704),(-0.0805797,-0.0513392,0.0248388),(-0.0805797,-0.0513717,0.0247367),(-0.0805797,-0.0516912,0.0241704),(-0.0805797,-0.0513717,0.0247367),(-0.0805797,-0.0513826,0.0246293),(-0.0805797,-0.0516912,0.0241704),(-0.0805797,-0.0513826,0.0246293),(-0.0805797,-0.0513715,0.0245210),(-0.0805797,-0.0516912,0.0241704),(-0.0805797,-0.0513715,0.0245210),(-0.0805797,-0.0513381,0.0244184),(-0.0805797,-0.0516912,0.0241704),(-0.0805797,-0.0513381,0.0244184),(-0.0805797,-0.0512826,0.0243215),(-0.0805797,-0.0516912,0.0241704),(-0.0805797,-0.0512826,0.0243215),(-0.0805797,-0.0512048,0.0242303),(-0.0805797,-0.0516912,0.0241704),(-0.0805797,-0.0512048,0.0242303),(-0.0805797,-0.0510887,0.0241372),(-0.0805797,-0.0516912,0.0241704),(-0.0805797,-0.0510887,0.0241372),(-0.0805797,-0.0509531,0.0240707),(-0.0805797,-0.0516912,0.0241704),(-0.0805797,-0.0509531,0.0240707),(-0.0805797,-0.0508781,0.0240475),(-0.0805797,-0.0489336,0.0235900),(-0.0805797,-0.0516912,0.0241704),(-0.0805797,-0.0508781,0.0240475),(-0.0805797,-0.0489336,0.0235900),(-0.0805797,-0.0508781,0.0240475),(-0.0805797,-0.0507982,0.0240308),(-0.0805797,-0.0489336,0.0235900),(-0.0805797,-0.0507982,0.0240308),(-0.0805797,-0.0507134,0.0240209),(-0.0805797,-0.0489336,0.0235900),(-0.0805797,-0.0507134,0.0240209),(-0.0805797,-0.0506237,0.0240176),(-0.0805797,-0.0489336,0.0235900),(-0.0805797,-0.0506237,0.0240176),(-0.0805797,-0.0489336,0.0240176),(-0.0805797,-0.0489336,0.0235900),(-0.0805797,-0.0489336,0.0240176),(-0.0805797,-0.0488466,0.0240209),(-0.0805797,-0.0489336,0.0235900),(-0.0805797,-0.0488466,0.0240209),(-0.0805797,-0.0487638,0.0240308),(-0.0805797,-0.0489336,0.0235900),(-0.0805797,-0.0487638,0.0240308),(-0.0805797,-0.0486111,0.0240707),(-0.0805797,-0.0489336,0.0235900),(-0.0805797,-0.0486111,0.0240707),(-0.0805797,-0.0484754,0.0241372),(-0.0805797,-0.0489336,0.0235900),(-0.0805797,-0.0484754,0.0241372),(-0.0805797,-0.0483568,0.0242303),(-0.0805797,-0.0510926,0.0251212),(-0.0805797,-0.0512090,0.0250272),(-0.0805797,-0.0515053,0.0253309),(-0.0805797,-0.0509563,0.0251883),(-0.0805797,-0.0510926,0.0251212),(-0.0805797,-0.0515053,0.0253309),(-0.0805797,-0.0508000,0.0252286),(-0.0805797,-0.0509563,0.0251883),(-0.0805797,-0.0515053,0.0253309),(-0.0805797,-0.0507144,0.0252387),(-0.0805797,-0.0508000,0.0252286),(-0.0805797,-0.0515053,0.0253309),(-0.0805797,-0.0506237,0.0252420),(-0.0805797,-0.0507144,0.0252387),(-0.0805797,-0.0515053,0.0253309),(-0.0805797,-0.0489262,0.0252420),(-0.0805797,-0.0506237,0.0252420),(-0.0805797,-0.0515053,0.0253309),(-0.0805797,-0.0489262,0.0252420),(-0.0805797,-0.0515053,0.0253309),(-0.0805797,-0.0514173,0.0254106),(-0.0805797,-0.0488379,0.0252387),(-0.0805797,-0.0489262,0.0252420),(-0.0805797,-0.0514173,0.0254106),(-0.0805797,-0.0488379,0.0252387),(-0.0805797,-0.0514173,0.0254106),(-0.0805797,-0.0513231,0.0254796),(-0.0805797,-0.0488379,0.0252387),(-0.0805797,-0.0513231,0.0254796),(-0.0805797,-0.0512227,0.0255380),(-0.0805797,-0.0487545,0.0252287),(-0.0805797,-0.0488379,0.0252387),(-0.0805797,-0.0512227,0.0255380),(-0.0805797,-0.0487545,0.0252287),(-0.0805797,-0.0512227,0.0255380),(-0.0805797,-0.0511161,0.0255857),(-0.0805797,-0.0487545,0.0252287),(-0.0805797,-0.0511161,0.0255857),(-0.0805797,-0.0510034,0.0256229),(-0.0805797,-0.0487545,0.0252287),(-0.0805797,-0.0510034,0.0256229),(-0.0805797,-0.0508844,0.0256494),(-0.0805797,-0.0487545,0.0252287),(-0.0805797,-0.0508844,0.0256494),(-0.0805797,-0.0507593,0.0256654),(-0.0805797,-0.0486759,0.0252121),(-0.0805797,-0.0487545,0.0252287),(-0.0805797,-0.0507593,0.0256654),(-0.0805797,-0.0486759,0.0252121),(-0.0805797,-0.0507593,0.0256654),(-0.0805797,-0.0506280,0.0256707),(-0.0805797,-0.0486759,0.0252121),(-0.0805797,-0.0506280,0.0256707),(-0.0805797,-0.0489336,0.0256707),(-0.0805797,-0.0486023,0.0251889),(-0.0805797,-0.0486759,0.0252121),(-0.0805797,-0.0489336,0.0256707),(-0.0805797,-0.0484698,0.0251224),(-0.0805797,-0.0486023,0.0251889),(-0.0805797,-0.0489336,0.0256707),(-0.0805797,-0.0483568,0.0250293),(-0.0805797,-0.0484698,0.0251224),(-0.0805797,-0.0489336,0.0256707),(-0.0805797,-0.0483568,0.0250293),(-0.0805797,-0.0489336,0.0256707),(-0.0805797,-0.0489262,0.0256707),(-0.0805797,-0.0483568,0.0250293),(-0.0805797,-0.0489262,0.0256707),(-0.0805797,-0.0487957,0.0256654),(-0.0805797,-0.0482781,0.0249341),(-0.0805797,-0.0483568,0.0250293),(-0.0805797,-0.0487957,0.0256654),(-0.0805797,-0.0482781,0.0249341),(-0.0805797,-0.0487957,0.0256654),(-0.0805797,-0.0486714,0.0256494),(-0.0805797,-0.0482219,0.0248356),(-0.0805797,-0.0482781,0.0249341),(-0.0805797,-0.0486714,0.0256494),(-0.0805797,-0.0482219,0.0248356),(-0.0805797,-0.0486714,0.0256494),(-0.0805797,-0.0485533,0.0256229),(-0.0805797,-0.0482219,0.0248356),(-0.0805797,-0.0485533,0.0256229),(-0.0805797,-0.0484415,0.0255857),(-0.0805797,-0.0481881,0.0247340),(-0.0805797,-0.0482219,0.0248356),(-0.0805797,-0.0484415,0.0255857),(-0.0805797,-0.0481881,0.0247340),(-0.0805797,-0.0484415,0.0255857),(-0.0805797,-0.0483358,0.0255380),(-0.0805797,-0.0481881,0.0247340),(-0.0805797,-0.0483358,0.0255380),(-0.0805797,-0.0482364,0.0254796),(-0.0805797,-0.0481769,0.0246293),(-0.0805797,-0.0481881,0.0247340),(-0.0805797,-0.0482364,0.0254796),(-0.0805797,-0.0481769,0.0246293),(-0.0805797,-0.0482364,0.0254796),(-0.0805797,-0.0481432,0.0254106),(-0.0805797,-0.0481769,0.0246293),(-0.0805797,-0.0481432,0.0254106),(-0.0805797,-0.0480562,0.0253309),(-0.0805797,-0.0481881,0.0245202),(-0.0805797,-0.0481769,0.0246293),(-0.0805797,-0.0480562,0.0253309),(-0.0805797,-0.0481881,0.0245202),(-0.0805797,-0.0480562,0.0253309),(-0.0805797,-0.0479845,0.0252526),(-0.0805797,-0.0481881,0.0245202),(-0.0805797,-0.0479845,0.0252526),(-0.0805797,-0.0479224,0.0251716),(-0.0805797,-0.0482219,0.0244173),(-0.0805797,-0.0481881,0.0245202),(-0.0805797,-0.0479224,0.0251716),(-0.0805797,-0.0482219,0.0244173),(-0.0805797,-0.0479224,0.0251716),(-0.0805797,-0.0478698,0.0250879),(-0.0805797,-0.0482219,0.0244173),(-0.0805797,-0.0478698,0.0250879),(-0.0805797,-0.0478268,0.0250015),(-0.0805797,-0.0482781,0.0243207),(-0.0805797,-0.0482219,0.0244173),(-0.0805797,-0.0478268,0.0250015),(-0.0805797,-0.0482781,0.0243207),(-0.0805797,-0.0478268,0.0250015),(-0.0805797,-0.0477934,0.0249125),(-0.0805797,-0.0482781,0.0243207),(-0.0805797,-0.0477934,0.0249125),(-0.0805797,-0.0477695,0.0248208),(-0.0805797,-0.0483568,0.0242303),(-0.0805797,-0.0482781,0.0243207),(-0.0805797,-0.0477695,0.0248208),(-0.0805797,-0.0489336,0.0235900),(-0.0805797,-0.0483568,0.0242303),(-0.0805797,-0.0477695,0.0248208),(-0.0805797,-0.0489336,0.0235900),(-0.0805797,-0.0477695,0.0248208),(-0.0805797,-0.0477551,0.0247264),(-0.0805797,-0.0489336,0.0235900),(-0.0805797,-0.0477551,0.0247264),(-0.0805797,-0.0477504,0.0246293),(-0.0805797,-0.0489336,0.0235900),(-0.0805797,-0.0477504,0.0246293),(-0.0805797,-0.0477551,0.0245311),(-0.0805797,-0.0489336,0.0235900),(-0.0805797,-0.0477551,0.0245311),(-0.0805797,-0.0477695,0.0244359),(-0.0805797,-0.0489336,0.0235900),(-0.0805797,-0.0477695,0.0244359),(-0.0805797,-0.0477934,0.0243439),(-0.0805797,-0.0489336,0.0235900),(-0.0805797,-0.0477934,0.0243439),(-0.0805797,-0.0478268,0.0242549),(-0.0805797,-0.0489336,0.0235900),(-0.0805797,-0.0478268,0.0242549),(-0.0805797,-0.0478698,0.0241690),(-0.0805797,-0.0489336,0.0235900),(-0.0805797,-0.0478698,0.0241690),(-0.0805797,-0.0479224,0.0240861),(-0.0805797,-0.0489336,0.0235900),(-0.0805797,-0.0479224,0.0240861),(-0.0805797,-0.0479845,0.0240064),(-0.0805797,-0.0489336,0.0235900),(-0.0805797,-0.0479845,0.0240064),(-0.0805797,-0.0480562,0.0239297),(-0.0805797,-0.0489336,0.0235900),(-0.0805797,-0.0480562,0.0239297),(-0.0805797,-0.0481449,0.0238501),(-0.0805797,-0.0489336,0.0235900),(-0.0805797,-0.0481449,0.0238501),(-0.0805797,-0.0482396,0.0237811),(-0.0805797,-0.0489336,0.0235900),(-0.0805797,-0.0482396,0.0237811),(-0.0805797,-0.0483403,0.0237227),(-0.0805797,-0.0489336,0.0235900),(-0.0805797,-0.0483403,0.0237227),(-0.0805797,-0.0484470,0.0236749),(-0.0805797,-0.0489336,0.0235900),(-0.0805797,-0.0484470,0.0236749),(-0.0805797,-0.0485597,0.0236378),(-0.0805797,-0.0489336,0.0235900),(-0.0805797,-0.0485597,0.0236378),(-0.0805797,-0.0486783,0.0236112),(-0.0805797,-0.0489336,0.0235900),(-0.0805797,-0.0486783,0.0236112),(-0.0805797,-0.0488030,0.0235953),(-0.0805797,-0.0495188,0.0267544),(-0.0805797,-0.0495950,0.0266700),(-0.0805797,-0.0496882,0.0265861),(-0.0805797,-0.0495188,0.0267544),(-0.0805797,-0.0496882,0.0265861),(-0.0805797,-0.0497805,0.0265189),(-0.0805797,-0.0495188,0.0267544),(-0.0805797,-0.0497805,0.0265189),(-0.0805797,-0.0498781,0.0264606),(-0.0805797,-0.0495188,0.0267544),(-0.0805797,-0.0498781,0.0264606),(-0.0805797,-0.0499811,0.0264114),(-0.0805797,-0.0495188,0.0267544),(-0.0805797,-0.0499811,0.0264114),(-0.0805797,-0.0500893,0.0263710),(-0.0805797,-0.0495188,0.0267544),(-0.0805797,-0.0500893,0.0263710),(-0.0805797,-0.0502028,0.0263397),(-0.0805797,-0.0495188,0.0267544),(-0.0805797,-0.0502028,0.0263397),(-0.0805797,-0.0503216,0.0263172),(-0.0805797,-0.0495188,0.0267544),(-0.0805797,-0.0503216,0.0263172),(-0.0805797,-0.0504457,0.0263038),(-0.0805797,-0.0495188,0.0267544),(-0.0805797,-0.0504457,0.0263038),(-0.0805797,-0.0505751,0.0262993),(-0.0805797,-0.0495188,0.0267544),(-0.0805797,-0.0505751,0.0262993),(-0.0805797,-0.0507031,0.0263038),(-0.0805797,-0.0495188,0.0267544),(-0.0805797,-0.0507031,0.0263038),(-0.0805797,-0.0508259,0.0263174),(-0.0805797,-0.0495188,0.0267544),(-0.0805797,-0.0508259,0.0263174),(-0.0805797,-0.0509435,0.0263399),(-0.0805797,-0.0495188,0.0267544),(-0.0805797,-0.0509435,0.0263399),(-0.0805797,-0.0510558,0.0263716),(-0.0805797,-0.0495188,0.0267544),(-0.0805797,-0.0510558,0.0263716),(-0.0805797,-0.0511628,0.0264122),(-0.0805797,-0.0495188,0.0267544),(-0.0805797,-0.0511628,0.0264122),(-0.0805797,-0.0512646,0.0264618),(-0.0805797,-0.0495188,0.0267544),(-0.0805797,-0.0512646,0.0264618),(-0.0805797,-0.0513612,0.0265205),(-0.0805797,-0.0495188,0.0267544),(-0.0805797,-0.0513612,0.0265205),(-0.0805797,-0.0514524,0.0265882),(-0.0805797,-0.0495188,0.0267544),(-0.0805797,-0.0514524,0.0265882),(-0.0805797,-0.0515348,0.0266627),(-0.0805797,-0.0515348,0.0266627),(-0.0805797,-0.0516061,0.0267427),(-0.0805797,-0.0516665,0.0268282),(-0.0805797,-0.0515348,0.0266627),(-0.0805797,-0.0516665,0.0268282),(-0.0805797,-0.0517159,0.0269192),(-0.0805797,-0.0515348,0.0266627),(-0.0805797,-0.0517159,0.0269192),(-0.0805797,-0.0517544,0.0270158),(-0.0805797,-0.0515348,0.0266627),(-0.0805797,-0.0517544,0.0270158),(-0.0805797,-0.0517818,0.0271179),(-0.0805797,-0.0515348,0.0266627),(-0.0805797,-0.0517818,0.0271179),(-0.0805797,-0.0517983,0.0272255),(-0.0805797,-0.0515348,0.0266627),(-0.0805797,-0.0517983,0.0272255),(-0.0805797,-0.0518038,0.0273386),(-0.0805797,-0.0515348,0.0266627),(-0.0805797,-0.0518038,0.0273386),(-0.0805797,-0.0517981,0.0274563),(-0.0805797,-0.0515348,0.0266627),(-0.0805797,-0.0517981,0.0274563),(-0.0805797,-0.0517810,0.0275674),(-0.0805797,-0.0515348,0.0266627),(-0.0805797,-0.0517810,0.0275674),(-0.0805797,-0.0517524,0.0276720),(-0.0805797,-0.0515348,0.0266627),(-0.0805797,-0.0517524,0.0276720),(-0.0805797,-0.0517125,0.0277701),(-0.0805797,-0.0515348,0.0266627),(-0.0805797,-0.0517125,0.0277701),(-0.0805797,-0.0516612,0.0278617),(-0.0805797,-0.0515348,0.0266627),(-0.0805797,-0.0516612,0.0278617),(-0.0805797,-0.0515984,0.0279468),(-0.0805797,-0.0515348,0.0266627),(-0.0805797,-0.0515984,0.0279468),(-0.0805797,-0.0515242,0.0280254),(-0.0805797,-0.0515348,0.0266627),(-0.0805797,-0.0515242,0.0280254),(-0.0805797,-0.0514387,0.0280974),(-0.0805797,-0.0515348,0.0266627),(-0.0805797,-0.0514387,0.0280974),(-0.0805797,-0.0513436,0.0281637),(-0.0805797,-0.0515348,0.0266627),(-0.0805797,-0.0513436,0.0281637),(-0.0805797,-0.0512425,0.0282211),(-0.0805797,-0.0512425,0.0282211),(-0.0805797,-0.0511355,0.0282696),(-0.0805797,-0.0510225,0.0283094),(-0.0805797,-0.0512425,0.0282211),(-0.0805797,-0.0510225,0.0283094),(-0.0805797,-0.0509035,0.0283403),(-0.0805797,-0.0512425,0.0282211),(-0.0805797,-0.0509035,0.0283403),(-0.0805797,-0.0507785,0.0283623),(-0.0805797,-0.0512425,0.0282211),(-0.0805797,-0.0507785,0.0283623),(-0.0805797,-0.0506475,0.0283756),(-0.0805797,-0.0512425,0.0282211),(-0.0805797,-0.0506475,0.0283756),(-0.0805797,-0.0505105,0.0283800),(-0.0805797,-0.0512425,0.0282211),(-0.0805797,-0.0505105,0.0283800),(-0.0805797,-0.0504285,0.0283647),(-0.0805797,-0.0512425,0.0282211),(-0.0805797,-0.0504285,0.0283647),(-0.0805797,-0.0503602,0.0283186),(-0.0805797,-0.0512425,0.0282211),(-0.0805797,-0.0503602,0.0283186),(-0.0805797,-0.0503142,0.0282501),(-0.0805797,-0.0512425,0.0282211),(-0.0805797,-0.0503142,0.0282501),(-0.0805797,-0.0502988,0.0281673),(-0.0805797,-0.0512425,0.0282211),(-0.0805797,-0.0502988,0.0281673),(-0.0805797,-0.0503142,0.0280842),(-0.0805797,-0.0512425,0.0282211),(-0.0805797,-0.0503142,0.0280842),(-0.0805797,-0.0503602,0.0280149),(-0.0805797,-0.0512425,0.0282211),(-0.0805797,-0.0503602,0.0280149),(-0.0805797,-0.0504285,0.0279673),(-0.0805797,-0.0512425,0.0282211),(-0.0805797,-0.0504285,0.0279673),(-0.0805797,-0.0505105,0.0279514),(-0.0805797,-0.0512425,0.0282211),(-0.0805797,-0.0505105,0.0279514),(-0.0805797,-0.0506106,0.0279487),(-0.0805797,-0.0512425,0.0282211),(-0.0805797,-0.0506106,0.0279487),(-0.0805797,-0.0507049,0.0279405),(-0.0805797,-0.0512425,0.0282211),(-0.0805797,-0.0507049,0.0279405),(-0.0805797,-0.0507935,0.0279270),(-0.0805797,-0.0512425,0.0282211),(-0.0805797,-0.0507935,0.0279270),(-0.0805797,-0.0508764,0.0279080),(-0.0805797,-0.0512425,0.0282211),(-0.0805797,-0.0508764,0.0279080),(-0.0805797,-0.0510250,0.0278537),(-0.0805797,-0.0512425,0.0282211),(-0.0805797,-0.0510250,0.0278537),(-0.0805797,-0.0511508,0.0277778),(-0.0805797,-0.0512425,0.0282211),(-0.0805797,-0.0511508,0.0277778),(-0.0805797,-0.0512503,0.0276873),(-0.0805797,-0.0512425,0.0282211),(-0.0805797,-0.0512503,0.0276873),(-0.0805797,-0.0513214,0.0275839),(-0.0805797,-0.0512425,0.0282211),(-0.0805797,-0.0513214,0.0275839),(-0.0805797,-0.0513641,0.0274677),(-0.0805797,-0.0515348,0.0266627),(-0.0805797,-0.0512425,0.0282211),(-0.0805797,-0.0513641,0.0274677),(-0.0805797,-0.0515348,0.0266627),(-0.0805797,-0.0513641,0.0274677),(-0.0805797,-0.0513783,0.0273386),(-0.0805797,-0.0515348,0.0266627),(-0.0805797,-0.0513783,0.0273386),(-0.0805797,-0.0513649,0.0272150),(-0.0805797,-0.0515348,0.0266627),(-0.0805797,-0.0513649,0.0272150),(-0.0805797,-0.0513246,0.0271015),(-0.0805797,-0.0515348,0.0266627),(-0.0805797,-0.0513246,0.0271015),(-0.0805797,-0.0512575,0.0269981),(-0.0805797,-0.0515348,0.0266627),(-0.0805797,-0.0512575,0.0269981),(-0.0805797,-0.0511635,0.0269047),(-0.0805797,-0.0515348,0.0266627),(-0.0805797,-0.0511635,0.0269047),(-0.0805797,-0.0510458,0.0268269),(-0.0805797,-0.0515348,0.0266627),(-0.0805797,-0.0510458,0.0268269),(-0.0805797,-0.0509084,0.0267713),(-0.0805797,-0.0515348,0.0266627),(-0.0805797,-0.0509084,0.0267713),(-0.0805797,-0.0508324,0.0267519),(-0.0805797,-0.0515348,0.0266627),(-0.0805797,-0.0508324,0.0267519),(-0.0805797,-0.0507515,0.0267380),(-0.0805797,-0.0515348,0.0266627),(-0.0805797,-0.0507515,0.0267380),(-0.0805797,-0.0506657,0.0267297),(-0.0805797,-0.0515348,0.0266627),(-0.0805797,-0.0506657,0.0267297),(-0.0805797,-0.0505751,0.0267269),(-0.0805797,-0.0495188,0.0267544),(-0.0805797,-0.0515348,0.0266627),(-0.0805797,-0.0505751,0.0267269),(-0.0805797,-0.0495188,0.0267544),(-0.0805797,-0.0505751,0.0267269),(-0.0805797,-0.0504835,0.0267296),(-0.0805797,-0.0495188,0.0267544),(-0.0805797,-0.0504835,0.0267296),(-0.0805797,-0.0503967,0.0267379),(-0.0805797,-0.0495188,0.0267544),(-0.0805797,-0.0503967,0.0267379),(-0.0805797,-0.0502374,0.0267708),(-0.0805797,-0.0495188,0.0267544),(-0.0805797,-0.0502374,0.0267708),(-0.0805797,-0.0500972,0.0268257),(-0.0805797,-0.0495188,0.0267544),(-0.0805797,-0.0500972,0.0268257),(-0.0805797,-0.0499760,0.0269026),(-0.0805797,-0.0495188,0.0267544),(-0.0805797,-0.0499760,0.0269026),(-0.0805797,-0.0498783,0.0269960),(-0.0805797,-0.0495188,0.0267544),(-0.0805797,-0.0498783,0.0269960),(-0.0805797,-0.0498086,0.0271018),(-0.0805797,-0.0494702,0.0267068),(-0.0805797,-0.0495188,0.0267544),(-0.0805797,-0.0498086,0.0271018),(-0.0805797,-0.0494702,0.0267068),(-0.0805797,-0.0498086,0.0271018),(-0.0805797,-0.0497667,0.0272199),(-0.0805797,-0.0494702,0.0267068),(-0.0805797,-0.0497667,0.0272199),(-0.0805797,-0.0497527,0.0273502),(-0.0805797,-0.0494702,0.0267068),(-0.0805797,-0.0497527,0.0273502),(-0.0805797,-0.0497527,0.0274169),(-0.0805797,-0.0494702,0.0267068),(-0.0805797,-0.0497527,0.0274169),(-0.0805797,-0.0497369,0.0274984),(-0.0805797,-0.0494702,0.0267068),(-0.0805797,-0.0497369,0.0274984),(-0.0805797,-0.0496892,0.0275672),(-0.0805797,-0.0494702,0.0267068),(-0.0805797,-0.0496892,0.0275672),(-0.0805797,-0.0496199,0.0276140),(-0.0805797,-0.0494702,0.0267068),(-0.0805797,-0.0496199,0.0276140),(-0.0805797,-0.0495389,0.0276296),(-0.0805797,-0.0494702,0.0267068),(-0.0805797,-0.0495389,0.0276296),(-0.0805797,-0.0494583,0.0276140),(-0.0805797,-0.0494702,0.0267068),(-0.0805797,-0.0494583,0.0276140),(-0.0805797,-0.0493897,0.0275672),(-0.0805797,-0.0494702,0.0267068),(-0.0805797,-0.0493897,0.0275672),(-0.0805797,-0.0493429,0.0274984),(-0.0805797,-0.0494702,0.0267068),(-0.0805797,-0.0493429,0.0274984),(-0.0805797,-0.0493273,0.0274169),(-0.0805797,-0.0494702,0.0267068),(-0.0805797,-0.0493273,0.0274169),(-0.0805797,-0.0493273,0.0273502),(-0.0805797,-0.0494702,0.0267068),(-0.0805797,-0.0493273,0.0273502),(-0.0805797,-0.0493273,0.0273079),(-0.0805797,-0.0494702,0.0267068),(-0.0805797,-0.0493273,0.0273079),(-0.0805797,-0.0493180,0.0272246),(-0.0805797,-0.0494702,0.0267068),(-0.0805797,-0.0493180,0.0272246),(-0.0805797,-0.0492902,0.0271484),(-0.0805797,-0.0494702,0.0267068),(-0.0805797,-0.0492902,0.0271484),(-0.0805797,-0.0492439,0.0270791),(-0.0805797,-0.0494702,0.0267068),(-0.0805797,-0.0492439,0.0270791),(-0.0805797,-0.0491791,0.0270169),(-0.0805797,-0.0494702,0.0267068),(-0.0805797,-0.0491791,0.0270169),(-0.0805797,-0.0490892,0.0269632),(-0.0805797,-0.0494702,0.0267068),(-0.0805797,-0.0490892,0.0269632),(-0.0805797,-0.0489865,0.0269248),(-0.0805797,-0.0494702,0.0267068),(-0.0805797,-0.0489865,0.0269248),(-0.0805797,-0.0488711,0.0269018),(-0.0805797,-0.0494702,0.0267068),(-0.0805797,-0.0488711,0.0269018),(-0.0805797,-0.0487431,0.0268941),(-0.0805797,-0.0494702,0.0267068),(-0.0805797,-0.0487431,0.0268941),(-0.0805797,-0.0486167,0.0269018),(-0.0805797,-0.0494702,0.0267068),(-0.0805797,-0.0486167,0.0269018),(-0.0805797,-0.0485055,0.0269251),(-0.0805797,-0.0486168,0.0278062),(-0.0805797,-0.0487431,0.0278149),(-0.0805797,-0.0488254,0.0278302),(-0.0805797,-0.0486168,0.0278062),(-0.0805797,-0.0488254,0.0278302),(-0.0805797,-0.0488944,0.0278762),(-0.0805797,-0.0485058,0.0277802),(-0.0805797,-0.0486168,0.0278062),(-0.0805797,-0.0488944,0.0278762),(-0.0805797,-0.0485058,0.0277802),(-0.0805797,-0.0488944,0.0278762),(-0.0805797,-0.0489413,0.0279448),(-0.0805797,-0.0485058,0.0277802),(-0.0805797,-0.0489413,0.0279448),(-0.0805797,-0.0489569,0.0280276),(-0.0805797,-0.0484099,0.0277369),(-0.0805797,-0.0485058,0.0277802),(-0.0805797,-0.0489569,0.0280276),(-0.0805797,-0.0484099,0.0277369),(-0.0805797,-0.0489569,0.0280276),(-0.0805797,-0.0489413,0.0281096),(-0.0805797,-0.0484099,0.0277369),(-0.0805797,-0.0489413,0.0281096),(-0.0805797,-0.0488944,0.0281779),(-0.0805797,-0.0483293,0.0276762),(-0.0805797,-0.0484099,0.0277369),(-0.0805797,-0.0488944,0.0281779),(-0.0805797,-0.0483293,0.0276762),(-0.0805797,-0.0488944,0.0281779),(-0.0805797,-0.0488254,0.0282239),(-0.0805797,-0.0482645,0.0276047),(-0.0805797,-0.0483293,0.0276762),(-0.0805797,-0.0488254,0.0282239),(-0.0805797,-0.0482645,0.0276047),(-0.0805797,-0.0488254,0.0282239),(-0.0805797,-0.0487431,0.0282392),(-0.0805797,-0.0482645,0.0276047),(-0.0805797,-0.0487431,0.0282392),(-0.0805797,-0.0486385,0.0282353),(-0.0805797,-0.0482645,0.0276047),(-0.0805797,-0.0486385,0.0282353),(-0.0805797,-0.0485385,0.0282233),(-0.0805797,-0.0482181,0.0275246),(-0.0805797,-0.0482645,0.0276047),(-0.0805797,-0.0485385,0.0282233),(-0.0805797,-0.0482181,0.0275246),(-0.0805797,-0.0485385,0.0282233),(-0.0805797,-0.0484431,0.0282034),(-0.0805797,-0.0482181,0.0275246),(-0.0805797,-0.0484431,0.0282034),(-0.0805797,-0.0483523,0.0281755),(-0.0805797,-0.0481904,0.0274359),(-0.0805797,-0.0482181,0.0275246),(-0.0805797,-0.0483523,0.0281755),(-0.0805797,-0.0481904,0.0274359),(-0.0805797,-0.0483523,0.0281755),(-0.0805797,-0.0482661,0.0281396),(-0.0805797,-0.0481904,0.0274359),(-0.0805797,-0.0482661,0.0281396),(-0.0805797,-0.0481845,0.0280958),(-0.0805797,-0.0481811,0.0273386),(-0.0805797,-0.0481904,0.0274359),(-0.0805797,-0.0481845,0.0280958),(-0.0805797,-0.0481811,0.0273386),(-0.0805797,-0.0481845,0.0280958),(-0.0805797,-0.0481075,0.0280440),(-0.0805797,-0.0481903,0.0272447),(-0.0805797,-0.0481811,0.0273386),(-0.0805797,-0.0481075,0.0280440),(-0.0805797,-0.0481903,0.0272447),(-0.0805797,-0.0481075,0.0280440),(-0.0805797,-0.0480351,0.0279842),(-0.0805797,-0.0481903,0.0272447),(-0.0805797,-0.0480351,0.0279842),(-0.0805797,-0.0479693,0.0279183),(-0.0805797,-0.0482179,0.0271600),(-0.0805797,-0.0481903,0.0272447),(-0.0805797,-0.0479693,0.0279183),(-0.0805797,-0.0482179,0.0271600),(-0.0805797,-0.0479693,0.0279183),(-0.0805797,-0.0479124,0.0278482),(-0.0805797,-0.0482179,0.0271600),(-0.0805797,-0.0479124,0.0278482),(-0.0805797,-0.0478642,0.0277738),(-0.0805797,-0.0482179,0.0271600),(-0.0805797,-0.0478642,0.0277738),(-0.0805797,-0.0478247,0.0276953),(-0.0805797,-0.0482639,0.0270844),(-0.0805797,-0.0482179,0.0271600),(-0.0805797,-0.0478247,0.0276953),(-0.0805797,-0.0482639,0.0270844),(-0.0805797,-0.0478247,0.0276953),(-0.0805797,-0.0477940,0.0276124),(-0.0805797,-0.0482639,0.0270844),(-0.0805797,-0.0477940,0.0276124),(-0.0805797,-0.0477721,0.0275254),(-0.0805797,-0.0483282,0.0270179),(-0.0805797,-0.0482639,0.0270844),(-0.0805797,-0.0477721,0.0275254),(-0.0805797,-0.0483282,0.0270179),(-0.0805797,-0.0477721,0.0275254),(-0.0805797,-0.0477590,0.0274341),(-0.0805797,-0.0483282,0.0270179),(-0.0805797,-0.0477590,0.0274341),(-0.0805797,-0.0477546,0.0273386),(-0.0805797,-0.0484093,0.0269638),(-0.0805797,-0.0483282,0.0270179),(-0.0805797,-0.0477546,0.0273386),(-0.0805797,-0.0484093,0.0269638),(-0.0805797,-0.0477546,0.0273386),(-0.0805797,-0.0477590,0.0272421),(-0.0805797,-0.0484093,0.0269638),(-0.0805797,-0.0477590,0.0272421),(-0.0805797,-0.0477722,0.0271506),(-0.0805797,-0.0485055,0.0269251),(-0.0805797,-0.0484093,0.0269638),(-0.0805797,-0.0477722,0.0271506),(-0.0805797,-0.0485055,0.0269251),(-0.0805797,-0.0477722,0.0271506),(-0.0805797,-0.0477942,0.0270641),(-0.0805797,-0.0494702,0.0267068),(-0.0805797,-0.0485055,0.0269251),(-0.0805797,-0.0477942,0.0270641),(-0.0805797,-0.0494702,0.0267068),(-0.0805797,-0.0477942,0.0270641),(-0.0805797,-0.0478250,0.0269825),(-0.0805797,-0.0494702,0.0267068),(-0.0805797,-0.0478250,0.0269825),(-0.0805797,-0.0478646,0.0269058),(-0.0805797,-0.0494702,0.0267068),(-0.0805797,-0.0478646,0.0269058),(-0.0805797,-0.0479130,0.0268342),(-0.0805797,-0.0494702,0.0267068),(-0.0805797,-0.0479130,0.0268342),(-0.0805797,-0.0479701,0.0267675),(-0.0805797,-0.0494702,0.0267068),(-0.0805797,-0.0479701,0.0267675),(-0.0805797,-0.0480361,0.0267057),(-0.0805797,-0.0494702,0.0267068),(-0.0805797,-0.0480361,0.0267057),(-0.0805797,-0.0481087,0.0266499),(-0.0805797,-0.0494702,0.0267068),(-0.0805797,-0.0481087,0.0266499),(-0.0805797,-0.0481859,0.0266015),(-0.0805797,-0.0494702,0.0267068),(-0.0805797,-0.0481859,0.0266015),(-0.0805797,-0.0482675,0.0265606),(-0.0805797,-0.0494702,0.0267068),(-0.0805797,-0.0482675,0.0265606),(-0.0805797,-0.0483536,0.0265271),(-0.0805797,-0.0494702,0.0267068),(-0.0805797,-0.0483536,0.0265271),(-0.0805797,-0.0484442,0.0265011),(-0.0805797,-0.0494702,0.0267068),(-0.0805797,-0.0484442,0.0265011),(-0.0805797,-0.0485394,0.0264825),(-0.0805797,-0.0494702,0.0267068),(-0.0805797,-0.0485394,0.0264825),(-0.0805797,-0.0486390,0.0264713),(-0.0805797,-0.0494702,0.0267068),(-0.0805797,-0.0486390,0.0264713),(-0.0805797,-0.0487431,0.0264676),(-0.0805797,-0.0494702,0.0267068),(-0.0805797,-0.0487431,0.0264676),(-0.0805797,-0.0488473,0.0264713),(-0.0805797,-0.0494702,0.0267068),(-0.0805797,-0.0488473,0.0264713),(-0.0805797,-0.0489477,0.0264825),(-0.0805797,-0.0494702,0.0267068),(-0.0805797,-0.0489477,0.0264825),(-0.0805797,-0.0490443,0.0265012),(-0.0805797,-0.0494702,0.0267068),(-0.0805797,-0.0490443,0.0265012),(-0.0805797,-0.0491370,0.0265274),(-0.0805797,-0.0494702,0.0267068),(-0.0805797,-0.0491370,0.0265274),(-0.0805797,-0.0492260,0.0265610),(-0.0805797,-0.0494702,0.0267068),(-0.0805797,-0.0492260,0.0265610),(-0.0805797,-0.0493112,0.0266021),(-0.0805797,-0.0494702,0.0267068),(-0.0805797,-0.0493112,0.0266021),(-0.0805797,-0.0493926,0.0266507)));
#3345=COMPLEX_TRIANGULATED_SURFACE_SET('surface set',#3344,810,(),(),(),((1,2,3),(4,5,6),(7,8,9),(10,11,12),(13,14,15),(16,17,18),(19,20,21),(22,23,24),(25,26,27),(28,29,30),(31,32,33),(34,35,36),(37,38,39),(40,41,42),(43,44,45),(46,47,48),(49,50,51),(52,53,54),(55,56,57),(58,59,60),(61,62,63),(64,65,66),(67,68,69),(70,71,72),(73,74,75),(76,77,78),(79,80,81),(82,83,84),(85,86,87),(88,89,90),(91,92,93),(94,95,96),(97,98,99),(100,101,102),(103,104,105),(106,107,108),(109,110,111),(112,113,114),(115,116,117),(118,119,120),(121,122,123),(124,125,126),(127,128,129),(130,131,132),(133,134,135),(136,137,138),(139,140,141),(142,143,144),(145,146,147),(148,149,150),(151,152,153),(154,155,156),(157,158,159),(160,161,162),(163,164,165),(166,167,168),(169,170,171),(172,173,174),(175,176,177),(178,179,180),(181,182,183),(184,185,186),(187,188,189),(190,191,192),(193,194,195),(196,197,198),(199,200,201),(202,203,204),(205,206,207),(208,209,210),(211,212,213),(214,215,216),(217,218,219),(220,221,222),(223,224,225),(226,227,228),(229,230,231),(232,233,234),(235,236,237),(238,239,240),(241,242,243),(244,245,246),(247,248,249),(250,251,252),(253,254,255),(256,257,258),(259,260,261),(262,263,264),(265,266,267),(268,269,270),(271,272,273),(274,275,276),(277,278,279),(280,281,282),(283,284,285),(286,287,288),(289,290,291),(292,293,294),(295,296,297),(298,299,300),(301,302,303),(304,305,306),(307,308,309),(310,311,312),(313,314,315),(316,317,318),(319,320,321),(322,323,324),(325,326,327),(328,329,330),(331,332,333),(334,335,336),(337,338,339),(340,341,342),(343,344,345),(346,347,348),(349,350,351),(352,353,354),(355,356,357),(358,359,360),(361,362,363),(364,365,366),(367,368,369),(370,371,372),(373,374,375),(376,377,378),(379,380,381),(382,383,384),(385,386,387),(388,389,390),(391,392,393),(394,395,396),(397,398,399),(400,401,402),(403,404,405),(406,407,408),(409,410,411),(412,413,414),(415,416,417),(418,419,420),(421,422,423),(424,425,426),(427,428,429),(430,431,432),(433,434,435),(436,437,438),(439,440,441),(442,443,444),(445,446,447),(448,449,450),(451,452,453),(454,455,456),(457,458,459),(460,461,462),(463,464,465),(466,467,468),(469,470,471),(472,473,474),(475,476,477),(478,479,480),(481,482,483),(484,485,486),(487,488,489),(490,491,492),(493,494,495),(496,497,498),(499,500,501),(502,503,504),(505,506,507),(508,509,510),(511,512,513),(514,515,516),(517,518,519),(520,521,522),(523,524,525),(526,527,528),(529,530,531),(532,533,534),(535,536,537),(538,539,540),(541,542,543),(544,545,546),(547,548,549),(550,551,552),(553,554,555),(556,557,558),(559,560,561),(562,563,564),(565,566,567),(568,569,570),(571,572,573),(574,575,576),(577,578,579),(580,581,582),(583,584,585),(586,587,588),(589,590,591),(592,593,594),(595,596,597),(598,599,600),(601,602,603),(604,605,606),(607,608,609),(610,611,612),(613,614,615),(616,617,618),(619,620,621),(622,623,624),(625,626,627),(628,629,630),(631,632,633),(634,635,636),(637,638,639),(640,641,642),(643,644,645),(646,647,648),(649,650,651),(652,653,654),(655,656,657),(658,659,660),(661,662,663),(664,665,666),(667,668,669),(670,671,672),(673,674,675),(676,677,678),(679,680,681),(682,683,684),(685,686,687),(688,689,690),(691,692,693),(694,695,696),(697,698,699),(700,701,702),(703,704,705),(706,707,708),(709,710,711),(712,713,714),(715,716,717),(718,719,720),(721,722,723),(724,725,726),(727,728,729),(730,731,732),(733,734,735),(736,737,738),(739,740,741),(742,743,744),(745,746,747),(748,749,750),(751,752,753),(754,755,756),(757,758,759),(760,761,762),(763,764,765),(766,767,768),(769,770,771),(772,773,774),(775,776,777),(778,779,780),(781,782,783),(784,785,786),(787,788,789),(790,791,792),(793,794,795),(796,797,798),(799,800,801),(802,803,804),(805,806,807),(808,809,810)));
#3346=TESSELLATED_GEOMETRIC_SET('linear dimension',(#3345));
#3347=COORDINATES_LIST('coordinates',8,((-0.0805797,-0.0478362,0.0409850),(-0.0805797,-0.0497787,0.0409850),(-0.0805797,-0.0478362,0.0109850),(-0.0805797,-0.0497787,0.0109850),(-0.0805797,-0.0497787,0.0409850),(-0.0805797,-0.0497787,0.0293800),(-0.0805797,-0.0497787,0.0225900),(-0.0805797,-0.0497787,0.0109850)));
#3348=TESSELLATED_CURVE_SET('curve set',#3347,((1,2),(3,4),(5,6),(7,8)));
#3349=TESSELLATED_GEOMETRIC_SET('linear dimension',(#3348));
#3350=TESSELLATED_ANNOTATION_OCCURRENCE('linear dimension',(#3343),#3346);
#3351=TESSELLATED_ANNOTATION_OCCURRENCE('linear dimension',(#3343),#3349);
#3352=DRAUGHTING_CALLOUT('linear dimension',(#3350,#3351));
#3353=DRAUGHTING_MODEL_ITEM_ASSOCIATION('','',#3309,#3339,#3352);
#3354=DRAUGHTING_MODEL_ITEM_ASSOCIATION('','',#3311,#3339,#3352);
#3355=DRAUGHTING_MODEL_ITEM_ASSOCIATION('','',#3313,#3339,#3352);
ENDSEC;
END-ISO-10303-21;
